Random,Date,Hour,Cloud coverage,Visibility,Temperature,Dew point,Relative humidity,Wind speed,Station pressure,Altimeter,Solar energy,(Inverter),
0.580677501,01-02-2017,12,1,1.85,6.97,6.9,98.24,10.92,29.18,29.97,449.25,,
0.911421296,02-07-2016,9,0,10,3.96,-0.61,70.2,17.96,29.12,29.91,3165.5,,
0.588088119,2-22-2016,9,0.04,10,2.99,-1.34,71.04,10.57,29.37,30.17,2637,,
0.291086165,10-03-2017,8,1,10,21.6,17.14,72.8,11.84,29.53,30.33,710.25,,
0.072473033,2-27-2017,7,1,10,2.75,0.7,85.4,6.64,29.37,30.17,680.5,,
0.79644507,5-25-2016,6,0,10,20.08,17.37,86.04,8.04,29.26,30.05,273.95,,
0.552914558,4-25-2017,13,0,10,26.22,9.53,32.68,19.68,28.85,29.63,4692,,
0.382002851,6-23-2016,10,0.53,10,30.03,24.38,69.92,9.48,29.09,29.88,3000,,
0.453133124,5-28-2017,14,0.73,10,25.62,16.38,55.28,17.2,28.97,29.76,3040.5,,
0.003720129,04-11-2016,7,0.45,7.97,10.1,8.58,88.27,10.18,29.1,29.89,297.75,,
0.073523253,10-10-2016,10,0,10,20.94,10.2,49.96,3.96,29.55,30.35,3481.25,,
0.919263402,6-19-2016,17,0.14,10,31.03,21.62,54.56,7.4,29.36,30.16,1913.5,,
0.838727077,9-18-2016,17,0,10,26.77,12.52,38.8,0.96,29.17,29.96,1115.5,,
0.150766545,4-20-2016,14,0.99,10,18.91,12.68,66.12,12.6,29.21,30,1166.25,,
0.938102673,3-14-2016,15,0.92,10,14.27,12.51,83.96,6.64,28.92,29.7,1068.5,,
0.71624379,6-19-2017,8,0.43,10,23.35,16.43,65.6,10.32,29.11,29.9,784,,
0.257882278,9-19-2016,14,0,10,30.46,11.92,30.4,9.72,29.25,30.04,4069.5,,
0.386175459,5-24-2016,9,0,10,26,11.9,38.36,11.16,29.25,30.04,3056,,
0.105837263,03-07-2017,17,0,10,9.81,-0.8,45.36,12.32,29.24,30.03,205.63,,
0.530216825,6-22-2017,9,0.96,10,27.64,22.48,72.39,9.8,29.11,29.9,836.25,,
0.890902971,4-15-2016,10,0,10,20.15,2.15,28.96,9.36,29.39,30.19,3422,,
0.570044758,06-05-2017,6,0,8.84,21.34,18.84,87.44,5.48,28.98,29.77,351,,
0.30777494,4-21-2016,8,1,3.2,15.15,14.8,96.84,6.08,29.09,29.88,547.5,,
0.341119643,3-31-2017,17,0.11,6.48,5.73,4.58,27.4,11.67,10.03,29.95,182.5,,
0.967828106,09-11-2017,9,0,10,19.56,11.18,58.36,7.6,29.46,30.26,2790.5,,
0.129753985,06-06-2017,14,0.28,10,25.89,7.49,30.28,18.16,29.18,29.97,4632.75,,
0.791285803,9-17-2017,16,1,10,25.96,17.35,58.36,8.52,29.27,30.06,996,,
0.821459694,11-04-2016,14,0,10,16.12,6.28,51.08,5.16,29.61,30.41,3642.75,,
0.532549868,12-04-2016,7,1,8.04,0.86,-0.29,88.72,7.36,29.33,30.12,41.45,,
0.593368246,01-01-2017,6,0,8.92,-6.49,-6.87,91.68,4.16,29.3,30.09,0,,
0.490480988,6-18-2016,14,0.58,10,29.91,14.02,33.41,7.94,29.4,30.2,4083.25,,
0.574424741,2-25-2016,6,1,10,0.71,-1.22,84.56,12.59,29.05,29.85,5.8,,
0.660233493,12-03-2016,17,0.96,10,0.74,-1.68,79,7.28,29.51,30.31,0,,
0.626591735,04-08-2016,13,0.83,10,6.82,-0.67,58.32,24.72,29.08,29.87,2360,,
0.830480807,03-11-2017,15,0,10,0.91,-18.01,22.32,7.28,29.64,30.44,1597.75,,
0.100603699,2-26-2017,16,0.16,10,7.61,-7.05,34.2,22.64,29.25,30.04,332,,
0.058090091,7-16-2017,12,0.62,10,29.09,21.84,61.72,6,29.19,29.98,4488,,
0.387012358,07-05-2016,14,0.58,10,28.62,21.95,67,8.53,29.14,29.93,3872.75,,
0.380076711,12-06-2016,8,1,2.81,1.54,1.02,95.23,6.22,28.96,29.75,215.25,,
0.283020484,03-01-2016,13,1,8.08,0.04,-0.7,90.4,24.52,28.96,29.75,491.25,,
0.430759391,12-04-2016,8,1,6.92,1.23,-0.13,88.47,9.08,29.3,30.1,221.25,,
0.373487645,9-20-2016,12,0.44,10,31.05,19.7,49.28,4.28,29.34,30.13,4112,,
0.29211641,6-20-2016,14,0.63,10,32.74,21.28,49.24,14.28,29.29,30.08,3622.25,,
0.839661393,05-11-2016,17,0.14,10,19.69,17.24,85.08,7.36,29.15,29.94,280.5,,
0.152902905,10-07-2017,13,0.39,10,28.8,15.83,45.88,22.16,28.82,29.6,2590.25,,
0.929666387,4-19-2017,10,0.02,10,26.03,17.38,21.38,12.4,8.53,30.07,0,,
0.970595017,11-27-2016,14,0.99,4.77,5.8,4.59,89.89,16.65,29.18,29.97,644.25,,
0.124884306,1-25-2017,14,1,10,5.7,3.29,79.96,18.28,28.78,29.56,340.5,,
0.856442592,12-16-2016,15,1,10,-4.42,-11.23,57.34,16.69,29.12,29.91,78.7,,
0.018904875,06-11-2017,16,0,10,31.69,15.83,36.6,16.16,29.17,29.96,2959.5,,
0.777453585,05-08-2016,11,1,10,12.99,9.22,79.88,8.4,29.18,29.97,838,,
0.04472761,06-03-2017,9,0.14,10,28.99,13.74,37.08,0,29.27,30.06,3002.75,,
0.213551662,6-30-2016,14,0.82,10,24.88,15.65,57.04,7.8,29.2,29.99,3492,,
0.154361766,9-18-2016,10,0,10,25.21,13.89,48.2,4.36,29.23,30.02,3904.5,,
0.791896469,05-07-2016,9,0.99,10,20.44,13.88,71.65,13.12,29.02,29.81,878.75,,
0.066378719,6-28-2017,11,0.28,10,25.9,16.29,54.48,15.28,29.22,30.01,1061.5,,
0.973575124,07-08-2016,8,0.02,10,26.14,23.38,82.24,5.4,29.1,29.89,1356.5,,
0.75882214,10-06-2016,17,0,10,25.26,17.41,57.72,4.68,29.24,30.03,358.75,,
0.23770324,06-09-2017,6,0,10,20.3,11.09,54.44,8.96,29.09,29.88,286.5,,
0.794779187,11-19-2016,6,1,10,2.32,-1.39,72.76,24.32,29.34,30.13,0.85,,
0.794422417,09-02-2016,6,0,10,14.73,13.79,88.92,6.4,29.43,30.23,47.03,,
0.6544569,06-06-2016,11,0,10,28.14,8.53,28.8,20.12,28.93,29.72,4418.25,,
0.955433034,04-05-2017,8,0.97,9.04,8.11,7.41,95.72,21.2,28.88,29.67,504.5,,
0.902513505,05-09-2016,16,1,7.36,18.66,18.04,91.68,14.08,29.08,29.87,299.25,,
0.565283517,01-04-2017,8,0,10,-9.36,-12.72,73.04,18.64,29.32,30.12,1221,,
0.232933778,10-19-2016,15,1,10,17.66,13.37,73.24,7.76,29.23,30.02,300.75,,
0.184373039,8-14-2017,7,0.14,10,20.39,17.47,83.24,0.96,29.12,29.91,726.5,,
0.398090553,3-31-2017,13,1,8.08,5.61,4.45,88.88,13.8,29.08,29.87,727,,
0.534985665,6-25-2016,13,0.41,10,31.81,22.39,56.24,8.59,29.27,30.06,4323.75,,
0.330488918,09-11-2016,17,0,10,23.34,12.76,50.8,3.88,29.34,30.14,1275.5,,
0.891513435,8-20-2016,8,1,3.72,23.83,23.33,95.79,11.07,28.92,29.7,213.75,,
0.22356127,01-08-2017,11,0,9.96,-11.32,-17.62,58,4.4,29.91,30.72,2863.75,,
0.653074907,10-15-2017,17,1,10,12.77,6.38,65.72,10.2,29.41,30.21,114.03,,
0.255356118,5-25-2017,13,1,9.96,17.54,13.86,77.88,14.6,28.9,29.68,2011.5,,
0.021131084,10-28-2017,12,1,10,4.78,0.5,73.76,13.68,29.14,29.93,854.25,,
0.596591867,9-19-2016,7,0,10,16.87,15.36,87,0,29.3,30.09,549.5,,
0.547537453,4-24-2016,6,0.53,1.75,9.87,9.8,99.58,6.28,29.26,30.06,155.6,,
0.815238743,4-23-2016,8,0.52,10,10,6.81,75.8,2.08,29.39,30.19,1006.75,,
0.664240832,2-22-2016,12,0.76,10,6.02,-0.14,63.52,3.8,29.36,30.16,2792,,
0.145644921,04-12-2016,9,0,10,6.79,-3.04,48.92,9.48,29.57,30.37,3572.75,,
0.744680762,5-31-2016,11,0.28,10,28.35,15.62,40.12,10.76,29.18,29.97,2175.25,,
0.716768147,10-28-2017,16,1,10,3.77,0,75.64,8.28,29.16,29.95,126.78,,
0.671654082,4-29-2016,16,0.35,9.81,14.67,8.99,38.85,6.89,15.96,30.06,1732.5,,
0.953519418,3-21-2017,10,0.7,10,11.24,3.4,61.96,10.76,29.4,30.2,2659.5,,
0.374091643,08-01-2016,17,0,10,27.22,20.6,63,8,29.19,30.01,1503.5,,
0.516906075,05-12-2017,6,0,10,11.54,9.08,82.88,7.04,29.16,29.95,0,,
0.23846104,09-12-2016,8,0,10,19.36,15.17,76.64,5.36,29.36,30.16,1874.25,,
0.031417193,11-17-2016,11,0,10,20.16,11.94,57.56,16.32,29.07,29.86,3041.75,,
0.196147399,04-11-2016,13,0,10,10.06,2.54,58.76,18.64,29.19,29.98,3986.75,,
0.49949618,9-20-2016,6,0.48,9.96,17.13,16.74,92.88,0.24,29.34,30.14,16.81,,
0.943833626,9-20-2016,11,0.64,10,30.15,19.92,52.24,5.68,29.34,30.14,3406,,
0.500228638,8-18-2016,12,0.82,10,28.93,23.06,70.08,8.32,29.27,30.06,3420.25,,
0.727588347,5-25-2016,16,0,10,28.71,16.96,49.84,21.4,29.13,29.92,1676.25,,
0.104708343,10-08-2017,6,0.93,0.56,11.1,10.85,96.97,1.26,29.06,29.86,0.69,,
0.520940772,04-07-2017,7,0,10,3.96,-1.03,70.64,14.2,29.32,30.11,687.75,,
0.408477187,5-24-2016,12,0,10,29.06,10.24,28.53,18.23,29.21,30,4022.5,,
0.535534009,2-16-2016,15,0.96,7.08,2.35,-1.02,81.64,7.32,29.05,29.84,2020.5,,
0.231308485,07-04-2016,8,1,2.13,19.33,19.18,97.74,5.63,29.11,29.91,419.25,,
0.577250115,1-28-2017,11,1,9.96,0.05,-2.54,82.56,15.56,29.04,29.83,1952.75,,
0.186702723,3-17-2016,7,0,10,6.74,1.3,65.23,9.52,29.14,29.93,306.65,,
0.9171321,10-02-2017,12,0.17,10,27.9,10.66,33.84,13.64,29.38,30.18,3858.25,,
0.803047538,04-12-2017,15,0,10,19.41,3.59,35.16,5.68,29.52,30.32,3690.25,,
0.251863524,04-09-2016,15,0,10,4.11,-7.84,40.56,2.8,29.44,30.24,4236.5,,
0.906229472,03-01-2016,10,1,9.96,8.28,5.5,78.29,12.69,28.87,29.65,564.75,,
0.439174371,8-14-2017,13,0.65,10,28.22,17.33,49.72,6.92,29.07,29.86,3721.75,,
0.525362501,3-18-2016,8,0,10,5.2,-1.9,60.24,9.68,29.3,30.09,1406.5,,
0.389837718,08-03-2017,15,0.51,8.07,22.95,20.25,83.8,6.28,29.13,29.93,259.5,,
0.408363537,06-04-2017,11,0.42,10,30.28,18.14,46.2,6.44,29.09,29.88,3570.75,,
0.443689496,05-09-2016,6,1,6.96,12.69,11.58,91.08,13.04,29.13,29.92,54.3,,
0.124226486,06-08-2017,7,0,10,20.13,9.73,49.76,2.68,29.27,30.06,1177.75,,
0.87354986,10-01-2017,14,0,10,23.81,3.76,26,10.56,29.31,30.11,3937.75,,
0.62924041,4-30-2016,16,0.38,2.15,15.13,14.37,49.67,8.84,15.87,29.8,185.75,,
0.09790874,11-13-2016,17,0,10,7.04,0.84,57.12,6.44,29.31,30.1,0,,
0.614988335,5-29-2017,12,0.01,10,27.57,6.94,25.36,17.56,29.1,29.89,3883,,
0.008581286,04-02-2016,12,0.55,10,8.83,-3.13,45.08,41.56,28.91,29.7,3120,,
0.504276638,8-23-2016,9,0,10,23.91,18.66,70.8,9.68,29.46,30.26,2981.5,,
0.620948164,6-27-2016,8,0,10,27.37,20.34,64.52,7.24,29.31,30.1,2221.25,,
0.68401429,9-15-2016,16,0.25,10,27.51,18.91,57.04,6.04,29.31,30.1,1472.25,,
0.654257796,4-15-2017,12,0.62,10,26.64,13.43,44.08,22.8,29.23,30.02,4722.5,,
0.558366606,6-23-2016,14,0.01,10,28.03,15.91,47.29,10.88,29.09,29.88,4191.75,,
0.005196039,2-21-2016,14,0.9,10,9.03,3.36,70.35,14.84,29.28,30.07,2739.75,,
0.011460892,10-01-2016,10,1,5.89,16.58,15.3,90.43,5.71,29.24,30.03,655.5,,
0.722282025,11-27-2016,16,0.92,6.4,6.57,5.16,87.68,11.48,29.13,29.92,9.92,,
0.709438418,09-02-2017,11,0,10,20.38,10.81,53.56,7.76,29.26,30.05,4676,,
0.93545791,10-15-2016,7,1,2.17,15.95,15.87,97.23,10.18,29.31,30.1,26.98,,
0.953771046,8-30-2016,16,0.14,10,26.65,23.46,40.45,7.12,15.44,30.07,1234,,
0.657211839,10-13-2017,15,0,10,25.27,14.62,51.04,10.44,29.29,30.08,2807.5,,
0.579957893,03-05-2016,14,1,10,6.44,2.23,70.76,15.08,29.33,30.12,551.75,,
0.643721421,6-20-2017,15,0.43,10,30.02,12.63,33.56,12.72,29.12,29.91,1059.5,,
0.841828169,7-18-2017,7,0,10,22.02,16.67,66.6,0.2,29.29,30.08,816.75,,
0.194478871,03-09-2016,6,0.91,10,15.11,12.76,83.88,10.68,29.11,29.9,60.13,,
0.357078742,5-19-2017,14,1,10,14.02,12.39,91.51,13.19,29.21,30,2230.75,,
0.817477911,11-29-2016,13,0.46,10,13.8,9.8,75.64,15.84,28.77,29.55,1798.25,,
0.749060187,3-13-2016,13,1,9.72,16.53,15.41,91.72,6.53,28.9,29.69,941.25,,
0.964383419,10-13-2016,12,0,10,13.35,4.39,52.92,1.28,29.51,30.31,4720.25,,
0.825391594,4-18-2016,15,0,10,27.39,3.18,19.36,8.44,29.41,30.21,3432.5,,
0.794445349,01-08-2017,9,0,10,-13.93,-17.34,70.12,0,29.94,30.75,1433.75,,
0.670086194,10-25-2016,14,0.4,10,15.18,4.25,48.44,7.76,29.52,30.32,1598.5,,
0.585638206,07-06-2017,15,0.56,10,30.55,21.54,56.8,1.16,29.19,29.98,731.75,,
0.503139184,12-06-2016,7,1,4.55,1.58,1.07,93.82,6.41,28.95,29.74,18.93,,
0.397841278,05-03-2017,15,1,10,10.49,6.54,68.8,7.04,29.3,30.09,1029.25,,
0.475958834,10-12-2017,7,1,0.37,14.54,14.42,99.89,4.93,29.37,30.17,23.27,,
0.914197484,3-20-2016,14,1,10,7.19,-5.06,40.08,14.48,29.34,30.14,1401,,
0.282247859,2-25-2016,15,0.56,10,2.78,-2.08,67.96,14.08,29.27,30.06,1499,,
0.084668999,06-01-2017,6,0,10,16.43,8.58,53.76,1.92,29.31,30.11,334.75,,
0.038940069,06-08-2017,17,0,10,27.13,6.5,24.6,3.48,29.09,29.88,1947,,
0.220582526,2-14-2017,13,0,10,11.06,2.18,54.68,14.68,29.05,29.84,3817.75,,
0.639313917,8-26-2016,14,0.54,10,28.74,23.61,71.8,5.64,29.3,30.09,3046.5,,
0.990302209,2-23-2017,17,0.64,9.92,14.36,9.72,76.2,16.08,28.89,29.67,31.25,,
0.212157433,01-08-2017,10,0,10,-12.36,-17.96,57.83,0,29.93,30.74,2118.75,,
0.273996338,07-03-2017,6,0.38,10,22.46,18.86,75.68,0,29.29,30.08,84,,
0.63828101,08-04-2016,17,0,10,29.74,24.43,69.88,3.94,29.13,29.93,1984.25,,
0.882466447,04-10-2016,9,1,10,5.82,0.77,67.68,18.72,29.13,29.92,401.25,,
0.561925935,05-01-2016,17,1,4.79,16.32,14.6,91.22,11.65,29.09,29.88,463.25,,
0.069186335,9-17-2017,9,0,10,25.92,19.58,66.16,2.12,29.3,30.09,2616,,
0.378453902,4-15-2016,7,0,10,10.23,2.28,58.72,9.08,29.4,30.2,528.25,,
0.7889391,4-13-2017,14,0.54,10,26.18,13.41,43.36,9.8,29.36,30.16,2401,,
0.895415218,12-12-2016,13,0.44,10,-1.41,-4.75,21.74,9.72,8.53,30.11,1924,,
0.783550743,07-10-2017,15,0.79,10,31.15,23.34,62.2,17.96,29.06,29.85,3473,,
0.133909346,04-05-2016,14,0,10,9.27,-3.27,40.12,13.96,29.51,30.31,4270,,
0.714601123,12-16-2016,9,1,10,-7.17,-12.31,64.88,15.76,29.38,30.18,385.25,,
0.016146312,7-27-2016,15,0,10,27.98,21.7,74,5,29.15,29.97,962.75,,
0.234796271,6-19-2016,7,0.01,10,24.65,17.68,63.04,7.68,29.46,30.26,941.25,,
0.023693995,4-27-2017,7,1,9.14,7.97,6.57,87.47,17.57,28.81,29.59,257.75,,
0.15126,3-16-2017,8,0,10,-1.73,-7.45,62.92,8,29.58,30.38,1576.5,,
0.271471495,11-20-2016,7,0,10,-4.1,-6.33,80.88,8.64,29.57,30.37,668,,
0.827729169,06-05-2016,9,1,10,20.35,16.44,77.6,14.04,28.97,29.76,1673.5,,
0.14946813,09-01-2016,7,0,10,17.95,14.71,79.8,9.04,29.34,30.13,632,,
0.70419711,01-07-2017,6,0,10,-18.69,-20.11,79,0.2,29.7,30.5,0,,
0.651648795,05-10-2017,14,0.56,10,27.01,19.02,58.32,5.76,29.07,29.86,2186,,
0.115777038,10-24-2016,7,0,10,8.39,7.18,87.28,7.8,29.53,30.33,157.57,,
0.598063177,11-18-2016,16,0.83,10,12.69,10.98,82.8,17.56,29.03,29.82,66.62,,
0.526629642,5-29-2016,14,0.15,10,28.85,14.42,40.64,12.48,29.26,30.05,3558.5,,
0.533952977,1-15-2017,14,0.65,7.08,1.35,-0.6,85.69,5.36,29.53,30.33,326,,
0.735916246,5-20-2016,12,1,10,20.04,4.85,35.04,11.88,29.29,30.08,1769.25,,
0.322056172,06-01-2017,15,0,10,27.34,3.6,20.56,4.72,29.25,30.04,3963,,
0.324239589,2-27-2016,9,0,9.84,3.11,0.17,77.32,12.44,29.28,30.07,3690.5,,
0.724421535,05-05-2016,6,1,10,6.28,3.76,79.16,14.28,29.13,29.92,96.38,,
0.288190243,2-27-2017,12,0.43,10,13.04,2.6,47.96,8.32,29.33,30.13,2914,,
0.337003913,03-05-2016,16,1,10,5.79,1.38,70.69,12.73,29.37,30.17,153.75,,
0.238209328,3-21-2016,8,0,10,3.63,-1.41,68,8.96,29.42,30.22,1560.5,,
0.487570582,10-03-2016,10,1,10,20.24,12.94,61.48,0.12,29.32,30.11,2249.75,,
0.663937808,7-13-2016,12,0.65,9,28.04,25.01,84.05,9.78,29.14,29.93,3094.75,,
0.594786959,5-25-2017,16,0.9,10,18.83,13.6,72.48,11.76,28.92,29.7,2753.25,,
0.583356324,4-13-2016,14,0,10,15.27,-0.26,33.76,5.8,29.43,30.23,3915.75,,
0.454977994,1-31-2017,14,0.15,10,5.98,0.9,71.2,17.68,29.08,29.87,1036.75,,
0.077097522,04-09-2016,7,0,10,-1.83,-6.87,66.32,13.4,29.43,30.23,748.25,,
0.196600609,9-23-2016,8,0,9.96,24.75,20.05,70.24,1.08,29.3,30.09,1604.25,,
0.355590392,03-04-2017,14,0,10,11.94,-1.37,39.88,12.04,29.56,30.36,3729,,
0.40425647,10-21-2016,14,0.55,10,13.47,3.91,49.72,10.12,29.34,30.13,2302.5,,
0.753573726,09-11-2016,10,0.01,10,22,11.72,50.92,1.72,29.44,30.24,3852.75,,
0.889377354,10-24-2017,17,1,9.96,6.82,5.18,89.3,13.77,29.06,29.85,48,,
0.14633977,12-11-2016,8,0.04,10,0.58,-3.65,21.54,11.76,8.52,30.02,35.25,,
0.404977124,07-06-2017,8,0,10,25.83,21.41,73.16,6.08,29.24,30.03,567.25,,
0.210104182,07-12-2017,16,0.01,10,31.52,26.42,73.76,2.32,29.15,29.94,1790.75,,
0.70227239,04-02-2016,6,0.7,10,1.08,-1.02,80.2,13.24,28.98,29.77,29.85,,
0.874336237,8-24-2016,10,0.99,9.04,26.25,24.55,92.56,8.64,29.23,30.02,1666.5,,
0.591920797,6-28-2016,11,0.75,10,23.72,17.1,64,7.5,29.32,30.14,3144.25,,
0.349584621,04-12-2017,7,0,10,8.46,5.74,80,0.24,29.59,30.39,722.5,,
0.399645819,11-05-2016,7,0,9.88,5.68,5.12,86.12,2.68,29.62,30.42,98.88,,
0.660717642,11-26-2016,8,0,4.36,1.97,2.24,93.8,5.64,29.59,30.39,1421.25,,
0.52161097,8-20-2016,15,0.65,10,25.2,20.79,73.36,15.08,28.9,29.69,1950.25,,
0.199389812,8-22-2017,7,0.99,7,20.67,20.9,98.92,3.4,29.13,29.92,145.35,,
0.553702235,11-16-2016,11,0,10,14.16,8.17,65.84,0.96,29.16,29.95,3853.5,,
0.383307342,12-17-2016,13,1,3.42,-1.88,-2.38,94.08,10.07,28.92,29.71,371.25,,
0.920632082,12-28-2016,15,1,10,4.93,0.88,71,8.64,29.06,29.85,46.08,,
0.369342962,4-14-2016,8,0,10,10.09,1.99,56.12,8.84,29.46,30.26,1516,,
0.784759443,6-24-2017,12,0.55,10,23.6,10.51,44.28,17.88,29.27,30.06,1377.5,,
0.447594189,6-26-2017,10,0.42,10,22.08,6.66,36.52,14.64,29.36,30.16,1293.5,,
0.084526379,03-11-2017,9,0,10,-2.79,-16.69,32.92,7.72,29.69,30.49,3099.75,,
0.299015104,2-18-2017,11,0,10,16.66,5.66,47.52,12.44,28.99,29.78,3208.5,,
0.894544111,04-01-2016,6,1,10,5.93,5.03,90.54,3.38,28.91,29.7,2.9,,
0.761179771,11-10-2016,8,0,10,6.24,4.08,78.2,8.96,29.43,30.23,2268.25,,
0.969203599,10-14-2016,10,0,10,16.15,7.93,54.88,10,29.46,30.26,3487,,
0.779068644,07-08-2016,6,0,10,22.45,22.22,94.92,5.12,29.1,29.89,345.25,,
0.33452396,1-28-2017,17,1,10,0.72,-2.32,79.31,11.61,29.04,29.83,0,,
0.521199691,03-03-2017,11,0.28,10,-0.16,-8.56,52.12,10.04,29.83,30.64,4682.5,,
0.722933672,8-14-2017,16,0.9,10,28.03,18.62,52.44,5.56,29.04,29.83,1990.25,,
0.231842833,12-04-2016,14,1,0.7,0.51,0.73,98.53,5.83,29.1,29.9,20.45,,
0.585549621,5-15-2017,13,0,10,29.51,12.72,33.12,12.04,29.13,29.92,4592.25,,
0.30088473,7-27-2016,8,0,10,25.05,21.1,79,7,29.21,30.03,2000.25,,
0.982380604,07-03-2016,7,1,4.2,15.41,14.7,93.32,6.48,29.31,30.1,191.73,,
0.002481356,02-06-2016,10,0,9.92,1.93,-1.72,75.16,8.04,29.51,30.31,3987.75,,
0.835187091,4-24-2017,12,0,10,23.27,-1.2,19.36,8.32,29.11,29.9,4591,,
0.579946706,5-19-2017,12,1,10,14.51,12.94,89.88,10,29.21,30,1571,,
0.415322592,02-08-2016,16,1,4.42,-5.2,-7.21,82,14.88,28.99,29.78,183,,
0.992127447,05-02-2016,8,1,9.04,9.2,7.65,88.88,14.36,29.22,30.01,643,,
0.549973253,06-08-2017,12,0,10,25.79,7.35,29.64,2.56,29.19,29.98,4711,,
0.756645925,12-13-2016,7,0.14,6.98,-1.37,-2.39,29.9,4.32,10.73,30.11,3.5,,
0.792965916,4-17-2017,9,0,10,17.13,4.58,41.84,8.4,29.39,30.19,2425.25,,
0.440266048,3-21-2017,13,1,10,12.42,2.17,49.48,15.68,29.41,30.21,1599.5,,
0.654845576,6-29-2017,7,0.03,10,24.99,19.36,68.28,9.8,29.07,29.86,253.75,,
0.813392869,07-12-2016,12,0.44,10,29.29,23.9,70,16,29.05,29.87,3923.75,,
0.816117014,01-04-2017,17,0,10,-7.5,-11.74,70.88,12.4,29.3,30.09,0,,
0.259455722,09-06-2016,9,0,10,29.07,24.84,74.76,13.64,29.34,30.14,2681,,
0.952678452,3-22-2016,16,0,10,18.73,5.04,38.04,21.92,28.9,29.68,1729.5,,
0.601081637,1-14-2017,10,1,2.91,-0.42,-0.83,95.21,3.62,29.69,30.49,263.75,,
0.79431427,04-09-2017,9,0,10,19,9.34,50.28,23.12,29.05,29.84,2762.25,,
0.94518516,5-26-2017,11,0,10,23.58,17.08,66.88,16.72,29.01,29.8,3562.25,,
0.37414372,5-15-2016,7,0,10,9.14,3.56,68.12,14,29.34,30.13,1083.25,,
0.759953093,4-14-2016,15,0,10,20,0.12,25.24,14.08,29.35,30.14,2801,,
0.322771236,10-02-2016,13,0.91,10,21.01,13.94,60.6,6.36,29.27,30.06,3200.25,,
0.69688446,08-04-2016,13,0.41,10,30.18,22.98,57.88,2.67,29.17,29.96,3486.5,,
0.194811345,11-19-2016,16,0.74,10,2.64,-3.75,62.68,16,29.5,30.3,29,,
0.917081811,10-21-2016,13,0.84,10,13.38,4.43,52.84,10,29.35,30.14,1806,,
0.300722198,4-17-2016,8,0,10,20.47,8,44.96,5.76,29.6,30.4,2185.5,,
0.455885581,4-21-2016,6,1,3.64,15.06,14.97,97,5.93,29.07,29.86,33.04,,
0.685559436,7-25-2017,9,0,10,23.4,17.04,66.52,8.04,29.39,30.19,3210,,
0.306465996,3-17-2016,9,0,10,11.27,1.59,50.64,14,29.15,29.94,3004.25,,
0.528319929,10-15-2017,6,1,5.83,16.6,15.68,94.7,20.66,29.09,29.88,0,,
0.993048655,10-31-2016,9,0,10,11.69,8.95,82.88,10.48,29.34,30.14,1785.5,,
0.963893834,5-17-2017,17,0.5,2.92,26.74,15.44,47.4,31.52,28.91,29.69,1621,,
0.181653074,3-24-2016,16,1,10,7.36,5.74,85.19,20.84,28.83,29.61,286.48,,
0.181834567,10-26-2017,8,0,10,6.45,4.09,84.76,7.72,29.08,29.87,1240.75,,
0.071492074,05-06-2016,10,0,10,20.51,4.1,31.92,8.88,29.24,30.03,3942.25,,
0.24914696,03-06-2016,8,0,6.2,2.46,0.33,82.6,11.88,29.47,30.27,2532.5,,
0.345231263,9-14-2016,12,0.64,10,25.5,19.4,68.44,4.4,29.4,30.2,2959.25,,
0.873447185,3-30-2016,15,1,5.21,12.45,11.63,92.58,19.19,28.96,29.76,65.75,,
0.404820831,3-26-2016,11,0,10,11.7,4.25,62.04,9.32,29.34,30.13,4634.5,,
0.655952464,4-19-2017,8,0,10,21.37,17.01,21.89,14,8.53,30.07,0,,
0.011920048,6-26-2016,10,0.69,10,29.77,24.05,73.68,6.44,29.27,30.06,3063,,
0.059995992,05-01-2016,11,1,5.72,14.67,12.86,90.12,6.92,29.17,29.96,980.75,,
0.749794933,5-17-2016,13,1,10,14.3,8.67,64.56,6.52,29.39,30.19,1416.75,,
0.442225142,9-28-2017,14,0,10,22.54,9.93,43.84,8,29.35,30.14,4045.25,,
0.166988559,3-30-2017,11,1,6.95,15.55,13.89,92.15,12.18,28.79,29.57,939,,
0.651582226,08-08-2016,8,0.44,10,22.62,18.92,79.22,6.89,29.24,30.03,1762.75,,
0.466017522,2-19-2016,12,0.38,10,16.59,10.37,66.52,28.64,28.92,29.71,2660.5,,
0.178754404,6-29-2017,14,0.01,10,30.57,17.49,42.88,15.96,29.09,29.88,1406,,
0.428488172,2-29-2016,6,0,10,-0.61,-1.05,89.96,7.4,29.18,29.97,85.79,,
0.826577646,04-08-2016,11,1,10,5.62,2.83,77.35,22.88,29.07,29.87,1564.75,,
0.305396773,6-19-2016,11,0,10,29.09,19.4,55,5,29.42,30.25,3707.5,,
0.318177967,09-02-2017,7,0,10,11.76,8.66,76.8,8.6,29.28,30.07,686.5,,
0.873311078,04-04-2017,13,1,10,12.86,9.91,85.05,10.07,29.03,29.82,1513.25,,
0.5645025,11-15-2016,15,0,10,14.42,7.18,59.36,8.12,29.11,29.9,714,,
0.787940044,9-14-2017,8,1,5.79,18.16,17.63,93.22,0,29.13,29.93,657.5,,
0.22355425,8-26-2017,6,0,10,14.92,12.04,81.92,5.68,29.46,30.26,52.99,,
0.182093665,05-08-2016,16,0.83,10,17.83,10.79,61.44,3.08,29.16,29.95,1714.75,,
0.403765461,10-07-2016,11,0.53,10,23.2,15.42,60.48,12.52,29.31,30.1,2603,,
0.285172502,01-07-2017,13,0.44,10,-7.48,-12.01,66.73,13.23,29.72,30.52,1623.25,,
0.165227731,10-14-2017,15,0.44,10,29.11,20.11,58.6,13.28,29.12,29.91,1832,,
0.15208508,07-02-2017,15,0.42,10,30.56,16.92,41.56,7.68,29.27,30.06,1304,,
0.013356581,09-03-2016,7,0,10,16.77,14.5,85.92,6.8,29.42,30.22,631,,
0.266849146,7-22-2017,14,0.56,10,30.86,24.8,70,8,29.04,29.83,3927.5,,
0.912346945,04-09-2016,14,0,10,3.91,-7.99,40.92,3.32,29.43,30.23,4695.75,,
0.867047131,9-18-2017,11,0.41,10,27,19.83,64.8,1.92,29.28,30.07,3143.25,,
0.365261081,8-26-2016,11,0.43,10,27.69,22.95,74.44,5.44,29.34,30.14,3335,,
0.214944549,05-07-2017,16,0,10,17.51,0.67,32,11.08,29.22,30.01,3189.25,,
0.636518115,9-17-2017,17,1,10,24.74,17.72,62.88,7.08,29.28,30.07,162.18,,
0.172779245,5-13-2017,10,0,10,21.68,10.41,47.2,7.12,29.17,29.96,4220,,
0.53091513,10-01-2016,13,0.98,10,19.68,14.93,78.49,6,29.2,29.99,3695.75,,
0.007178227,09-05-2017,8,0,10,16.66,10.58,67.24,14.16,29.15,29.94,1957.25,,
0.738735898,6-26-2016,6,0,9.96,23.88,22.41,88.2,6.76,29.27,30.06,385,,
0.414262688,09-05-2017,15,0.63,10,21.2,8.3,43.12,13.4,29.14,29.93,3136.75,,
0.201363737,6-25-2017,10,0.42,10,22.41,9.18,42.16,15.48,29.37,30.17,1459,,
0.442817535,10-11-2017,15,1,2.42,15.58,15.16,98.92,5.53,29.3,30.1,257.25,,
0.595584943,6-29-2016,17,0,10,24.15,10.41,20.67,4.72,8.53,30.08,1807.25,,
0.005217611,5-26-2016,15,0,10,26.98,19.48,60.16,14.44,29.11,29.9,2238.25,,
0.427282609,07-07-2016,15,0,10,28.47,22.88,69.76,13.18,29,29.79,3683.25,,
0.943152368,9-30-2016,16,0.11,9.44,18.79,16.49,27.51,11.86,10.04,30.01,451.5,,
0.784403765,05-12-2016,9,1,6.96,19.3,18.29,90.96,11.84,29.19,29.98,887.25,,
0.110975803,07-08-2017,8,0.15,10,23.86,18,72.4,7.76,29.26,30.05,2202.5,,
0.225461216,02-01-2016,17,0,10,5.86,0.44,64.64,3.16,29.26,30.05,9.13,,
0.252859021,8-25-2016,10,0.8,10,26.56,22.52,78.92,8.96,29.3,30.09,3687.75,,
0.960057204,11-24-2016,17,1,7.88,3.87,2.44,87.76,8.24,29.44,30.24,0,,
0.955716748,03-01-2017,10,1,7.08,6.79,5.62,87.51,28.89,28.88,29.67,453,,
0.866099285,6-19-2017,10,0.43,10,25.46,14.23,49.24,16.68,29.12,29.91,1377.75,,
0.481647394,02-04-2016,6,1,10,-4.76,-7.75,75.92,13.68,29.42,30.22,0,,
0.205075999,05-10-2016,8,0.99,10,17.98,16.59,91.61,13.53,29.07,29.87,671.75,,
0.193678152,11-29-2016,11,0,10,12.87,9.38,76.16,14.72,28.81,29.59,3277.5,,
0.314898364,9-29-2016,15,0.44,10,21.24,13.02,57.4,8.44,29.31,30.11,2228.25,,
0.877024562,9-27-2016,8,0,10,16.88,8.44,55.52,9.68,29.15,29.94,1864,,
0.076086749,12-05-2016,11,1,10,1.62,0.61,90.92,10.96,29.28,30.07,192,,
0.411418574,3-28-2016,8,0.59,10,6.7,4.15,83,15,29.28,30.1,1729.75,,
0.318446691,7-29-2016,12,0.75,10,26.3,20.8,69,6,29.12,29.94,3675.75,,
0.836974079,3-24-2016,9,1,8.92,15.54,14.51,93.32,20.64,28.72,29.5,272.25,,
0.001080672,6-13-2016,11,0,10,29.43,12.8,36,8,29.19,30.01,4026.5,,
0.936565986,3-27-2016,17,1,4.28,7.35,6.9,92.29,21.29,29.06,29.85,34.35,,
0.196303831,07-01-2017,7,0,10,22.23,20.02,83.48,8.32,29.18,29.97,309.5,,
0.16829544,4-24-2016,14,0.7,10,25.08,10.6,37.68,14.48,29.11,29.9,4246,,
0.798364461,2-27-2017,15,0.65,10,14.46,3.06,46.24,10.56,29.29,30.08,1705.75,,
0.947858738,10-13-2017,10,0,10,19,14.3,75.44,9.16,29.38,30.18,3594.75,,
0.422420955,07-02-2017,7,0,10,22.11,17.66,73.24,3,29.31,30.11,358,,
0.91934375,10-17-2016,17,0,10,26.1,17.7,56.16,20.2,28.82,29.6,342.25,,
0.125388271,8-14-2017,8,0,10,23.58,17.93,69.72,0.96,29.12,29.91,1828,,
0.208864193,06-08-2016,8,0,10,19.75,9.32,50.08,5.64,29.25,30.04,2275.25,,
0.916424431,3-23-2017,9,0.82,10,3.44,-3.71,60.92,14,29.58,30.38,1994,,
0.973764564,11-29-2016,6,0,10,7.25,6.87,93.8,12.84,28.76,29.54,1.99,,
0.707917114,3-25-2016,12,1,10,4.74,0.12,72.24,6.72,29.3,30.09,2967,,
0.516663965,07-11-2016,8,0,10,26.08,22.69,80.4,9.36,29.23,30.02,1821,,
0.728670354,6-15-2016,12,0.69,10,31.66,25.89,74.23,8.33,29,29.79,4199,,
0.784507011,10-02-2016,16,0.99,10,20.95,13.16,60.12,6.28,29.27,30.06,883.25,,
0.444705616,4-24-2016,10,0,10,21.46,10.65,47.64,13.8,29.2,29.99,4067,,
0.347722836,3-21-2017,17,1,10,8.2,4.4,76.29,10.44,29.42,30.22,341.5,,
0.408960078,7-31-2017,15,0.29,10,28.62,16.72,21.26,3.72,8.53,30.14,3066.5,,
0.075611272,11-29-2016,8,0,10,8.16,7.7,93.48,13.44,28.8,29.58,801.75,,
0.934876833,08-06-2016,15,0.58,10,26.97,17.05,53.12,6.53,29.18,29.98,3072,,
0.322504412,07-07-2017,17,0.65,10,29.18,21.67,63.56,12.52,29.08,29.87,1214.25,,
0.032660397,7-30-2017,14,0.42,10,27.88,13.12,39.2,5.76,29.39,30.19,3421.5,,
0.227170711,10-04-2017,14,0.98,9.82,24.17,21.3,82.18,7.3,29.46,30.26,1335,,
0.898302953,6-13-2017,11,0.54,9.04,32.56,22.25,52,9.92,29.19,29.98,3139,,
0.918329099,6-20-2017,10,0,10,27.39,12.54,40.04,10.76,29.23,30.02,1404.25,,
0.528239523,08-01-2016,10,0,10,26.14,21.7,79,7,29.26,30.08,2799.75,,
0.603178912,3-25-2016,8,0.84,10,0.67,-2.84,73.92,7.8,29.28,30.07,678.5,,
0.801629706,09-04-2017,14,0.62,10,31.47,20.34,50.88,16.2,28.98,29.77,3240.5,,
0.416221348,06-05-2016,8,0.99,10,19.48,16.48,82.92,14.64,28.97,29.76,1959.25,,
0.279649025,05-04-2016,7,0.26,10,11.87,9.22,81.52,13.15,28.92,29.71,746.5,,
0.139936847,4-24-2017,17,0,10,23.55,-1.36,17.92,12.76,28.97,29.76,1799,,
0.077081185,6-16-2016,11,0.62,10,27.45,19.75,62.04,10.8,29.07,29.86,4412.25,,
0.593619674,9-21-2017,16,0,10,32.94,21.64,50.4,4.84,29.2,29.99,1558.5,,
0.88735347,5-13-2016,15,0,10,20.87,9.22,46.36,10.6,29.17,29.96,3693.75,,
0.630795493,9-21-2016,11,0,10,29.93,16.12,41.6,6.28,29.38,30.18,4067,,
0.318738665,4-16-2016,13,0.45,10,25.76,5.41,25.8,9.04,29.46,30.26,4062.5,,
0.891749788,3-21-2017,16,1,10,8.3,4.57,78.09,9.04,29.41,30.21,471.75,,
0.77811159,02-10-2017,12,0,10,3.28,-1.65,69.88,15.68,29.09,29.88,3074.5,,
0.381629098,5-22-2017,17,0.99,10,20.66,6.89,38.16,11.6,29.19,29.98,1413.25,,
0.973518183,7-28-2016,10,0,10,25.07,20,76,3,29.1,29.92,1988.5,,
0.910834911,10-26-2016,16,1,8.12,15.2,14.67,92.36,7.68,29.24,30.03,43.65,,
0.370803673,03-10-2017,9,0,10,0.75,-10.11,43.92,17.48,29.59,30.39,4085,,
0.832842222,02-12-2017,13,0.01,10,9.76,-0.67,49.28,28,29.37,30.17,4519.25,,
0.588820417,09-04-2016,15,0,10,27.13,16.06,51.12,8.28,29.34,30.13,2228.5,,
0.213963507,07-11-2017,14,0.54,10,25.59,23.76,87.12,8.04,29.18,29.97,2010.75,,
0.189194364,2-22-2016,13,0.81,10,6.85,-0.08,60.67,5.7,29.33,30.13,4249.5,,
0.000941614,08-11-2016,11,0.3,10,31,25.25,68.92,8.36,29.23,30.02,3573.75,,
0.407909664,7-26-2016,9,0.83,10,26.49,19.36,61.32,5.76,29.28,30.07,2594.5,,
0.504128157,3-17-2017,16,0.9,7.11,12.54,9.58,83.51,10.96,29.2,29.99,568,,
0.517697273,9-14-2017,12,0.66,10,24.7,16.77,61.23,1.65,29.13,29.92,3567.75,,
0.2951151,10-11-2016,17,0,10,21.09,8.43,42.24,5.8,29.3,30.09,531.5,,
0.987802858,5-30-2017,10,0,10,22.74,7.28,36.2,15.12,29.24,30.03,4393.5,,
0.096038067,10-01-2017,13,0,10,23.14,4.43,29.2,10.64,29.34,30.13,4494.5,,
0.7569054,07-10-2016,13,0,10,24.95,10.05,37.36,2.35,29.27,30.06,4494.25,,
0.795361773,11-24-2016,7,1,9.88,4.41,3,87.92,8.28,29.39,30.18,24.2,,
0.454854632,04-01-2016,12,0.84,10,9.96,4.72,69.69,20.04,29,29.79,2453,,
0.571328686,05-08-2016,8,1,6.8,11.05,8.61,88.09,2.16,29.19,29.99,391,,
0.959323164,8-14-2016,13,0.53,10,24.15,22.36,83.04,7.36,29.29,30.08,1453.25,,
0.631980632,11-20-2016,11,0,10,0.3,-5.28,65.72,10.12,29.56,30.36,4343,,
0.411845879,5-31-2016,6,0,10,20.35,16.32,70.67,3.72,29.21,30,253.5,,
0.105534795,06-12-2016,10,0,10,29.05,17.56,49.8,9.52,29.3,30.09,3620.5,,
0.541266917,11-09-2016,8,0,10,6.62,4.74,82.88,8.44,29.54,30.34,2288.5,,
0.373236,8-15-2017,8,0,10,25.08,21.5,76.88,5.96,29.14,29.93,1830.25,,
0.416714256,7-19-2016,12,0.69,10,29.87,22.98,61.22,2.67,29.42,30.22,2629.75,,
0.336798508,06-09-2017,13,0.65,10,30.24,12.79,33.16,16.48,29.07,29.86,3552.25,,
0.895396495,10-16-2017,10,0,10,14.86,5.11,52.44,6.32,29.56,30.36,3756.5,,
0.313169391,4-18-2016,16,0.14,7.76,26.76,4.62,22.28,9.28,29.4,30.2,2416.5,,
0.511488455,10-29-2016,16,0,10,24.07,16.37,59.2,11.12,29.16,29.95,785.25,,
0.947324087,7-25-2017,7,0,10,20.16,16.8,77.8,9,29.39,30.19,898.25,,
0.870755863,3-23-2017,11,1,10,6.6,-2.72,51.92,14.28,29.53,30.33,1326,,
0.801828969,2-21-2017,13,0.92,10,15.79,14.13,86.64,3.84,29.15,29.94,1043.75,,
0.02689268,09-06-2017,11,0.74,10,17.23,8.19,53.84,8.92,29.25,30.04,3569.5,,
0.934780653,05-02-2017,15,1,10,13.05,5.99,62.52,17.96,29.13,29.92,1824.75,,
0.01899478,03-10-2016,14,0.08,10,10.13,7.69,24.6,8.57,9.32,30.08,493,,
0.15585307,5-29-2017,8,0,10,23.4,10.9,43.28,8,29.08,29.87,2463.5,,
0.179390831,9-20-2017,9,0,10,27.89,22.8,75.4,10,29.16,29.95,2752.75,,
0.464094917,03-04-2016,6,0,10,-2.49,-4.74,84.04,6.36,29.37,30.17,133.71,,
0.872393004,06-03-2016,15,0,10,27.81,10.2,31,1.2,29.22,30.01,2540.5,,
0.197744231,01-12-2017,12,1,9.8,0,-0.31,95.72,10.56,29.34,30.13,740.75,,
0.059059927,08-07-2017,17,0,10,23.19,16.16,60.4,7.4,29.27,30.06,1481,,
0.877813416,4-25-2016,7,0,10,20.1,12.48,59.72,13.72,29.02,29.81,532.75,,
0.687501121,12-17-2016,16,1,6.7,-4.19,-5.12,91.23,12.4,28.98,29.77,4.65,,
0.849634217,2-29-2016,11,0,10,9.43,2.31,57.8,16.56,29.2,29.99,3696.25,,
0.871564601,11-23-2016,15,1,1.49,7.94,7.77,98.77,8.73,29.12,29.91,72.3,,
0.038667396,10-14-2016,8,0,10,10.96,7.16,73.6,6.04,29.5,30.3,1115,,
0.426308256,11-01-2016,9,0,10,21.28,14.3,62.12,15,29.19,29.98,1304,,
0.865595224,02-11-2016,9,0,10,-8.95,-14.83,61.56,8.36,29.52,30.32,3659.25,,
0.998014859,8-26-2016,6,0.14,8,21.19,20.68,94.28,5.36,29.35,30.14,84.92,,
0.601613442,9-30-2016,8,1,6.19,16.21,15.66,92.77,9.73,29.29,30.08,120.93,,
0.706704183,9-25-2017,10,0,10,30.38,18,47.56,2.76,29.23,30.02,3476.25,,
0.672398049,1-21-2017,11,0,10,14.71,11.53,77.12,14.28,28.76,29.54,4035.5,,
0.738559985,8-28-2017,16,0.99,3.04,21.72,18.07,84.33,7.97,29.2,30,623.5,,
0.178366768,6-17-2016,16,0,10,27.57,8.65,25.89,10.64,29.24,30.03,2820.5,,
0.865186702,1-21-2017,10,0,10,12.59,11.26,89.84,13.76,28.78,29.56,3237.25,,
0.709793367,6-15-2016,9,0.14,10,28.32,24.48,79.56,9.08,29.02,29.81,2901,,
0.029746018,5-22-2017,13,0,10,22.19,9.23,41.32,12.52,29.22,30.01,4710.75,,
0.303470442,4-21-2017,14,0,10,14.26,4.1,49.32,14.04,29.26,30.05,1996,,
0.005127771,9-16-2016,6,0,9.88,19.36,18.44,93,4.08,29.28,30.07,12.69,,
0.908329421,1-15-2017,16,1,4.96,0.84,-0.27,89.12,5.81,29.53,30.33,44.52,,
0.580031479,09-07-2016,14,0.44,10,32.49,23,54.84,14.12,29.19,29.98,2652.5,,
0.918788393,03-04-2017,6,0.28,10,-0.44,-5.64,65.92,10.8,29.69,30.49,85.58,,
0.211292315,4-20-2017,14,0.91,10,24.07,15.41,58.04,21.35,29.06,29.85,1686,,
0.98946246,1-14-2017,13,1,3.08,-0.22,-0.55,95.72,8,29.63,30.43,532.75,,
0.970425353,02-05-2016,9,0.75,10,-1.9,-4.38,76.42,11.31,29.58,30.38,768.25,,
0.692840818,08-01-2016,14,1,10,27.61,21.7,72,7,29.23,30.05,2259.5,,
0.777528885,7-17-2016,10,0.94,5.08,21.82,19.49,86.71,12.58,29.36,30.16,1331.25,,
0.371110622,6-27-2016,9,0,10,29.04,21.02,61.08,6.68,29.31,30.11,2871,,
0.232339687,9-30-2016,10,1,9.96,17.14,15.96,90.96,12.28,29.3,30.09,513,,
0.934784264,5-17-2016,6,1,10,10.81,8.78,85.04,4.04,29.41,30.21,106.6,,
0.977325957,5-17-2016,15,1,10,13.48,9.91,75.2,6.52,29.37,30.17,696,,
0.109499371,02-11-2017,6,0,10,3.72,3.65,87.92,2.88,29.06,29.85,2.24,,
0.792877826,02-01-2016,16,0,10,8.49,-0.21,54.2,3.2,29.24,30.03,453.93,,
0.047659988,7-27-2017,10,1,10,25.68,24.05,88.32,7.46,29.15,29.94,1280,,
0.952351225,9-27-2016,16,0,10,23.68,1.56,23.04,14.96,29,29.79,2321.5,,
0.085127766,11-18-2016,11,1,10,19.86,14.48,67.92,20,29.05,29.84,1066.5,,
0.988470986,9-19-2017,13,0.18,10,25.1,19.58,70.54,2.15,29.14,29.93,2523.75,,
0.842470404,04-12-2017,14,0,10,18.88,3.79,35.6,3.76,29.54,30.34,4474,,
0.191258111,11-12-2016,17,0,10,7.47,0.01,59.2,0,29.54,30.34,0,,
0.743876625,8-25-2016,12,0.44,10,27.9,22.86,73.72,7.04,29.29,30.08,4002,,
0.414468936,07-05-2017,10,0,9.96,27.7,22.47,74.76,4.68,29.32,30.11,967.5,,
0.49897326,07-07-2017,16,0.56,9.49,29.81,22.07,59.76,16.11,29.06,29.85,1683,,
0.50909452,8-31-2017,12,0.64,10,24.35,18.54,68.16,9.92,29.31,30.1,3127.75,,
0.301007182,02-07-2016,13,0.28,10,9.12,2.36,61.36,18,29.03,29.82,2876.25,,
0.58645594,3-19-2016,7,0.99,10,2.68,1.12,88.72,8.68,29.34,30.14,114.38,,
0.52857018,7-24-2017,8,1,10,22.32,19.48,82.64,8.68,29.2,29.99,1368.75,,
0.57973446,07-05-2016,11,0.71,10,24.49,15.1,44.73,6.84,25.65,29.96,2719.75,,
0.544582027,8-18-2017,10,0.53,9.92,25.72,17.65,57.52,9.52,29.15,29.94,3286.5,,
0.857625344,8-29-2017,16,0.3,10,26.11,17.25,57.08,4.08,29.22,30.01,2324.5,,
0.502473897,03-04-2017,7,0,10,0,-5.26,65.92,11.16,29.69,30.49,1099.75,,
0.000772308,05-02-2016,14,1,10,13.58,8.94,72.32,8.72,29.21,30,831.75,,
0.504272291,10-11-2016,16,0,10,24.41,7.26,31.68,10.44,29.29,30.08,1906.5,,
0.205036438,11-07-2016,17,0,10,14.63,10.02,71.36,2.84,29.46,30.26,0,,
0.855602341,09-08-2016,16,0.01,9.96,25.42,22.94,82.84,6.36,29.12,29.91,1319,,
0.769925002,5-31-2017,15,0,10,24.67,4.68,19.91,12.84,8.52,30,4090.25,,
0.882893058,6-20-2017,13,0.29,10,30.1,12.08,32.64,11.4,29.16,29.95,1227.5,,
0.578872262,7-27-2017,7,1,10,23.74,23.62,96.77,6.08,29.16,29.95,250.75,,
0.294416816,10-14-2016,7,0.28,10,7.88,5.62,84.08,3.8,29.48,30.28,166.55,,
0.811033183,3-22-2017,9,0,10,0.38,-8.08,54.36,15.64,29.75,30.55,3377.75,,
0.768485175,7-14-2016,17,0.21,10,25.98,12.37,42.65,9.83,29.13,29.93,1649.75,,
0.135453534,2-28-2017,13,1,2.19,14.77,14.24,98.12,17.63,28.97,29.76,521.25,,
0.182225963,11-24-2016,10,1,7,4.3,2.79,87.76,6.08,29.43,30.23,309.75,,
0.073664252,10-19-2016,9,0.39,10,19.28,12.51,65.08,4.8,29.31,30.11,2013.75,,
0.747278939,12-16-2016,17,1,8.08,-3.96,-9.14,65.88,14.8,29.04,29.83,0,,
0.223136221,5-16-2017,11,0,10,28.18,15.51,43.12,19.28,29.09,29.88,4465,,
0.906162329,03-08-2017,12,0,10,13.18,-0.99,37.4,23.36,29.36,30.16,4717.25,,
0.058425521,5-18-2017,9,0.44,10,27.09,18.5,57.04,22.68,29.05,29.84,3339,,
0.993551678,8-31-2016,15,0.31,10,27.09,20.75,21.66,15.28,8.52,30.01,2143,,
0.885950513,4-14-2016,9,0,10,12.97,1.5,43.8,10,29.45,30.26,2379.25,,
0.667973205,2-26-2017,8,0.53,10,-1.49,-6.95,64.52,15.68,29.31,30.11,1199.5,,
0.979861825,12-28-2016,11,0,10,4.5,0.04,73.53,17.12,29.2,29.99,3715.5,,
0.051617796,03-11-2016,17,0,10,12.97,7.42,65.4,7.08,29.46,30.26,177.85,,
0.675201654,6-13-2016,8,0,10,24.02,10.78,41.52,8.36,29.25,30.04,2032.5,,
0.742148472,6-26-2017,13,0.55,10,20.33,9.75,47.76,14.8,29.35,30.15,497,,
0.191508196,7-27-2017,15,0.59,10,27.94,23.18,69.42,7.75,29.09,29.88,721.75,,
0.075037105,09-05-2016,9,0.71,10,26.87,21.72,72.32,9.84,29.36,30.15,2050.5,,
0.004633618,02-04-2016,14,0,10,-0.49,-6.05,64.84,8.08,29.44,30.24,3491.75,,
0.025667433,11-17-2016,12,0,10,21.67,11.98,52.84,17.36,29.04,29.83,2600.5,,
0.935507171,02-10-2017,14,0,10,7.72,1.89,72.28,12.72,29,29.79,2752.75,,
0.383291741,8-20-2017,15,0.15,10,31.25,21.46,55.24,6.84,29.22,30.01,1584.75,,
0.783048925,8-25-2017,13,0,9.04,23.62,11.71,46.04,6.2,29.43,30.23,3614.75,,
0.084939483,10-16-2016,16,0.65,10,21.92,19.51,81.76,6.48,29.1,29.89,686.75,,
0.91116402,11-10-2016,6,0,10,1.84,1.67,82.6,8.28,29.44,30.24,43.04,,
0.378587475,11-21-2016,7,0,10,-4.96,-6.25,82.28,0.12,29.5,30.3,555.25,,
0.831751283,07-10-2016,16,0,10,27.61,18.1,55.22,6,29.22,30.01,2863,,
0.496693069,05-09-2017,9,0,10,18.63,12.76,70.24,8.6,29.1,29.89,2819.75,,
0.144210161,8-19-2016,7,1,1.23,22.57,22.59,98.85,8.69,29.18,29.97,256.5,,
0.830602138,02-08-2016,10,1,10,-3.25,-5.12,79.12,18.88,28.94,29.73,727,,
0.549317454,9-20-2017,13,0.15,10,33.18,21.37,50.92,10.56,29.13,29.92,3606.5,,
0.563597315,9-21-2016,10,0,10,28.66,17.37,48.32,2.68,29.39,30.19,3184,,
0.09117965,3-22-2016,11,0,10,16.28,3.66,42.68,20.52,29.02,29.81,3984.75,,
0.019943882,11-01-2016,6,0,9.96,15.97,14.77,89.88,6.84,29.15,29.94,0,,
0.183726742,03-08-2016,6,0.48,10,11.63,8.54,78.72,9,29.2,29.99,92.2,,
0.568980429,2-19-2016,6,0,10,7.02,3.31,78.68,17.24,28.96,29.75,11.21,,
0.636888446,9-25-2017,14,0.55,10,32.46,15.67,35.48,6.4,29.15,29.94,3042.75,,
0.380366765,04-02-2016,15,0.73,10,6.45,-5.91,40.44,35.72,29.03,29.82,4139.75,,
0.322802707,3-29-2016,7,0,7.28,5.21,2.82,85.48,3.08,29.52,30.32,552.5,,
0.544418492,06-05-2016,6,0.14,10,18.41,16.62,87,9.56,28.94,29.73,292,,
0.438341896,12-09-2016,8,0.04,9.96,-4.62,-8.29,21.5,11.28,8.55,30.55,495.25,,
0.65373722,07-05-2016,17,0.19,10,28.16,21.1,63,9,29.09,29.91,1848,,
0.857836086,08-03-2016,13,0.19,10,29.6,22.2,65,8,29.22,30.04,3474,,
0.823044362,1-13-2017,9,0,10,-4.06,-7.66,74.64,11.32,29.89,30.71,1158,,
0.189946512,08-07-2016,11,0,10,26.44,16.01,51.11,6.33,29.27,30.06,4293.25,,
0.261970754,10-23-2016,9,0,10,16.06,10.17,65.96,14,29.23,30.02,2669,,
0.189799972,7-22-2017,8,0.92,7.84,21.43,21.47,98.76,7.36,29.09,29.89,335,,
0.006777464,11-20-2016,17,0,10,-0.41,-5.36,64.96,3.76,29.51,30.31,0,,
0.605556206,9-30-2016,7,1,7.12,15.78,15.44,94.16,10.76,29.29,30.08,42.15,,
0.464875773,7-20-2016,8,0.06,10,25.59,23.02,82.17,6.06,29.43,30.24,1065.25,,
0.445703417,12-30-2016,6,0,10,-2.63,-5.66,75.6,12.44,29.34,30.13,0,,
0.394733252,10-28-2017,7,1,5.68,2.45,1.14,91.16,11.39,29.14,29.94,59.93,,
0.999416237,07-01-2016,14,0.44,10,24.91,12.6,45.08,10.6,29.3,30.09,3545,,
0.722366628,1-24-2017,7,1,6.48,3.49,2.96,93.68,1.16,29.1,29.89,26.75,,
0.222294112,1-17-2017,17,1,9.8,3.82,3.18,93.96,15.36,29.23,30.02,0,,
0.2624341,06-11-2016,9,0,10,30.2,20.86,56.36,15.56,29.25,30.04,2579,,
0.145700764,9-22-2016,8,0,10,23.59,18.01,69.84,6.32,29.31,30.11,1723.75,,
0.391409558,8-26-2016,9,0.38,10,25.86,22.15,79.96,7.04,29.36,30.15,2767.5,,
0.845530998,3-21-2017,12,1,10,12.3,2.09,50.53,13.36,29.41,30.21,3190.75,,
0.348925905,06-10-2017,11,0,10,28.81,12.28,34.44,17.16,29.15,29.94,4626.25,,
0.905229296,4-23-2017,15,0,10,21.96,-2.72,18.4,14,29.23,30.02,4087,,
0.857544471,05-08-2017,10,0.62,10,12.9,1.02,43.88,8.84,29.34,30.13,2240.25,,
0.605295629,8-24-2017,15,0.45,9.04,24.81,13.06,46.24,8.32,29.29,30.08,2956.75,,
0.458717601,02-09-2017,11,0,10,-8.54,-13.2,65.96,15.92,29.59,30.39,297.75,,
0.501693212,11-13-2016,14,0,10,13.4,0.6,39.84,11.72,29.34,30.14,2275.5,,
0.824999356,03-01-2017,6,0.24,10,10.92,10.81,94.8,9.04,28.72,29.5,7.16,,
0.625869241,4-13-2016,9,0,10,10.43,1.04,50.48,12.44,29.48,30.28,3521.5,,
0.124124743,1-27-2017,15,1,10,-2.91,-5.75,77.64,17.48,29.15,29.94,132.75,,
0.520771787,02-09-2016,17,1,6.98,-7.71,-11.29,72.96,15.92,29.16,29.95,10.14,,
0.486612286,7-20-2017,15,0,10,32.42,26.48,69.52,11.08,29.17,29.96,3410.25,,
0.835035112,1-23-2017,13,1,10,4.67,2.92,86.68,11.16,28.95,29.74,376.75,,
0.324855377,4-14-2017,11,0.52,10,25.14,13.89,48.84,9.92,29.37,30.17,3707.5,,
0.012371427,08-12-2017,8,0,10,20.91,16.34,73.56,7.64,29.29,30.08,1997,,
0.303168694,3-17-2017,13,1,4.36,8.91,7.88,93.8,8.2,29.19,29.98,728.5,,
0.432673332,9-28-2017,11,0.43,10,20.23,10.82,54.04,3.44,29.4,30.2,4285.75,,
0.289285927,4-14-2017,6,0,8.88,12,9.73,84.08,6.72,29.4,30.2,94.8,,
0.90799771,08-08-2017,9,0,10,22.99,12.65,51.68,6.08,29.42,30.22,3167.75,,
0.341201414,05-01-2016,13,1,7.23,16.59,13.81,86.54,3.81,29.16,29.95,2100,,
0.749048254,09-12-2017,13,0,10,25.49,10.37,38.16,15.92,29.09,29.88,4122,,
0.08491859,10-11-2016,14,0,10,25.54,7.74,30.56,13.32,29.31,30.11,2703.75,,
0.749482979,04-10-2017,10,0.16,10,19.69,12.92,59.7,20.59,29.13,29.92,1102,,
0.779538935,7-26-2017,9,0,10,26.37,21.21,74.24,6,29.31,30.1,2913,,
0.484980753,02-04-2017,10,0,10,-1.03,-9.72,51.32,18.96,29.58,30.38,2831.25,,
0.657147873,4-27-2017,9,1,9.08,8.18,6.26,86.35,16.61,28.87,29.65,741.75,,
0.875033913,11-11-2016,8,0,10,9.05,5.02,75.8,10.68,29.4,30.2,1073.25,,
0.535303189,11-28-2016,14,1,3.6,10.22,9.98,95.66,19.84,28.61,29.39,53.85,,
0.55109671,5-13-2016,12,0,10,18.85,8.6,49.96,8.84,29.25,30.04,4493,,
0.561997693,05-02-2017,11,0.91,10,13.45,6.74,66.4,23.44,29.04,29.83,3610.5,,
0.142439893,11-28-2016,8,1,6.33,7.16,6.59,93.23,22.15,28.83,29.62,66.35,,
0.818366443,05-01-2016,7,1,1.42,11.9,11.93,98.67,8.67,29.13,29.92,497.25,,
0.929360841,1-28-2017,12,1,10,0.47,-2.29,81.6,17.04,29.01,29.8,2867.75,,
0.672701503,06-03-2017,13,0.44,10,31.1,11.45,28,3.84,29.22,30.01,4138.75,,
0.090671402,3-18-2017,15,1,10,5.27,0.52,70.66,15.04,29.46,30.26,886.25,,
0.647211362,06-02-2016,12,0,10,26.85,10.1,33.04,8.4,29.27,30.06,3472.5,,
0.54072578,02-05-2017,10,0,10,4.14,-2.67,59.88,13.08,29.24,30.03,4090.75,,
0.457139055,08-05-2017,17,0,10,23.86,14.93,54.24,5.04,29.27,30.06,1293,,
0.517113682,7-24-2016,6,0,2,24.75,23.3,94,6,29.15,29.97,149.33,,
0.652886549,2-25-2016,16,0.89,10,2.85,-1.99,69.24,12.4,29.29,30.08,522.25,,
0.957122268,2-21-2016,15,0.99,10,7.78,2.77,71.84,12.48,29.3,30.09,1271.75,,
0.456105954,5-19-2017,16,1,9.89,12.64,11.11,89.47,14.34,29.26,30.05,1411.5,,
0.846581188,1-24-2017,8,1,5.2,3.72,3.01,95.21,0.12,29.11,29.9,148.53,,
0.460259452,2-24-2017,17,0.75,10,9.31,5.37,75.41,22.6,28.77,29.56,128.99,,
0.241180232,4-21-2016,17,0.65,9.77,16.11,10.9,74,8.69,29.02,29.81,373,,
0.34894203,6-21-2017,14,0,10,28.46,18.71,53.8,2.04,29.16,29.95,564.25,,
0.623302193,09-02-2017,14,0,10,22.93,9.91,42.44,6.28,29.22,30.01,4492.25,,
0.35047652,09-08-2016,7,1,6.03,23.61,23.13,95.66,8.72,29.13,29.92,42.8,,
0.253142711,09-06-2017,17,0.73,10,16.78,8.3,53.28,8.92,29.25,30.04,1446,,
0.952481556,10-08-2016,13,0,10,18.76,4.89,37.92,5.8,29.46,30.26,4534.75,,
0.620459982,04-04-2017,6,1,3.1,10.75,10.36,97.27,8.88,28.86,29.64,7.03,,
0.555127928,06-10-2016,8,0,10,28.15,21.29,66.2,10.16,29.27,30.06,2209,,
0.775644027,10-24-2017,15,1,9,6.5,5.37,92.58,14.23,29.03,29.82,392.75,,
0.577733792,9-15-2017,11,0,10,29.02,18.92,54.2,8.36,29.24,30.03,4223.25,,
0.77641847,11-28-2016,10,1,5.07,8.08,7.33,93.94,20.1,28.76,29.54,133.75,,
0.12164618,8-19-2016,15,0.55,9.11,28.08,22.96,70.59,7.52,29.13,29.93,3303.25,,
0.649082105,03-03-2016,12,1,1.44,2.56,0.89,95.88,6.76,29.19,29.98,397.25,,
0.719932393,7-19-2016,13,0.69,10,30.11,23.87,64.78,0.55,29.42,30.22,3458.5,,
0.0161706,8-14-2017,9,0,10,25.52,17.23,58.16,3.4,29.13,29.92,2802.75,,
0.722588624,08-02-2016,13,0.91,10,28.69,21.99,61.88,1.08,29.29,30.08,2601.25,,
0.312765795,10-12-2016,11,0.89,10,22.1,16.97,69.01,15.07,29.22,30.01,1997,,
0.878727824,05-02-2017,13,0.99,10,12.94,5.78,63.12,19.68,29.1,29.89,3622.25,,
0.020687856,07-06-2017,6,0,9.92,22.35,20.95,87.12,3.52,29.24,30.03,54.9,,
0.772686615,5-31-2016,13,0.86,10,28.54,14.46,37.88,10.73,29.15,29.94,3227.75,,
0.803845272,1-20-2017,8,1,0.68,6.34,6.4,99.47,5.67,28.86,29.65,200.75,,
0.765355533,03-04-2016,9,0,10,-0.07,-4.77,70.08,4.36,29.43,30.23,3949.75,,
0.977744093,05-12-2017,15,0.65,10,21.36,8.59,42.16,8.6,29.12,29.91,896.25,,
0.534540856,7-29-2017,11,0.64,10,22.79,13.95,55.16,12.56,29.31,30.11,4178,,
0.488379706,10-14-2016,9,0,10,13.64,7.9,65.6,8.32,29.48,30.28,2130.75,,
0.352979039,4-15-2016,9,0,10,17.08,3.87,41.52,7.76,29.39,30.19,2305,,
0.695804394,05-12-2017,9,0,10,17.66,10.62,62.8,9.04,29.16,29.95,0,,
0.275207112,5-25-2017,10,1,9.92,15.59,13.28,82.73,11.42,28.87,29.66,1585.5,,
0.005630101,06-03-2016,9,0,10,24.41,11.3,42.64,1.6,29.3,30.09,2601.25,,
0.077089279,10-31-2016,15,0,10,19.5,14.4,38.53,10.64,15.41,29.98,1607.5,,
0.143576358,4-22-2016,9,0.8,10,17.57,11.42,66.08,11.4,29.17,29.96,3519,,
0.932752515,06-10-2016,14,0.42,10,33.29,18.93,40.83,12.12,29.19,29.99,3874.25,,
0.58474139,05-02-2016,10,1,9.85,10.68,8.27,83,8.62,29.24,30.03,1036,,
0.769377128,9-20-2017,6,0,2.08,18.78,18.4,98.92,3.76,29.15,29.94,11.88,,
0.781093927,8-29-2017,7,0.44,10,17.75,17.07,90,2.76,29.26,30.05,565,,
0.812079918,6-28-2017,7,0,10,19.09,12.33,64.44,9.48,29.28,30.07,314.75,,
0.067721842,5-28-2016,15,0,10,27.05,20.21,63.44,18.12,29.16,29.95,3203.25,,
0.560708807,1-16-2017,8,1,0.25,1.89,1.77,97.08,2.61,29.41,30.22,186.75,,
0.386440286,10-15-2017,16,1,10,13.2,6.47,63.72,15,29.38,30.18,471,,
0.058499768,10-24-2017,11,1,7.54,6.81,5.19,90.89,18.65,28.96,29.75,500.75,,
0.361759564,02-11-2016,6,0,10,-12.06,-14.34,78.88,5.36,29.47,30.27,4.2,,
0.515163792,08-04-2017,12,1,10,17.92,11.74,67.62,15.69,29.22,30.01,2462.25,,
0.302320477,7-31-2016,17,0,10,26.78,20.6,67,8,29.19,30.01,1215,,
0.682125319,3-18-2017,8,1,10,3.05,-0.02,77.68,14.24,29.38,30.18,337.25,,
0.003384771,5-19-2017,9,0.76,10,12.4,11.07,92.67,15.48,29.17,29.96,1039,,
0.000133019,10-01-2017,15,0,10,24.06,3.36,25.52,10.16,29.31,30.1,3404.75,,
0.273529637,7-18-2016,16,0.02,10,25.45,4.5,26.08,5.67,29.37,30.17,2104.25,,
0.622575016,03-07-2016,14,0.99,10,16.94,11.82,76.92,15.04,29.1,29.89,2533.25,,
0.741655169,7-28-2016,14,0.69,10,28.01,22.98,70.22,6,29.09,29.88,3026,,
0.680623229,12-18-2016,15,0,10,-12.45,-15.68,75.96,10.64,29.77,30.57,662.25,,
0.320221303,07-12-2017,15,0.15,10,31.59,25.64,71.2,2.96,29.17,29.96,1989.25,,
0.635287756,4-29-2017,7,1,5.48,9.39,8.64,92.71,14.92,29.26,30.06,55.25,,
0.818755242,3-18-2017,17,1,10,5.01,0.84,72.04,11.2,29.48,30.28,334.5,,
0.884621368,11-02-2016,10,0.73,10,22.27,15.21,63.16,8.64,29.35,30.14,1832.5,,
0.752850452,05-12-2017,10,0,10,18.76,10.58,57.72,10.88,29.16,29.95,52,,
0.810984259,3-29-2017,10,0.03,10,12.6,4.51,55.18,19.42,29.36,30.16,2263.25,,
0.414078553,03-06-2017,17,1,9.96,15.63,14.65,92.54,26.31,29.02,29.82,31,,
0.378314692,3-28-2017,9,1,10,9.35,4.78,77.53,13.24,29.3,30.09,2611.25,,
0.768084591,3-18-2017,9,1,10,3.64,0.16,74.8,17.92,29.39,30.19,557.5,,
0.598236392,03-03-2016,7,1,10,1.18,-1.07,86.77,6.8,29.19,29.98,57.68,,
0.510769009,10-05-2016,16,0.44,10,26.64,16.03,49.4,8.08,29.2,29.99,1940.25,,
0.414688695,8-16-2016,17,0,10,27.21,22.63,72.52,2.76,29.28,30.07,1758.75,,
0.329618975,10-11-2016,7,0,10,13.56,11.25,86,4.44,29.45,30.25,117.14,,
0.858412447,01-07-2017,9,0.28,10,-13.47,-16.59,72.16,6.4,29.76,30.56,509,,
0.141049528,9-22-2016,12,0,10,31.86,15.63,35.88,6.96,29.26,30.05,4416,,
0.095072145,4-17-2017,17,0,10,20,3.84,32,2.84,29.34,30.14,0,,
0.577347731,7-19-2017,15,0.88,10,31.81,25.17,66.56,3.2,29.29,30.08,3630,,
0.033939757,10-16-2017,9,0,10,13.06,5.78,61.16,6.36,29.57,30.37,2867,,
0.316660075,08-01-2017,11,0.28,10,27.32,20.12,60.4,5.24,29.3,30.09,2346.75,,
0.008900604,10-04-2016,11,0.29,10,24.63,13.48,47.96,10.16,29.25,30.04,4376.5,,
0.351412688,11-02-2016,9,0.81,10,20.93,14.45,64.6,7,29.34,30.14,1067,,
0.839332551,10-06-2017,9,0.99,5.28,20.08,19.61,97.34,4.07,29.26,30.06,318.25,,
0.456307682,11-08-2016,17,0.54,9.88,12.39,11.04,83.4,7.28,29.39,30.19,0,,
0.136704588,2-25-2016,11,1,9.04,1.26,-0.27,83.68,17.52,29.2,29.99,3327.25,,
0.155007806,3-31-2016,16,0.29,10,16.31,10.65,21.78,22.24,8.5,29.49,2446.75,,
0.87211021,02-06-2017,12,1,1.04,6.17,6.04,94.78,7.96,29.1,29.89,269.25,,
0.139191147,08-10-2016,11,0,10,29.85,21.9,59,5,29.31,30.1,4047,,
0.860471474,5-30-2016,11,0.72,10,28.97,14.13,39.78,5.67,29.26,30.05,3835.5,,
0.054871535,7-17-2017,13,0.15,10,28.09,17.54,50.2,7.68,29.23,30.02,4604.75,,
0.894337282,9-25-2016,12,0.41,10,31.79,19.42,46.36,10.52,29.23,30.02,3925.5,,
0.058141368,4-19-2017,11,0.01,10,26.66,16.74,21.22,14.4,8.53,30.05,0,,
0.641052817,9-18-2017,14,0.83,10,28.59,19.66,58.76,2.88,29.21,30,1756.25,,
0.186399845,2-23-2017,16,0.81,9.88,15.2,11.25,76.08,13.96,28.9,29.69,149.23,,
0.901857643,2-27-2016,7,0,5.64,-1.46,-2.56,89.96,7.16,29.29,30.08,902,,
0.33676111,8-20-2016,17,0.73,10,24.68,20.32,72.92,12.24,28.92,29.71,1338.75,,
0.155823307,6-13-2016,15,0.44,10,32.05,18.8,43.45,0,29.12,29.91,2907.25,,
0.58853286,6-18-2017,6,0.98,10,21.61,20.74,91.45,11.18,28.91,29.69,53.65,,
0.847168765,8-27-2017,9,0.97,10,22.07,15.56,66.68,7.04,29.36,30.15,2844,,
0.012696999,6-22-2016,17,0.3,10,28.62,24.92,79.88,10.88,29.07,29.86,944.25,,
0.487988452,3-17-2017,15,1,8,11.45,9.01,83.81,12,29.19,29.98,906.75,,
0.832829642,03-02-2017,16,0.41,10,2.53,-4.26,59.16,15.84,29.52,30.32,975.75,,
0.393390944,06-11-2016,11,0.5,10,31.93,19.59,46.12,14.4,29.26,30.05,3996.25,,
0.504019403,03-09-2016,8,0.88,10,16.68,13.59,80.08,14,29.17,29.96,964.75,,
0.376452278,10-21-2017,9,0.42,10,18.27,11.6,64.76,13.4,29.32,30.11,726.25,,
0.550564351,5-13-2016,17,0,10,19.9,8.7,46.24,11.56,29.11,29.9,1162.25,,
0.376609067,11-13-2016,8,0,10,2.48,0.32,78.04,8.6,29.47,30.27,2156.25,,
0.79352222,03-04-2016,14,0.3,10,3.8,-2.65,64.48,2.04,29.39,30.19,3276.75,,
0.555590435,09-04-2016,7,0,10,18.43,15.7,83.16,4.4,29.39,30.19,682,,
0.69221568,8-21-2017,15,0,10,29.7,21.45,61.85,8,29.24,30.03,3107.25,,
0.640290706,05-03-2016,14,0.92,10,17.69,5.54,42.12,9.36,29.11,29.9,2250.25,,
0.033864331,12-19-2016,13,0,10,-8.69,-13.21,65.92,8.36,29.87,30.68,2704.25,,
0.664148518,3-25-2017,13,1,9.04,19.25,13.85,76.53,13.08,29.14,29.93,554,,
0.736145422,4-26-2016,12,0.55,10,24.02,14.74,58.4,12.48,29.01,29.8,936,,
0.973659803,8-24-2017,11,0.28,9.04,24.68,12.96,46.72,8.64,29.31,30.1,4505.75,,
0.529803209,12-08-2016,7,0.04,10,-6.45,-9.61,21.93,20.4,8.54,30.31,74.87,,
0.102028102,4-28-2016,12,0.54,10,18.89,14.02,76.85,8.96,29.06,29.85,2695.75,,
0.233726774,10-31-2016,14,0,10,19.19,13.92,70.68,10.6,29.2,29.99,2883.5,,
0.49961765,7-13-2017,17,0.62,10,27.73,23.88,74.2,4.48,29.22,30.01,924,,
0.29257684,06-04-2017,16,0.31,10,30.15,16.11,38.96,10.04,28.99,29.78,2111,,
0.752920213,8-19-2017,8,0,10,23.04,19.43,79.24,6.64,29.15,29.94,1407.75,,
0.897177272,9-17-2017,12,0.38,10,30.44,19.69,50.8,5.24,29.27,30.06,4073.5,,
0.325803944,08-02-2016,8,0,9,24.03,21.1,85,0,29.28,30.1,1093.5,,
0.273931518,12-17-2016,12,1,2.67,-1,-1.52,93,9.72,28.92,29.71,279.5,,
0.025711878,4-29-2017,16,0.11,2.11,12.6,12.19,27.95,22.81,10.02,29.91,183.75,,
0.362555271,04-05-2016,8,0,10,1.31,-5.63,59.52,9.52,29.66,30.46,2146.25,,
0.181744412,11-13-2016,10,0,10,9.12,0.84,54,11.76,29.45,30.25,4113,,
0.715266943,2-13-2017,16,0,10,6.35,-2.57,52.09,7.12,29.37,30.17,328.5,,
0.179597111,07-12-2017,6,0,10,23.4,21.02,79.76,8.12,29.18,29.97,174.43,,
0.289379542,2-14-2017,15,0,10,10.66,1.21,51.88,11.88,29.03,29.82,1526.25,,
0.502111698,3-26-2016,7,0,5.84,3.75,1.77,87.92,10.48,29.37,30.17,525.5,,
0.476869756,7-23-2017,12,0.64,10,30.36,23.08,61.92,13.88,29.05,29.84,3732,,
0.218295765,9-20-2016,9,0,10,27.09,20.62,63.08,4.04,29.36,30.16,2692.25,,
0.695584117,7-31-2017,6,0.15,10,19.65,15.9,73.52,3.76,29.41,30.21,166.58,,
0.501376333,03-09-2017,15,0,10,12.95,-4.52,29.68,10.88,29.24,30.03,982.75,,
0.921291115,3-17-2017,12,1,2.31,7.42,6.86,96,9.85,29.2,30,718.5,,
0.290391114,03-08-2016,10,0,10,17.58,12.06,66.92,21.48,29.18,29.97,3277.5,,
0.126266003,11-14-2016,15,0,10,16.75,8.52,55.12,13.08,29.11,29.9,788.75,,
0.343683766,4-29-2016,10,1,5.12,11.92,8.71,80.84,5.04,29.3,30.09,985.25,,
0.737618365,10-05-2017,15,1,9.43,22.33,20.27,80.21,5.81,29.3,30.1,392.25,,
0.897841153,7-26-2017,16,0,9.96,30.22,24.59,71.36,6.6,29.2,29.99,1846,,
0.211757644,05-10-2016,13,1,7.89,19.22,16.65,83.11,14.19,29.09,29.88,1020.75,,
0.713459912,03-02-2016,9,0,10,-3.66,-10.04,59.04,6.68,29.43,30.23,3831,,
0.703966035,2-21-2016,7,0,10,1.39,0.46,87.76,8.68,29.25,30.05,718.75,,
0.55715301,1-13-2017,12,0.28,10,-1.62,-4.89,74.76,14.96,29.87,30.68,1793,,
0.584009077,4-18-2017,14,0.64,10,24.81,11.82,43.12,15.08,29.25,30.04,0,,
0.609918259,09-05-2017,16,0.82,10,20.25,8.6,44.88,14.32,29.14,29.93,2457.75,,
0.411399869,6-22-2016,10,0.9,8.28,20.02,19.49,95.41,9.78,29.18,29.97,182.5,,
0.280540296,09-08-2016,12,0.83,10,24.77,23.81,91.12,6.72,29.15,29.94,1063,,
0.417344346,10-08-2016,11,0,10,17.15,4.6,42.56,10.36,29.51,30.31,4525.25,,
0.189186004,02-02-2016,17,0.83,7.26,13.51,12.56,94.26,17.15,28.69,29.47,2.93,,
0.516193689,5-21-2016,16,0,10,24.99,3.52,23.76,14.08,29.28,30.07,2848.75,,
0.66227652,10-11-2017,8,1,4.35,13.89,13.56,97.48,14.96,29.21,30.01,156.25,,
0.754570207,10-13-2017,13,0,10,24.36,15.12,56.32,12.44,29.3,30.09,4116,,
0.730987718,10-15-2016,12,1,7.15,20.27,17.05,81.51,13,29.26,30.05,773.25,,
0.692238821,10-25-2017,17,0,10,8.04,4.74,80.6,4.44,29.04,29.83,248.8,,
0.583514379,11-04-2016,6,0.14,9.04,6.2,6.3,91.32,2.84,29.61,30.42,0,,
0.580732405,9-26-2016,6,0,10,14.47,13.5,90.96,5.36,29.29,30.08,0,,
0.61663576,9-19-2017,12,1,9.96,23.47,20.21,81.36,0.96,29.17,29.96,918.5,,
0.375143109,2-23-2016,13,0,10,9.17,-0.44,49.84,15.36,29.19,29.98,3745.75,,
0.467085017,8-17-2016,12,0.47,9.89,27.34,23.2,73.63,6.52,29.31,30.11,3192,,
0.189777541,3-22-2017,16,0,10,5.55,-5.38,45.85,13.04,29.65,30.45,2996.25,,
0.926537887,3-15-2016,17,0.14,10,22.24,15.42,61.92,12.08,28.72,29.5,1272.75,,
0.232602284,3-13-2016,14,1,10,17.02,15.69,89.54,6.42,28.9,29.68,1362.5,,
0.84877365,8-13-2016,9,0.91,10,25.6,23.9,86.04,11.23,29.07,29.86,1139,,
0.258801927,02-04-2017,7,0,10,-9.24,-11.89,79.24,2.2,29.62,30.42,288.88,,
0.75661076,10-25-2016,8,0.62,10,7.99,4.96,81.92,8.4,29.63,30.43,400,,
0.995629218,4-13-2016,8,0,10,8.49,1.04,57.96,12.28,29.5,30.3,2224,,
0.648486205,7-22-2016,6,0.31,10,22.33,19.45,83,16,29.18,30,41.25,,
0.396870581,11-28-2016,6,1,10,6.89,5.63,90.04,21.72,28.87,29.65,0,,
0.514390355,7-21-2016,12,0.19,10,31.38,26.7,77,10,29.29,30.11,2704.75,,
0.702131395,5-22-2016,8,0,10,22.08,4.74,30.64,7.36,29.33,30.12,2206.5,,
0.206110993,08-02-2016,15,0.19,10,27.75,22.2,70,5,29.24,30.06,2862.25,,
0.33767708,10-09-2016,8,0,10,14.69,9.5,67.72,1.88,29.55,30.35,1643.25,,
0.29479356,5-18-2016,9,0.23,10,14.8,7.8,61.77,6.06,29.43,30.23,3348.25,,
0.672024691,2-28-2016,14,0,10,18.23,8.62,50.68,31.4,28.76,29.54,1838.5,,
0.358309274,08-11-2016,12,0.16,10,31.64,24.97,64.24,9.32,29.21,30,2819.5,,
0.668963827,10-27-2017,6,1,10,4.94,0.37,73.43,13.73,29.05,29.84,0,,
0.155484102,04-11-2017,10,1,10,11.55,7.82,75.6,10.76,29.45,30.25,1506.75,,
0.985427659,6-26-2016,17,0.83,10,26.26,23.35,80.81,1.35,29.22,30.01,113.3,,
0.413641018,02-01-2016,10,0.46,10,3.15,1.07,82.48,2.12,29.27,30.06,1947.75,,
0.33131659,11-23-2016,11,1,4.19,6.92,6.31,94.04,9.34,29.16,29.95,216.5,,
0.744675539,7-18-2017,11,0,10,28.05,17.46,50.12,3.76,29.31,30.1,4439,,
0.069069367,10-24-2017,14,1,6.44,6.44,5.09,89.86,19.08,29.01,29.8,685.25,,
0.617984667,10-02-2016,12,0.99,10,20.14,14.06,65.23,4.69,29.29,30.08,2072.75,,
0.741384923,2-21-2017,16,0.66,10,16.83,13.61,75.96,3.64,29.12,29.91,203.5,,
0.267652411,2-17-2016,11,1,10,1.56,-2.68,73.72,6.52,29.46,30.26,1453.75,,
0.809000619,12-12-2016,17,0.14,9.96,-3.04,-4.6,22.09,6.96,8.53,30.14,0,,
0.112406139,9-14-2016,9,0.77,9.47,22.12,20.19,86.08,8.08,29.42,30.23,1092,,
0.032175598,11-18-2016,10,0.88,10,19.22,13.36,65.8,20.32,29.07,29.86,1410.25,,
0.193063305,9-13-2017,7,1,10,17.78,15.86,85.96,1.27,28.98,29.77,71.2,,
0.259040863,09-07-2017,6,0,10,7.71,8.17,92.04,5.96,29.3,30.09,33.11,,
0.824381521,6-26-2017,8,0.14,10,20.58,9.33,47.4,12.04,29.38,30.18,782.75,,
0.151730714,8-26-2017,11,0,10,24.66,13.66,49.92,7.08,29.45,30.25,4225.5,,
0.274827747,11-26-2016,10,0.14,5.04,5.84,4.21,86.96,5.12,29.58,30.38,3310.25,,
0.442020951,06-11-2016,6,0,10,23.58,20.6,79.2,10.04,29.21,30,246.25,,
0.847950639,07-04-2016,15,1,7.54,23.55,21.22,85.39,1.65,29.08,29.87,2034.75,,
0.647169931,5-15-2017,12,0,10,29.04,12.7,34.24,12.68,29.15,29.94,4679.25,,
0.86164102,5-27-2017,16,0,10,23.6,18.32,68.36,2.16,29.07,29.86,2768.75,,
0.649839404,6-28-2016,12,0.83,10,23.99,15.8,60.08,9.88,29.34,30.14,2612,,
0.740189931,8-23-2016,6,0,9.96,15.68,14.71,92.88,0.2,29.43,30.23,62.5,,
0.303883717,10-10-2017,16,1,10,22.86,16.39,67.28,4.8,29.2,29.99,139.83,,
0.818780789,02-12-2017,11,0.42,10,10.19,5.56,73.68,23.64,29.34,30.13,4631.75,,
0.508431406,7-14-2016,11,0,10,24.79,16.97,62.85,7.36,29.16,29.95,3752.75,,
0.341046151,2-28-2016,10,0,10,15.05,7.54,62,22.92,28.88,29.66,4152.5,,
0.178326508,9-13-2016,8,0,10,21.71,17.38,74.16,5.36,29.33,30.12,1594.5,,
0.600213234,3-14-2017,8,0.84,10,-4.72,-7.47,77.88,6.16,29.47,30.27,72.6,,
0.113946042,5-17-2017,13,0,10,27.72,13.94,40.16,25.76,28.92,29.71,2375,,
0.492138325,12-19-2016,7,0,10,-18.39,-19.84,82.84,2.04,29.93,30.74,119.86,,
0.015436969,09-03-2016,17,0,10,24.49,15.66,54.56,6.44,29.34,30.13,1378.75,,
0.621062199,09-12-2016,16,0,10,26.06,13.82,45.84,9.24,29.27,30.06,2459.75,,
0.105651248,03-04-2017,9,0,10,3.67,-6.83,46.8,21.28,29.69,30.49,3803.75,,
0.733358341,12-12-2016,16,0.29,10,-2.32,-4.49,21.85,8.32,8.53,30.12,25.56,,
0.697111746,1-18-2017,17,0.96,10,3.2,2.52,88.89,7.81,29.31,30.11,1.52,,
0.518957595,6-23-2016,16,0,10,29.12,20.78,59.85,13.64,29.1,29.89,3045.25,,
0.324914886,08-06-2016,7,0,10,20.7,18.92,79.55,7,29.21,30,736.25,,
0.146038763,5-23-2017,9,0.81,10,17.85,13.43,73.12,2.68,29.03,29.82,1388.25,,
0.029202702,04-07-2017,16,0,10,12.87,-2,34.64,12.12,29.31,30.1,3234.5,,
0.691964227,5-28-2016,12,0,10,24.83,20.08,74.2,17.56,29.18,29.97,1868,,
0.656675012,11-21-2016,11,0,10,2.63,-4.46,58.36,1.8,29.52,30.32,4142.25,,
0.71569467,01-02-2017,7,1,0.84,1.76,1.43,99.39,6.23,29.29,30.08,12.31,,
0.192302117,10-20-2017,7,0,10,11.53,10.2,91.64,2.2,29.43,30.23,200.8,,
0.827661816,08-05-2016,10,0.82,10,26.69,22.95,76.8,6,29.17,29.96,2945.5,,
0.526824128,4-27-2017,14,1,10,9.07,6.88,82.76,16.8,28.97,29.76,1255,,
0.514760375,11-24-2016,8,1,8.92,4.36,2.82,86.8,8.72,29.4,30.2,96.78,,
0.721417465,07-04-2017,13,0.43,10,30.99,20.32,51.4,6.68,29.27,30.06,1266.75,,
0.500463923,3-23-2017,13,1,10,9.19,-2.28,44.36,15,29.44,30.24,2546.75,,
0.91801005,03-11-2016,9,0,10,6.56,3.43,80.96,12.36,29.54,30.34,2441,,
0.85044357,4-25-2016,10,0.53,10,25.13,12.98,43.92,19.76,28.98,29.77,3892.75,,
0.265899122,4-22-2017,6,0,10,6.84,3.08,77.6,13.24,29.33,30.13,50.23,,
0.993576204,7-30-2017,17,0.28,10,26.98,13.91,20.86,6.32,8.53,30.17,1981.75,,
0.979215316,3-21-2016,16,0,10,11.66,-3,34.32,10.36,29.29,30.08,2907,,
0.557302411,5-20-2016,7,0.02,10,14.72,7.58,62.4,7.72,29.34,30.14,231.25,,
0.658121744,04-10-2016,15,1,9.04,11,9.97,91.2,19.56,28.99,29.78,287.75,,
0.515856199,02-10-2016,9,0,10,-10.71,-15.06,67.12,17.44,29.3,30.09,2402.25,,
0.982866835,10-23-2017,15,0.17,10,12.6,10.41,85.89,7,28.95,29.74,458.75,,
0.089549143,12-01-2016,17,1,10,2.91,0.12,79.84,9.8,29.21,30,0,,
0.890712739,12-08-2016,17,0.04,10,-5.73,-9.18,21.58,16.08,8.54,30.45,0,,
0.642825739,8-26-2017,8,0,10,18.98,13.27,69.48,6.72,29.46,30.26,1737,,
0.61118682,09-04-2017,6,0,10,15.87,13.54,81,5.44,29.11,29.9,41.29,,
0.911553031,9-20-2017,16,0,10,32.93,20.54,47.36,8.56,29.11,29.9,1775,,
0.672356261,5-16-2016,17,0.92,10,15.72,5.85,48.8,7.72,29.35,30.15,566.25,,
0.565888021,2-13-2017,7,0,10,-4.19,-4.94,90.76,4.48,29.57,30.37,642.25,,
0.30919429,05-09-2017,15,0.03,10,24.78,17.14,73.21,13.8,29.07,29.86,2881.25,,
0.826481817,7-21-2016,16,0.44,10,31.64,26.1,72,10,29.23,30.05,2202.75,,
0.729619229,08-08-2016,6,0,10,19.26,17.31,83.04,5.36,29.24,30.03,140.63,,
0.070947715,03-05-2017,15,1,10,15.51,8.29,57.28,23.32,29.32,30.12,420.25,,
0.957279713,07-09-2017,12,0,10,29.09,16.92,46.64,7.68,29.25,30.04,4572,,
0.336419479,4-25-2016,13,0.99,10,26.28,13.08,41.44,18.72,28.95,29.74,3701.25,,
0.77515738,9-21-2016,8,0,10,23.76,18.14,71.76,0.2,29.41,30.21,1157.5,,
0.784569374,3-31-2017,10,1,9.04,5.32,4.45,91.44,15.68,28.99,29.78,707,,
0.175046004,09-11-2016,15,0.28,10,24.92,10.2,39.16,3.16,29.36,30.15,3512.75,,
0.171525474,08-02-2017,16,0.3,10,27.32,20.01,59.08,7.32,29.21,30,1968,,
0.556580274,9-29-2017,6,0.16,10,8.75,8.45,81.08,5.64,29.38,30.18,7.29,,
0.642893618,10-05-2016,13,0.98,10,27.18,16.68,50.24,10.12,29.18,29.97,3845,,
0.447086493,05-04-2017,8,1,6.4,7.97,7.53,94.92,23.76,29.04,29.83,241.25,,
0.534110885,03-04-2016,13,0.54,10,3.13,-3.68,61.92,0.12,29.41,30.21,3158.25,,
0.48133176,9-16-2017,12,0.44,10,29.96,18.02,47.8,8.32,29.3,30.09,3702.25,,
0.997767371,7-16-2017,6,0.24,9.8,19.9,18.77,89.16,7.6,29.23,30.02,242.18,,
0.191867044,05-01-2017,8,0.99,10,12.1,7.36,68.88,19.08,28.72,29.5,855.5,,
0.74328032,3-18-2017,6,0.42,10,2.38,-0.56,79,14.48,29.35,30.14,0.4,,
0.874865762,3-13-2016,12,1,7.23,15.82,15.52,96.39,5.5,28.92,29.71,1004.5,,
0.045374606,7-13-2017,8,0.39,10,24.99,23.5,88.08,7.28,29.25,30.04,520.5,,
0.009335153,05-06-2017,7,0.91,10,9.9,9.3,89.64,8.2,28.98,29.77,389.75,,
0.281578442,03-01-2017,16,1,10,5.27,0.93,72.48,29,29.07,29.86,245.5,,
0.652101121,5-29-2017,16,0.75,10,26.34,8.46,30.88,15.64,29.09,29.88,2720.75,,
0.141665709,08-09-2016,16,0.73,10,29.72,20.94,55,3.12,29.2,29.99,2403.25,,
0.880498261,6-20-2016,13,0.41,10,32.79,20.96,47,15.67,29.31,30.1,4257.75,,
0.288276284,09-10-2016,16,0.15,10,22.81,12.8,51.28,15.76,29.18,29.97,1981.75,,
0.061814968,10-27-2016,13,1,10,10.61,7.82,83.72,8.68,29.45,30.25,483.25,,
0.303688229,7-27-2017,16,0.55,10,27.75,23.66,71.87,11.32,29.09,29.88,1142.5,,
0.503335648,10-29-2016,15,0,10,25.78,15.71,51.24,14.6,29.15,29.94,1759.25,,
0.271698147,9-28-2017,6,0.28,10,10.62,8.98,82.76,6.36,29.41,30.21,8.9,,
0.936705854,05-05-2016,9,0.03,10,11.72,6.66,69.32,14.36,29.18,29.97,2311.75,,
0.150645316,6-22-2016,11,0.84,7.46,21.04,19.68,93.49,5.62,29.21,30.01,312.75,,
0.070714592,8-24-2016,14,0.72,10,29.7,25.03,76,14.16,29.19,29.98,2636.25,,
0.773338982,02-07-2017,7,0.99,8,14.41,14.1,93.89,13.65,28.63,29.41,188.08,,
0.886134775,6-29-2016,16,0,10,24.62,9.54,25.58,2.56,15.45,30.08,2776.25,,
0.43190046,2-18-2017,10,0,10,14.35,5.44,55.24,12.4,29.01,29.8,3012.5,,
0.258214426,6-24-2016,6,0,9.88,19.13,16.6,82.08,7.32,29.24,30.03,257,,
0.043254939,6-16-2016,12,0.52,10,27.66,19.28,59.92,13.68,29.07,29.86,4479.75,,
0.737025931,2-14-2017,14,0,10,11.08,1.12,50.6,13.48,29.04,29.83,2431.25,,
0.506083843,9-13-2016,10,0,10,26.39,18.29,60.72,6.72,29.33,30.12,2715,,
0.516093689,02-05-2017,17,0,10,4.04,-2.19,62.6,2.8,29.3,30.09,9.08,,
0.777952843,03-09-2017,10,0,10,9.6,-4.39,37.16,14.28,29.34,30.13,4518.5,,
0.972791421,11-18-2016,6,0,10,12.62,8.08,75.13,14.12,29.09,29.88,24.45,,
0.677020084,10-18-2017,6,0,10,5.82,4.64,92.49,4.76,29.42,30.22,0,,
0.246855476,05-06-2017,15,0.45,10,15.96,5.89,50.64,10.6,29.05,29.84,2593.25,,
0.455924987,10-30-2016,16,0.02,10,14.95,9.03,21.5,14.12,8.53,30.16,1009.75,,
0.387941565,12-13-2016,6,0.08,6.75,-1.42,-2.1,24.91,1.04,9.32,30.1,0,,
0.59679247,6-15-2017,17,0,10,31.16,14.49,33.59,2.2,29.06,29.85,0,,
0.160803836,2-28-2016,6,0,10,6.05,3.16,74.32,15.68,28.95,29.74,58.07,,
0.966698336,5-26-2017,17,1,10,22.3,19.34,89.56,11.52,28.97,29.76,242,,
0.696824425,4-24-2016,7,0,4.6,13.01,11.5,87.36,11.28,29.26,30.05,809.75,,
0.749676351,3-17-2016,17,0.52,10,13.5,-3.89,27.96,14.04,29.14,29.93,1297.5,,
0.445410715,8-19-2016,16,0.15,10,27.59,22.76,72,8.28,29.1,29.89,2118,,
0.981508405,5-19-2017,7,0.98,7.27,10.86,9.51,92.01,14.93,29.2,30,65.95,,
0.492842074,03-06-2017,8,1,10,11.94,9.59,82.47,20.08,29.21,30.01,226.5,,
0.513942994,09-10-2017,17,0,10,21.42,10.34,47.24,8.64,29.51,30.31,1334.5,,
0.699514404,1-16-2017,17,1,0.17,7.11,6.25,99.84,8.72,29.21,30,0,,
0.415755207,07-01-2017,16,0.15,10,28.12,14.22,40.64,9.96,29.19,29.98,933.75,,
0.008451961,01-03-2017,6,1,1.78,5.64,5.66,99.72,0.12,28.97,29.76,0,,
0.08369563,12-06-2016,11,1,1.84,2.29,1.14,94.32,10.12,29,29.79,969.75,,
0.060623431,8-21-2017,11,0,10,28.05,21.45,67.32,9.08,29.33,30.12,3906.75,,
0.860965079,10-18-2016,7,0.24,10,21.59,18.42,77.08,15.08,28.91,29.7,151.92,,
0.970437234,6-26-2017,7,0,10,18.3,11.36,62.08,8.52,29.37,30.17,380.25,,
0.154888385,1-22-2017,8,0.95,3.07,4.48,4.29,97.93,6.31,28.81,29.6,454.75,,
0.685297162,03-08-2017,11,0,10,11.89,-0.78,40.84,25.8,29.36,30.16,4717.5,,
0.442305487,10-23-2017,14,1,10,12.16,10.46,89.43,9.18,28.96,29.75,275.5,,
0.729941486,4-22-2017,15,0,10,17.24,0.6,30.68,17.56,29.28,30.07,3918.75,,
0.086568469,8-23-2017,7,0,10,16.57,13.57,78.12,6.32,29.29,30.08,737,,
0.201089476,9-22-2017,9,0,10,30.36,21.93,60.68,6,29.31,30.11,2673.75,,
0.362571832,10-14-2017,11,0.28,10,27.38,18.28,57.64,12.48,29.22,30.01,3739.25,,
0.157234067,08-07-2017,12,0.99,10,23.16,16.04,60.8,6.08,29.27,30.06,1625,,
0.743874159,10-03-2017,12,1,10,23.89,18.76,71.24,14.28,29.52,30.32,1111.75,,
0.729420202,10-06-2016,15,0.28,10,28.64,17.39,48.12,12.88,29.27,30.06,1622,,
0.857094458,8-29-2016,8,0,10,25.93,23.24,85.96,4.72,29.44,30.24,1572.75,,
0.515689287,08-07-2016,13,0.75,10,27,16.08,49,9.44,29.25,30.04,3367,,
0.440461222,04-08-2017,16,0,10,19.67,6,39.52,19.44,29.12,29.91,2820.25,,
0.912001175,2-15-2016,13,1,2.12,-1.13,-1.18,95.84,6,29.07,29.86,1038.25,,
0.772972743,7-26-2016,16,0,10,27.64,20.6,65,7,29.19,30.01,2821.25,,
0.131295762,8-18-2017,15,0,10,29.17,16.62,43.96,8.96,29.11,29.9,3384.5,,
0.561546894,8-26-2016,12,0.53,10,28.54,23.3,74,5.08,29.33,30.12,3995.25,,
0.354852102,04-03-2016,7,0,10,2.22,-3.84,64.44,10.32,29.27,30.06,618.25,,
0.02275439,10-13-2016,13,0,10,14.28,3.66,47.28,6.68,29.49,30.29,4604.5,,
0.325615795,06-01-2017,14,0,10,26.95,3.76,21.2,5.76,29.27,30.06,4421,,
0.649534981,10-28-2017,6,1,6.34,2.22,0.56,88.12,10.13,29.13,29.93,0,,
0.224442436,4-16-2016,15,0,10,25.96,4.93,24.4,8.36,29.44,30.24,3755.25,,
0.308556584,09-09-2017,15,0.01,10,24.67,13.48,49.12,10.32,29.52,30.32,3453.25,,
0.19344774,01-09-2017,14,1,10,-0.48,-4.98,69.32,13.04,29.44,30.24,584.5,,
0.424636187,1-15-2017,10,1,4.96,-0.26,-1.73,88.72,0.28,29.61,30.41,801.25,,
0.033829064,01-04-2017,13,0.54,10,-5.87,-10.52,68,16.52,29.31,30.11,2666.25,,
0.863407443,10-21-2016,17,0.28,10,9.81,3.28,60.52,6.76,29.34,30.14,274.7,,
0.950754635,07-12-2016,15,0,10,28.23,22.2,67,10,29.08,29.9,2593,,
0.545029561,7-25-2016,10,0.19,10,25.29,22.2,85,8,29.23,30.05,1467.5,,
0.201292286,10-22-2016,6,0,10,0.89,-0.01,88.84,5.88,29.34,30.14,0,,
0.518789242,06-10-2016,7,0,10,26.1,20.66,70.04,12.48,29.26,30.05,922.75,,
0.898602834,05-07-2016,17,0.25,10,18.04,1.84,34.04,16.04,29.04,29.83,805.75,,
0.018199516,10-17-2017,13,0,10,20.38,5.51,38.08,14.56,29.42,30.22,4355.5,,
0.445278276,11-12-2016,15,0,9.04,10.61,0.07,45.44,1.92,29.55,30.35,935.5,,
0.37124905,2-13-2016,11,0,10,-9.75,-18.72,48.24,9.28,29.8,30.61,4707,,
0.463471848,06-06-2017,10,0,10,22.71,6.61,34.72,17.24,29.22,30.01,4350.5,,
0.059853875,08-10-2017,12,0.52,10,28.34,17.8,50.12,5.84,29.31,30.1,4373,,
0.415224938,09-06-2016,12,0.63,10,31.67,24.64,63.32,11.76,29.31,30.11,3032.25,,
0.602544703,12-30-2016,17,0,10,0.87,-2.06,21.66,9.4,8.52,29.96,0,,
0.864972037,7-14-2016,12,0.01,10,28.32,24.02,75.41,8.53,29.16,29.95,3618.25,,
0.767592837,08-11-2016,9,0.54,9.96,29.01,25.98,81.48,6.76,29.24,30.03,2703.25,,
0.802494872,11-20-2016,13,0,10,1.86,-4.88,59.76,7.64,29.52,30.32,3459.75,,
0.933447422,8-30-2016,9,0,10,26.73,22.19,73.28,2.28,29.37,30.17,2775.25,,
0.256702994,6-25-2017,15,0.75,10,23.64,8.74,37.48,12.44,29.34,30.13,1230.5,,
0.560663753,7-16-2016,7,0.01,10,19.69,15.48,75.15,9.08,29.36,30.15,926.5,,
0.660896691,7-27-2017,14,0.9,8.97,26.94,23.5,72.21,7.87,29.1,29.89,2085.75,,
0.262161816,1-27-2017,12,1,10,-1.56,-3.9,80.32,15.36,29.15,29.94,317.25,,
0.247764415,7-28-2017,16,0.17,10,26.63,16.82,51.76,14.32,29.15,29.94,3137.25,,
0.101816124,06-09-2017,7,0.28,10,23.22,11.94,48.88,11.76,29.1,29.89,982,,
0.602016443,11-12-2016,8,0,10,2.88,0.94,84.44,0.28,29.69,30.49,2140.5,,
0.284785838,07-05-2016,16,0.44,10,28.41,21.1,63,9,29.1,29.92,2443.5,,
0.838582876,2-19-2016,8,0,10,10.72,5.18,66,23.4,28.95,29.73,1144.25,,
0.955683014,6-18-2017,11,0.29,10,26.43,17.1,55.8,15.4,28.95,29.74,1501.25,,
0.74527917,4-30-2017,6,1,2.8,13.7,13.47,96.93,8.54,28.98,29.78,6.78,,
0.824923614,02-07-2016,15,0.14,10,8.28,2.25,63.8,17.8,29.01,29.8,922.75,,
0.162568102,03-01-2017,11,1,8.92,6.43,4.71,84.73,29.31,28.92,29.71,490.75,,
0.801880477,5-22-2017,14,0.14,10,22.26,9.36,42.24,14.4,29.22,30.01,4635.75,,
0.535991268,2-26-2017,6,0.96,10,-6.27,-7.98,81.04,7.36,29.3,30.09,80.27,,
0.913499954,06-06-2017,8,0,10,19.9,12.01,59.72,15.6,29.22,30.01,2486.5,,
0.853536194,10-18-2016,10,1,10,24.53,19.43,70.78,17.89,28.95,29.74,735.5,,
0.319485079,2-16-2016,6,0.94,10,-5.35,-5.12,90.62,2.69,29.03,29.82,14.64,,
0.178259995,9-19-2017,15,0.14,10,26.93,19.38,63.28,0.2,29.12,29.91,3184.25,,
0.848260718,9-30-2016,6,1,8.08,15.47,15.31,96.72,9.4,29.3,30.09,0,,
0.09479224,3-28-2017,8,1,10,7.57,4.64,79.88,9.48,29.29,30.08,809.5,,
0.246520657,5-27-2017,17,0,10,22.98,18.54,71.96,1.2,29.08,29.87,1461.5,,
0.040468559,2-21-2016,6,0,10,0.97,0.32,87.76,9.08,29.24,30.03,20.58,,
0.008712731,06-07-2016,12,0.8,10,21.97,7.64,39.28,15.92,29.09,29.88,4098.5,,
0.380331172,5-18-2016,13,0.65,10,19.62,6.56,40.92,8,29.39,30.19,2753.75,,
0.469910172,10-06-2017,6,1,4.37,19.9,19.52,96.72,6.18,29.27,30.06,0,,
0.42634674,03-05-2016,10,1,4.54,5.27,2.65,81.46,12.08,29.28,30.07,1422.5,,
0.352117897,05-05-2017,9,0,10,11.46,6.53,68.76,24.4,28.98,29.77,3790,,
0.052315896,10-10-2016,8,0,10,14.5,10.52,76.72,0.12,29.55,30.35,1432.75,,
0.127925195,11-16-2016,14,0,10,17.4,8.22,53.28,3.64,29.14,29.93,1918.25,,
0.408213162,3-17-2017,8,1,8.09,4.51,3.02,87.9,10.44,29.24,30.03,228.3,,
0.491818721,10-06-2016,12,0.65,10,28.67,18.17,51.84,5.52,29.3,30.09,3083.25,,
0.024840156,5-26-2016,7,1,5.38,19.43,18.94,88.66,13.12,29.2,29.99,374.75,,
0.201083418,9-25-2017,7,0,10,20.8,16,74.4,1.8,29.26,30.05,313.85,,
0.560733693,12-28-2016,12,0,10,5.74,0.85,70.36,17.68,29.14,29.93,3375,,
0.677172869,02-02-2017,7,0,10,-6.9,-11.73,67.76,11.76,29.6,30.4,114.2,,
0.667255988,7-20-2017,16,0,10,32.52,26.5,67.28,8.68,29.17,29.96,2815.25,,
0.060468318,05-09-2016,11,1,6.08,16.65,14.82,90.11,10.15,29.13,29.93,361.25,,
0.09365792,03-12-2016,17,1,10,13.5,9.89,79,8.15,29.21,30,45.11,,
0.486739552,02-09-2016,9,1,3.48,-7.53,-10.06,78.32,16.86,29.05,29.85,638,,
0.383320769,1-24-2017,12,1,10,4.63,1.25,76.84,1.2,29.08,29.87,645,,
0.842779323,10-21-2017,11,0,10,23,14.34,58.56,15.24,29.31,30.11,2642.75,,
0.129936499,12-08-2016,11,0.04,9.96,-5.43,-9.16,21.7,18.6,8.54,30.38,1229.75,,
0.013114824,3-23-2017,10,0.92,10,4.78,-3.47,55.24,13.68,29.56,30.36,962,,
0.743063941,04-02-2017,17,0,10,17.35,6.08,37.81,8.4,22.27,29.93,976.25,,
0.661679232,09-02-2016,12,0.3,10,23.93,13.56,51.44,10.68,29.41,30.21,4317,,
0.822762664,5-21-2016,9,0,10,19.8,7.43,43.36,8.88,29.32,30.11,3006.25,,
0.518569589,05-12-2016,6,0,9.84,17.6,16.82,90.12,9.88,29.18,29.97,302,,
0.676108229,06-12-2017,15,0,10,33.7,18.74,39.52,11.56,29.15,29.94,3518.75,,
0.883335416,02-02-2016,12,1,5.93,6.34,4.93,90.56,20.46,28.85,29.64,325,,
0.425077016,05-12-2016,7,0.5,9.96,18.55,17.57,90,14.38,29.18,29.98,575,,
0.132007756,2-28-2016,13,0,10,18.64,9.48,54.08,26.2,28.77,29.55,4029,,
0.726285951,5-20-2017,9,1,4.7,14.33,13.73,98.15,16.07,29.17,29.96,84.08,,
0.317223835,7-16-2017,15,0.98,10,29.61,22.53,64.28,0.96,29.17,29.96,2924.75,,
0.379249953,9-15-2016,7,0.99,4.58,18.72,18.03,93,8,29.42,30.22,313.5,,
0.805400609,02-10-2016,17,0.45,10,-6.97,-13.04,59.64,8.88,29.3,30.09,15.3,,
0.358181304,02-11-2017,12,0,10,15.17,10.25,72.96,0.32,29.09,29.88,3458.5,,
0.503612712,10-25-2016,7,0,10,6.1,4.4,87.8,7.96,29.61,30.41,53.59,,
0.271989936,9-17-2016,11,0.55,10,25.51,19.48,67,10.44,29.19,29.98,3309.5,,
0.052481277,3-29-2016,9,0,10,10.38,1.22,52.24,10.84,29.53,30.33,3258.25,,
0.217492294,10-02-2017,16,0,10,27.33,9.52,31.88,11.64,29.36,30.16,1854.5,,
0.031946947,09-06-2016,11,0.64,10,31.15,24.96,66.72,10.04,29.33,30.12,3668.25,,
0.194716538,09-09-2016,9,1,5.5,21.69,21.91,98.04,6,29.19,29.98,601.25,,
0.956657327,09-11-2016,11,0.01,10,22.78,10.54,45.44,0,29.43,30.23,4369.75,,
0.853123802,9-18-2016,14,0,9.04,28.19,11.08,32.72,1.16,29.17,29.96,3264,,
0.670074503,05-02-2017,17,0.91,10,12.74,6.06,63.72,15.68,29.17,29.97,1200,,
0.136206498,8-18-2017,17,0,10,27.3,18.65,56.32,6.72,29.11,29.9,1564.5,,
0.172079067,07-01-2017,12,0.43,10,27.76,17.44,52.36,11.16,29.2,29.99,1292,,
0.605450762,10-07-2016,10,0.91,10,22.32,16.06,64.56,12.48,29.3,30.09,1851.25,,
0.418423659,05-07-2016,12,0.81,9.93,21.3,16.55,74.13,10.33,29.01,29.8,1510,,
0.021584309,08-12-2016,6,0.28,6.42,24.18,23.92,96.77,5.57,29.1,29.9,167.9,,
0.125600466,6-22-2016,6,0.98,3.99,18.7,18.78,96.72,6.81,29.21,30,0,,
0.288494147,05-01-2016,14,0.99,7.12,17.84,14.49,84.72,6.32,29.14,29.93,2462.75,,
0.908301689,5-31-2016,8,0,10,24.32,15.97,56.24,4.4,29.2,29.99,1154,,
0.227850306,08-12-2016,12,0.3,10,29.61,25.44,76.24,7.76,29.07,29.86,1793,,
0.122117908,9-30-2017,6,0,10,8.89,7.47,90.24,2.24,29.59,30.39,6.88,,
0.180838881,8-22-2016,8,0,10,20.31,16.21,75.12,0,29.41,30.21,1925,,
0.111181489,04-10-2017,7,0.58,10,17.3,13.23,76.35,7.08,29.14,29.93,38.09,,
0.136332174,12-05-2016,16,0,10,2.8,1.96,92.72,6.12,29.17,29.96,36.34,,
0.744966156,02-08-2017,7,1,10,-0.65,-2.09,84.72,3,29.06,29.85,31.9,,
0.388637557,1-26-2017,9,1,10,-0.46,-1.92,87.94,22.11,29.1,29.89,230,,
0.901070685,02-05-2017,13,0,10,7.28,-1.95,53.04,11.24,29.25,30.04,3932.75,,
0.520646806,6-20-2016,7,0,10,26.37,22.32,75.72,12.4,29.39,30.18,998.5,,
0.725921093,07-12-2016,14,0.19,10,28.77,23.25,68.58,11.73,29.1,29.89,2309.75,,
0.335196254,4-19-2016,14,0,10,25.87,4.55,22.64,10.84,29.32,30.11,2244,,
0.009877833,02-11-2017,13,0,10,16.41,11.56,71.68,8.76,29.05,29.84,3126.75,,
0.3790917,03-11-2017,12,0.28,10,0.08,-16.78,26.56,8.68,29.67,30.47,3444.5,,
0.59170058,3-27-2017,17,1,10,14.13,12.41,87,9.45,29.04,29.83,286,,
0.080381407,11-26-2016,14,0.53,10,8.81,4.89,73.47,13.85,29.49,30.29,1315.5,,
0.856477648,03-03-2016,8,1,7.31,1.2,-0.67,90.31,7.69,29.2,29.99,130.25,,
0.14473053,11-27-2016,15,0.83,6.32,6.46,4.86,86.84,15.08,29.14,29.93,216.35,,
0.572280884,08-06-2017,11,1,10,20.34,16.87,79.6,5.72,29.26,30.05,688.25,,
0.22415554,7-22-2017,12,0,10,28.27,23.63,72.72,6.68,29.05,29.84,3067.75,,
0.108587768,2-29-2016,17,0,10,12.24,2.78,20.94,9.88,8.52,29.93,100.01,,
0.312917734,3-25-2016,15,0.81,10,7.45,1.91,66.2,2.8,29.28,30.07,3762,,
0.132925586,9-18-2017,16,0.4,10,28.1,20.43,61.77,9.48,29.17,29.96,1353.5,,
0.378953492,03-12-2017,11,0,10,0.46,-15.01,30.6,0.2,29.66,30.46,4448.5,,
0.766835986,02-09-2017,16,0,10,-8.07,-13.31,61.8,7,29.56,30.36,37.9,,
0.405734404,08-08-2016,7,0.23,10,21.02,17.95,78.65,6.65,29.25,30.04,849,,
0.108696067,09-10-2016,6,1,3.96,20.47,20.64,96.71,5.74,29.09,29.89,0,,
0.935272362,09-02-2017,16,0,10,23.16,7.72,35.6,7,29.2,29.99,2822.5,,
0.108986849,10-26-2016,15,1,9.76,15.33,14.23,89.88,7.32,29.24,30.03,70.98,,
0.362705113,7-18-2016,7,0.04,10,24.84,23.45,87.84,2.88,29.34,30.13,667.75,,
0.282080753,5-16-2016,16,0.66,10,16.08,4.97,43.84,11.2,29.36,30.16,559.5,,
0.001126743,12-30-2016,7,0,10,-3.24,-5.63,79.08,9.92,29.34,30.14,144.59,,
0.920638354,01-08-2017,12,0,10,-10.1,-16.26,57.68,6.32,29.88,30.69,3051.5,,
0.074179743,4-22-2016,11,0.74,7.44,17.9,12.35,76.69,15.8,29.21,30.01,4446.5,,
0.892502105,09-02-2017,13,0,10,22.25,10.21,45.56,7,29.23,30.02,4710.75,,
0.977854367,1-19-2017,10,0.02,4.32,4.54,3.73,93.96,8.52,29.18,29.97,735.5,,
0.854088225,1-22-2017,13,0.94,3.96,8.37,7.73,92.57,12.74,28.75,29.53,1208.75,,
0.482540466,6-27-2016,17,0,10,28.02,14.05,39.22,11.57,29.25,30.04,1927,,
0.126480015,05-04-2016,8,0.97,10,12.11,8.99,80.67,16.74,28.95,29.73,1988.25,,
0.884318671,09-04-2016,6,0,9.96,15.64,14.37,90.12,3.16,29.38,30.17,54.9,,
0.404142166,07-12-2017,10,0,10,30.15,25.18,72.96,11.8,29.18,29.97,3852.5,,
0.421953044,11-17-2016,7,0.14,9.96,8.74,6.75,86.84,6.48,29.11,29.9,462.75,,
0.287793754,6-14-2016,7,0.06,6.96,23.6,22.49,92.38,6.11,29.1,29.89,105.51,,
0.34029078,08-03-2016,9,0.75,10,26.88,21.1,69,8,29.26,30.08,2165.25,,
0.632988187,09-07-2016,9,0,10,29.16,24.77,75.6,7.72,29.29,30.08,2701.75,,
0.500254569,7-19-2017,10,0,10,28.89,24.56,75.52,6,29.34,30.13,3745.75,,
0.544215667,7-15-2016,11,0,10,25.81,19.48,67,10.6,29.24,30.03,4379,,
0.292984431,5-25-2016,10,0,10,27.84,16.87,51.44,9.68,29.22,30.01,3486,,
0.071733033,06-10-2017,15,0,10,30.62,11.7,29.52,16.6,29.09,29.88,3880.75,,
0.549198396,8-13-2016,6,1,2.74,23.46,23.58,97.96,5.8,29.04,29.83,18.55,,
0.735969416,05-12-2016,10,1,3.21,18.89,17.9,92.5,12.53,29.19,29.98,450.25,,
0.571173181,07-08-2017,9,0.24,10,24.87,17.51,66.88,7.32,29.26,30.05,3264,,
0.60361088,2-27-2017,16,0.3,10,14.04,3.06,20.75,9.16,8.53,30.07,753.5,,
0.773177726,7-26-2016,12,0.19,10,26.76,20,67,7,29.24,30.06,2625.75,,
0.75941441,2-14-2016,13,1,0.72,-6.91,-8.45,86.76,14.65,29.32,30.12,1432.75,,
0.728973969,09-06-2017,13,0.92,10,18.46,7.88,48.96,13.24,29.25,30.04,2334.5,,
0.318962566,1-21-2017,6,0.96,1.04,7.3,7.23,99.72,6.92,28.79,29.57,0,,
0.94838028,4-21-2017,6,0,10,8.47,4.8,75.92,9.36,29.28,30.07,151.4,,
0.498013541,08-08-2017,8,0,10,20.66,13.04,60.04,5.8,29.41,30.21,2082.75,,
0.513750082,02-06-2017,10,1,4.14,5.52,4.17,90.76,9.36,29.17,29.96,810.5,,
0.566845944,7-21-2017,17,0.07,10,31.6,27.02,73.07,5.77,29.1,29.89,2108.5,,
0.150814609,2-23-2016,6,0,10,-1.23,-2.91,86,9.4,29.27,30.06,55.8,,
0.59854327,09-10-2017,8,0,10,15.12,9.67,68.92,5.48,29.63,30.44,1912.75,,
0.493629764,03-01-2017,15,1,10,5.74,2.03,76.9,29.96,29.03,29.82,767.75,,
0.158418485,02-03-2016,9,1,10,3.14,0.42,79,20.56,28.91,29.7,337.75,,
0.464993559,12-10-2016,10,0.04,10,-3.81,-8.3,21.62,3.48,8.55,30.55,1075,,
0.243021746,9-18-2016,7,0.15,9.92,19.27,18.1,91.4,3.64,29.2,29.99,428,,
0.749811896,04-08-2016,8,1,8,5.01,3.01,86.51,15.67,29.05,29.84,665.75,,
0.924096432,02-06-2017,9,0.34,7.75,4.03,1.79,81.82,11.14,29.18,29.97,583,,
0.798185287,8-23-2017,10,0,10,23.24,12.59,50.88,8.4,29.31,30.1,3969,,
0.183960876,04-10-2017,13,0.38,10,18.9,15.62,77.8,18.16,29.1,29.9,615.25,,
0.919258611,12-13-2016,10,0.14,6.14,-2.39,-4.14,28.59,13.75,10.74,30.18,68.03,,
0.827210976,3-27-2017,14,1,10,15.7,11.64,75.73,8.5,29.06,29.85,1688.5,,
0.980650891,8-30-2016,6,0.14,4.6,21.88,22.52,95.88,5.24,29.38,30.18,57.9,,
0.298452667,3-13-2016,16,1,8.4,16.41,15.49,90.96,7.72,28.88,29.67,621.25,,
0.798650599,3-19-2016,10,0.92,10,6.74,-0.36,58.96,6.72,29.35,30.14,3010.75,,
0.814733579,8-13-2017,9,0,10,22.61,12.98,52.44,7.96,29.3,30.09,2965,,
0.444390327,7-28-2016,13,0.19,10,27.6,22.8,72,6,29.07,29.89,4184,,
0.059999663,6-18-2016,12,0.23,10,29.35,13.62,35.35,8.65,29.4,30.21,4448,,
0.57325157,10-14-2017,13,0.54,10,29.04,19.82,57.92,14.76,29.15,29.94,3592.75,,
0.059621222,6-28-2016,9,0.64,10,22.98,17.23,70.16,7.08,29.36,30.15,3083.75,,
0.171602462,02-09-2017,13,0,10,-7.65,-13.07,63.92,12.36,29.59,30.39,281,,
0.900494073,3-28-2017,15,1,10,13.18,7.19,67.49,11.89,29.3,30.09,2642.75,,
0.709413358,01-01-2017,17,0,10,1.05,-2.24,76.84,6.36,29.3,30.1,0,,
0.487498472,7-24-2017,13,0.75,10,25.62,18.88,63.11,7.92,29.22,30.01,3392,,
0.472949162,04-08-2017,13,0,10,19.05,4.26,36.04,18.88,29.19,29.98,4610.25,,
0.160889516,4-23-2016,10,0.55,9.96,14.31,9.2,67.69,3.42,29.38,30.18,3563.5,,
0.751856434,02-11-2017,16,0.61,10,17.07,13.75,78.54,2.38,29.02,29.82,86.13,,
0.512468582,07-01-2017,10,0.28,10,26.95,18.26,56.64,11.6,29.2,29.99,1389,,
0.943971677,3-19-2017,13,0,10,11.39,1.13,49.16,7.8,29.5,30.3,4709.5,,
0.760525365,12-08-2016,6,0.03,10,-6.53,-9.5,23.69,20.31,9.33,30.29,0,,
0.693751837,4-24-2016,8,0,6.28,16.03,11.99,74.92,14.2,29.23,30.02,2167,,
0.679550592,9-24-2016,17,0.01,4.24,28.14,20.12,60.84,8.72,29.28,30.07,350.75,,
0.483401686,9-17-2016,13,0.29,10,26.68,17.83,55.92,8.76,29.16,29.95,4168,,
0.000487983,05-03-2016,9,0,10,15.3,6.5,54.64,11.6,29.2,29.99,3436.75,,
0.091396545,7-19-2016,9,0.63,9.04,23.67,17.17,67,5,29.45,30.25,2531.5,,
0.396452788,2-13-2016,12,0,10,-8.82,-17.76,48.04,7.76,29.79,30.59,4664.5,,
0.084026043,1-29-2017,17,1,6.42,-1.84,-4.94,77.19,13.58,29.11,29.9,1.14,,
0.233066094,02-06-2016,11,0,10,3.8,-0.97,67.88,8,29.48,30.28,4331.5,,
0.107830531,10-17-2017,7,0.14,10,10.65,5.02,68.36,10,29.51,30.31,247.68,,
0.953449228,04-07-2016,16,0.92,10,7.02,-0.47,58.64,16,29.02,29.81,1691.5,,
0.439135489,6-24-2016,17,0.82,10,25.27,11.13,39.36,4.41,29.26,30.05,1669.5,,
0.682875553,7-13-2017,11,0.73,10,27.29,24.07,79.52,7.33,29.27,30.07,2734.25,,
0.900296236,6-13-2017,6,0,10,26.43,22.88,78.36,7.08,29.22,30.01,262.5,,
0.185285103,05-06-2016,11,0,10,21.29,2.86,27.76,7.56,29.22,30.01,4307,,
0.883170211,07-01-2016,17,0.43,10,24.31,13.47,47.52,8.04,29.29,30.08,1637.75,,
0.203817969,03-12-2016,16,1,10,14.04,9.71,75,7.76,29.23,30.02,226,,
0.660055934,6-28-2016,6,0,10,19.92,16.62,77.8,9.96,29.33,30.12,217.5,,
0.919490007,7-22-2016,14,0,10,28.37,22.2,67,5,29.23,30.05,3681.75,,
0.344161347,2-16-2016,10,0.52,7.08,-1.37,-3.54,84.04,5.72,29.05,29.84,3950.75,,
0.161080886,4-27-2017,13,1,10,9.49,6.94,79.88,19.68,28.95,29.73,1347.25,,
0.604326199,5-23-2017,11,0.83,10,19.33,12.97,64.68,5.96,28.98,29.77,1976,,
0.842004804,7-17-2017,9,0,10,23.84,16.69,62.8,9.28,29.25,30.04,3157,,
0.639037347,01-07-2017,17,0.96,10,-8.7,-10.99,73.84,9.92,29.75,30.55,0,,
0.344939646,04-01-2016,10,0.91,10,8.68,4.94,73.56,24.28,28.98,29.77,2839,,
0.625253,9-25-2016,10,0.39,10,29.06,20.39,60.2,8.72,29.28,30.07,3325.75,,
0.988190381,5-23-2016,12,0,10,27,5.54,24,4.44,29.2,29.99,4394.75,,
0.734906902,10-01-2016,6,1,3.88,15.44,15.06,95.62,3.5,29.21,30,1.49,,
0.965633283,9-26-2016,15,0,10,23.01,0.75,22.04,16.92,29.22,30.01,3575.5,,
0.300425892,10-22-2017,7,0.56,10,18.88,15.29,79.47,15.23,29.19,29.98,83.58,,
0.512811166,08-10-2016,12,0,10,30.18,21.1,57,7,29.28,30.1,4267,,
0.5678903,8-22-2017,9,0.9,9.96,22.61,21.09,88.04,10.27,29.15,29.94,991.75,,
0.185911376,4-17-2017,10,0,10,18.19,4.41,38.76,9.48,29.39,30.19,292.75,,
0.298506808,08-09-2017,16,0.15,10,26.4,13.82,43.8,2.76,29.35,30.15,2716.5,,
0.985083659,11-02-2016,13,0.44,8.15,22.38,18.87,89.95,4.38,29.31,30.11,695,,
0.910499781,09-05-2017,7,0,10,14.63,10.73,76.16,14.12,29.15,29.94,646,,
0.308117692,02-06-2016,6,1,7,-3.27,-4.39,91.72,3.8,29.51,30.31,1.51,,
0.42281727,7-18-2016,13,0.56,10,27.5,24.73,83.12,6.59,29.39,30.19,4342.25,,
0.956653678,2-28-2016,17,0.04,10,15.08,10.07,21.85,17.12,8.51,29.55,26.03,,
0.966489436,01-02-2017,16,1,1.34,7.82,7.67,99.84,1.2,29.13,29.92,3.24,,
0.382496065,8-17-2016,14,0.3,9.96,28.27,23.09,70.8,6.2,29.29,30.08,3897.5,,
0.258391195,08-08-2016,17,0,10,27.41,20.66,61.88,2.04,29.19,29.98,1136.25,,
0.451444876,9-23-2017,6,0.01,5.68,19.79,19.69,92.88,0.2,29.3,30.09,10.28,,
0.261702486,11-12-2016,11,0,10,8.42,0.32,54.8,4.36,29.66,30.46,4204.75,,
0.813673884,7-31-2016,10,0.19,10,25.38,20.6,69,7,29.23,30.05,3800.75,,
0.688572019,5-30-2016,16,0.18,10,27.67,9.53,23.94,6.48,15.41,29.97,1381.25,,
0.740597708,06-04-2016,6,1,4.79,17.95,17.55,92.93,5.66,29.14,29.93,47.25,,
0.307460132,8-23-2016,8,0,10,21.79,18.08,78.56,7.76,29.45,30.25,1913,,
0.660318585,10-15-2016,16,0,10,23.77,17.49,66.32,12,29.2,29.99,1460.25,,
0.049837409,4-17-2017,14,0.14,10,21.11,1.94,26.48,4.4,29.36,30.16,0,,
0.169590679,10-29-2016,6,0,10,17.02,14.93,83.76,15.6,29.2,29.99,0,,
0.025583323,5-22-2016,17,0,10,27.42,6,24.36,16.4,29.19,29.98,1639.5,,
0.4981642,5-19-2016,13,0.14,10,21.46,4.14,30.92,7.56,29.36,30.16,4418.25,,
0.577855066,6-21-2017,6,0,10,20.12,17.94,86.04,6.2,29.17,29.96,80,,
0.710522211,07-02-2016,6,0,10,14.19,11.57,79.92,2.84,29.38,30.18,178.5,,
0.806134759,02-10-2017,7,0,10,-3.74,-6.6,77.64,18.08,29.3,30.09,21.05,,
0.398204935,7-19-2016,15,0.19,10,30.19,22.8,59,7,29.38,30.2,2181.5,,
0.973164082,1-23-2017,15,0.96,10,4.43,2.96,84.25,11.62,28.15,29.75,121.88,,
0.441151402,10-16-2017,7,0,10,6.91,5.44,91.56,5.56,29.56,30.36,257.25,,
0.479327861,9-15-2016,15,0.28,10,27.75,18.8,56.36,4.08,29.31,30.11,2593.75,,
0.966316015,3-30-2017,17,0.03,10,13.87,13.26,22.57,4.4,8.51,29.52,231.5,,
0.462276109,8-15-2016,17,1,4,23.48,23.12,96.77,14.62,29.14,29.93,141,,
0.488312322,6-24-2017,17,0.15,10,23.24,6.37,33.28,16.56,29.28,30.07,729.25,,
0.040512045,9-23-2017,11,0.54,10,31.82,20.19,51.4,0.96,29.31,30.11,4018.25,,
0.046373782,5-17-2016,16,1,10,13.4,10.35,77.88,6.64,29.36,30.16,473.25,,
0.112483338,10-11-2017,14,1,4.74,16.03,15.13,94.74,7.81,29.29,30.08,344.5,,
0.074831982,10-01-2017,7,0,10,10.48,6.98,78.28,5.72,29.47,30.27,286.5,,
0.127473744,9-22-2016,10,0,10,29.61,17.09,45.32,8.04,29.3,30.1,3718.75,,
0.612152709,11-05-2016,14,0,10,17.24,8.96,54.32,5.04,29.54,30.34,2286.25,,
0.602435044,7-16-2017,17,0.01,10,28.74,22.64,69.47,10.58,29.15,29.94,1378.75,,
0.381273432,8-13-2016,17,0.98,10,25.36,22.28,79,7.08,29.13,29.92,1223.75,,
0.897974986,09-06-2017,10,0.16,10,16.96,8.89,21.14,11.64,8.52,30.03,4089,,
0.232296523,4-17-2016,9,0,10,23.37,5.95,31.72,4.72,29.59,30.39,3360.25,,
0.422427195,04-07-2017,17,0,10,12.36,-0.82,38.88,8.76,29.31,30.1,1824.25,,
0.523053343,05-05-2017,8,0,10,10.01,6.03,73.88,24.2,28.97,29.76,2548.5,,
0.509718257,10-05-2016,10,0.38,10,24.19,17.03,61.12,13.8,29.19,29.98,3320,,
0.366618017,2-23-2017,14,0.98,9.89,15.76,11.13,70.88,10.15,28.92,29.71,963.75,,
0.381847851,3-20-2017,6,1,8.24,7.36,6.2,89.08,11.75,29.24,30.03,0,,
0.7531643,5-14-2016,8,1,10,7.23,2.3,69.16,22.72,29.26,30.05,1676.25,,
0.14472486,1-23-2017,10,1,10,3.49,2.66,92.84,12.68,28.99,29.78,258.25,,
0.155990241,8-24-2017,13,0.42,10,25.04,13.14,47.08,8.12,29.3,30.09,3942.5,,
0.061069454,5-27-2016,6,0.73,10,19.61,18.54,90.96,8.4,29.15,29.94,306.5,,
0.654345493,4-17-2017,13,0,10,20.55,2.47,28.52,3.2,29.37,30.17,0,,
0.955113819,03-06-2016,6,0.87,2.13,-1.01,-0.17,95.06,6.47,29.46,30.27,140.66,,
0.304596314,03-10-2017,11,0,10,2.51,-12.47,32.4,17.36,29.62,30.42,4566.25,,
0.348623791,4-23-2016,7,0.41,10,7.97,5.07,77.23,5.62,29.39,30.19,597.75,,
0.900693374,05-09-2017,8,0.4,10,14.96,10.65,76.72,11.8,29.1,29.89,1907.5,,
0.959081759,8-30-2016,14,0.14,10,28.56,24.39,76.8,6.6,29.31,30.1,3467.75,,
0.794874694,4-21-2016,13,0.73,10,19.82,13.31,63.12,5.52,29.03,29.82,2247.5,,
0.27050463,2-15-2017,14,0,10,5.68,-6.79,40.12,17,29.12,29.91,3681.25,,
0.961810599,3-18-2016,14,0.14,10,10.22,-2.51,39.32,7.24,29.27,30.06,3667.75,,
0.991842524,10-20-2016,7,1,7.68,12.63,12.38,95.66,2.92,29.28,30.07,1.36,,
0.709187196,07-05-2017,15,0,10,29.24,21.91,63.56,4.48,29.27,30.06,507.75,,
0.591245418,11-25-2016,12,1,10,4.78,1.76,75.88,8.04,29.53,30.33,637.5,,
0.699498615,3-14-2016,16,1,10,13.98,12.38,83.96,7.4,28.92,29.71,419.75,,
0.465296732,6-23-2016,6,0.28,10,26.48,23.98,85,8.36,29.04,29.83,254.5,,
0.877278971,3-22-2017,12,0,10,3.69,-5.97,49.2,13.76,29.72,30.52,4716.25,,
0.749336677,05-08-2016,15,0.04,10,17.74,11.17,64.96,2.04,29.15,29.94,2549.5,,
0.073344138,9-13-2016,15,0,10,30.16,18.77,50.36,8.68,29.28,30.07,3390.5,,
0.54745441,9-14-2016,16,0.91,10,25.62,17.94,60.92,9.08,29.37,30.17,1095.5,,
0.406473437,6-21-2016,14,0,10,27.89,17,48.96,9.4,29.21,30,4343,,
0.940300257,10-17-2017,14,0,10,20.72,5.22,37.08,15.04,29.41,30.21,3852.25,,
0.65279418,8-17-2017,12,0.75,10,27.38,21.37,68.69,11.88,29.04,29.83,2627.5,,
0.999652989,08-07-2017,10,0.91,10,22.7,17.35,70,8.04,29.25,30.04,2546,,
0.226665423,3-27-2017,6,0.96,0.76,7.17,7.79,98.44,1.28,29.14,29.93,7.8,,
0.172467164,12-16-2016,13,1,10,-5.1,-11.82,57.76,15.32,29.2,29.99,260,,
0.973611839,10-13-2017,14,0,10,25.15,14.93,53.08,9.32,29.29,30.08,3630.5,,
0.011509488,4-21-2017,9,0.8,10,11.08,5.21,65.67,8.78,29.3,30.09,2136.75,,
0.24064725,12-17-2016,8,1,1.5,-0.15,-0.12,99.15,0.5,28.87,29.66,78.73,,
0.691495026,2-25-2017,11,0.92,10,-1.35,-6.59,66.76,19.44,29.15,29.94,3451.5,,
0.119079504,06-01-2017,12,0,10,26.18,3.78,21.6,7.68,29.31,30.1,4333.25,,
0.375260841,12-09-2016,14,0.08,9,-3.41,-8.08,22.39,8.07,9.35,30.53,473,,
0.813793773,10-08-2017,16,0.91,10,23.68,12.31,49.92,8.68,28.95,29.74,978.5,,
0.512080754,4-17-2017,16,0,10,20.86,0.66,24.2,0.24,29.34,30.14,0,,
0.674008858,1-15-2017,8,1,4.68,-1.28,-2.59,91.72,0.28,29.62,30.42,284.5,,
0.234529658,04-03-2017,8,1,10,13.43,10.39,80.96,11,28.79,29.57,271.25,,
0.087684959,12-09-2016,11,0.07,8.15,-3.47,-8.67,22.7,8.89,9.35,30.56,1926,,
0.374884059,3-20-2016,10,0.57,10,6.32,-3.78,47.72,11.76,29.39,30.18,4093.75,,
0.381723837,4-21-2016,7,1,3.72,15.03,14.73,94.28,5.16,29.08,29.87,216.5,,
0.572582625,07-11-2017,16,0.28,10,28.51,24.92,79.96,10.8,29.15,29.94,2618.75,,
0.433405436,6-15-2016,11,0.44,10,30.84,25.94,75.77,10.23,29.01,29.8,3672,,
0.785248857,10-16-2016,11,1,9.89,19.03,18.05,90.92,8.15,29.18,29.97,430.25,,
0.666932662,06-07-2017,8,0,10,19.24,10.55,44.33,14.32,22.38,30.1,2481.25,,
0.890613059,3-20-2017,13,0.01,10,19.33,10.85,59.88,5.68,29.11,29.9,3956.75,,
0.949018025,08-04-2017,8,0.98,10,15.08,10.8,75.43,15.08,29.19,29.98,1439.75,,
0.82320739,08-05-2016,13,0.99,10,27.15,23.55,77.85,6.77,29.14,29.93,2605.25,,
0.411288849,3-14-2016,10,1,4.84,13.29,12.51,95.51,5.81,28.92,29.7,747.25,,
0.567272849,08-11-2017,15,0.29,10,27.14,18.09,55.56,10.28,29.2,29.99,3139.25,,
0.533151299,06-05-2016,14,0.53,10,25.04,14.9,51.68,17.88,28.96,29.75,3646.25,,
0.650217626,12-28-2016,8,0,10,-1.04,-2.52,89,6.72,29.3,30.09,1068.75,,
0.246944295,7-25-2016,16,1,10,27.78,23.3,74,0,29.18,30,1319.5,,
0.729142961,07-01-2017,8,0,10,24.42,19.76,73.12,9.96,29.19,29.98,725.5,,
0.821775434,08-01-2017,14,0.72,10,25.38,19.69,60.84,8,29.27,30.06,2444.5,,
0.049350022,1-24-2017,13,1,10,4.65,1.73,79.72,2.16,29.06,29.85,435.25,,
0.824951164,04-10-2016,12,1,9.04,8.92,5.73,83.72,12.68,29.05,29.84,455,,
0.67450231,10-11-2017,17,1,6.95,15.47,15.02,97.42,5.78,29.31,30.11,78.63,,
0.571955312,8-20-2016,10,0.88,8.59,25.18,23.8,89.61,11.53,28.9,29.68,1494.25,,
0.227248112,07-01-2016,8,0.96,10,20.24,16.8,81.24,13.16,29.25,30.04,2368.25,,
0.041612477,10-05-2017,7,1,9.12,16.19,15.8,91.67,5.55,29.42,30.22,47.63,,
0.413933233,7-26-2017,6,0.28,10,19.32,17.6,89.04,4.72,29.31,30.11,277.75,,
0.536229846,4-14-2017,9,0.38,10,20.26,12.66,62.8,9.04,29.39,30.19,2154.5,,
0.313378653,11-05-2016,10,0,10,14.42,7.64,48.41,8.96,22.59,30.41,2768.25,,
0.935644719,4-27-2016,6,1,3.32,11.59,9.84,90.96,16.96,29.03,29.82,34.01,,
0.640931231,04-10-2017,12,0.64,9.82,17.97,15.21,80.61,25.61,29.1,29.89,578.25,,
0.187441227,09-08-2016,15,0.53,10,26.16,23.45,82,8.04,29.13,29.92,1984.5,,
0.205572445,5-13-2016,9,0.14,10,15.98,9.71,63.2,10.8,29.3,30.09,2492,,
0.604948342,10-07-2017,10,0.14,10,26.83,18.01,58.48,23.2,28.9,29.69,3561,,
0.714794311,05-04-2017,16,1,9.92,8.37,7.56,92.84,19.24,29.04,29.83,247.25,,
0.513322076,11-16-2016,12,0,10,15.5,8.22,59.92,0,29.15,29.94,3680.25,,
0.074355024,9-17-2016,9,0.63,10,23.32,20.54,82.84,7,29.19,29.98,1939,,
0.16857884,7-17-2016,16,0.24,10,28.98,24.25,75.4,13.36,29.22,30.01,2540.75,,
0.576101058,3-31-2017,9,1,10,5.19,4.44,92.84,15.4,28.96,29.75,641.25,,
0.928582767,7-26-2017,17,0.02,10,29.63,25.1,74.68,5.88,29.18,29.97,1253.5,,
0.738868683,10-26-2017,15,0,10,18.29,6.94,48.08,20.36,28.88,29.66,2773.25,,
0.603085433,7-20-2017,17,0,10,32.11,26.03,67.28,6.6,29.16,29.95,1862.75,,
0.513259893,2-24-2017,14,0.56,10,14.64,10.01,68.54,22.65,28.71,29.5,2145.5,,
0.431848557,2-17-2016,14,1,9.96,1.56,-2.45,77.68,6.64,29.47,30.27,376,,
0.936378494,10-22-2016,12,0.88,10,15.22,4.32,46,7.76,29.31,30.1,4365.5,,
0.038960716,9-25-2016,11,0.29,10,30.95,20.25,51.48,11.12,29.26,30.05,3965,,
0.707510951,5-19-2017,10,0.99,9.04,13.71,12.2,92.88,16.68,29.17,29.96,1386,,
0.07749286,4-16-2016,14,0.44,10,26.15,5.01,24.48,7.56,29.45,30.25,3260,,
0.953242961,10-24-2017,16,1,10,6.61,5.43,92.7,14.34,29.04,29.83,203,,
0.368218102,08-10-2017,7,0,10,20.33,15.58,73.96,3.08,29.33,30.12,773,,
0.48484,5-23-2016,9,0,10,24.21,6.8,31,11.76,29.23,30.02,3158,,
0.558275413,7-21-2016,14,0.44,10,31.83,26.1,72,11,29.25,30.07,3590.75,,
0.503710147,08-12-2016,9,0.73,10,28.89,25.92,81.29,9.75,29.1,29.89,2701.25,,
0.64555791,11-10-2016,15,0,10,15.17,7.04,55.84,15.92,29.28,30.07,972.75,,
0.231311733,12-07-2016,9,0.04,10,-0.85,-5.11,21.74,9.68,8.53,30.17,1024.75,,
0.178928282,4-23-2017,6,0,10,6.09,-0.16,60.4,8.04,29.34,30.14,117.15,,
0.810276542,03-05-2017,6,0,10,1.22,-1.26,81.76,6.92,29.48,30.28,123.67,,
0.345952315,02-11-2017,14,0.14,10,17.46,12.66,74.16,8.76,29.03,29.82,2872.75,,
0.653787824,8-22-2017,6,0.83,8.96,20.39,20.61,97.96,4.28,29.15,29.94,16,,
0.615149867,10-11-2017,6,1,2.87,14.35,14.08,98.34,12.4,29.18,29.97,0,,
0.565946944,02-02-2017,15,0,10,-2.15,-9.52,57.41,11.76,29.6,30.4,1305.5,,
0.573381462,02-02-2017,13,0,10,-2.17,-11.02,50.04,11.88,29.6,30.4,4227.25,,
0.134160096,10-13-2016,6,0,10,4.89,3.77,87.64,5.72,29.49,30.29,0.46,,
0.342877695,4-14-2017,16,0.62,10,26.39,13.32,41.16,14.4,29.29,30.08,1836.25,,
0.738272208,1-16-2017,15,1,0.01,5.84,5.38,98.35,8.46,29.23,30.03,103.58,,
0.121413397,08-04-2017,14,1,10,19.42,12.25,63.24,14.6,29.22,30.01,1468,,
0.809663142,3-22-2017,6,0,10,-2.31,-6.26,70.8,14.4,29.68,30.48,4.28,,
0.54090702,08-01-2017,8,0.14,10,24.97,19.24,66.96,2.12,29.31,30.11,1801.5,,
0.780003374,03-01-2016,11,1,8.04,3.35,3.24,87.85,20.5,28.89,29.68,410,,
0.688203558,7-28-2017,7,0.95,10,21.16,20.42,88.45,10.52,29.12,29.92,686.75,,
0.869245896,02-05-2016,11,1,10,-1.34,-4.07,77.04,8.64,29.59,30.39,1213.5,,
0.140248904,6-24-2016,15,0.44,10,28.46,19.21,57,2.65,29.27,30.06,2175,,
0.567425486,5-26-2016,10,0.55,10,19.59,18.06,93,12.12,29.17,29.96,238.5,,
0.418199698,11-20-2016,16,0,10,1.14,-5.84,58.4,6.4,29.51,30.31,54.88,,
0.982585259,9-15-2017,13,0.16,10,30.75,16.34,40.6,6.96,29.22,30.01,3989.5,,
0.152227533,02-01-2017,11,0.73,10,3.38,-0.21,77.37,11,29.31,30.11,1073.25,,
0.783662166,7-30-2016,9,0.75,10,21.69,20,84,7,29.16,29.98,2441.25,,
0.405244723,5-23-2016,13,0,10,27.68,4.42,20.82,7.42,29.19,29.98,4350.5,,
0.648124461,10-28-2016,8,0,8.92,9.59,8.36,88.24,10.96,29.46,30.26,974.5,,
0.580313139,5-27-2016,13,0.82,10,26.17,19.07,59.6,21,29.1,29.89,2917.25,,
0.800913223,02-04-2016,16,0,10,0.12,-5.36,64.96,7.68,29.47,30.27,542,,
0.749271311,12-11-2016,10,0.04,10,2.24,-2.16,21.46,15.88,8.52,29.98,242.5,,
0.439219935,09-12-2017,10,0,10,21.25,12.8,55.72,14.96,29.16,29.95,2376.75,,
0.269732543,12-07-2016,6,0.17,10,-1.62,-5.1,21.74,9.4,8.53,30.13,0.67,,
0.589269307,10-13-2017,16,0,10,24.58,14.82,55,10.76,29.28,30.07,1680.75,,
0.783483732,03-07-2017,10,0.52,10,9.06,4.31,70.6,19.8,29.2,29.99,4505,,
0.288402957,5-27-2017,6,1,0.61,16.61,16.03,99.47,7.54,29.11,29.91,219.25,,
0.519839792,04-06-2017,17,0.99,10,9.91,3.36,62.76,17.04,29.15,29.94,562,,
0.74312667,06-04-2016,16,0.41,10,23.17,19.6,82.64,6.72,28.98,29.77,1417.75,,
0.610655126,8-29-2016,6,0,6.88,21.53,21.41,95.72,0.24,29.42,30.22,53.74,,
0.189804954,03-01-2016,7,0.99,10,5.53,2.65,81.68,8.64,28.91,29.69,252.25,,
0.657774194,08-12-2017,9,0.28,10,22.33,15.49,62.52,9.04,29.3,30.09,3073.75,,
0.078136726,10-15-2017,12,1,10,12.88,7.19,67.1,20.65,29.31,30.11,1677.5,,
0.226499329,7-30-2016,6,0,7,18.85,17.8,97,5,29.14,29.96,136,,
0.083727891,09-11-2017,6,0,10,9.49,8.74,84.92,2.2,29.5,30.3,21.45,,
0.800063313,1-16-2017,10,1,0.25,2.97,2.6,99.58,7.11,29.4,30.2,393.75,,
0.167966654,10-21-2017,17,0,10,22.37,15.76,65.92,12.04,29.26,30.05,276.25,,
0.71225635,7-23-2017,16,0,10,30.44,19.45,47.88,8,29.02,29.81,2759.75,,
0.328590325,4-16-2017,16,0.17,10,20.18,15.06,69.04,13.04,29.24,30.03,1326.75,,
0.935777375,03-03-2017,6,0,10,-5.8,-7.86,79.08,8.6,29.75,30.55,108.21,,
0.430130852,7-18-2017,12,0,10,28.71,17.31,47.32,4.44,29.3,30.09,4568.75,,
0.627982197,3-16-2017,10,0,10,2.23,-6.55,51.92,4.76,29.56,30.36,4154.5,,
0.250027914,02-10-2016,6,0,10,-13.94,-15.79,76.16,8.96,29.26,30.05,2.41,,
0.194916237,3-21-2016,11,0.29,10,8.12,-2.74,45.44,10.36,29.41,30.21,4608.75,,
0.339096184,7-14-2017,16,0.42,10,25.72,17.19,57.84,9.64,29.32,30.11,3218,,
0.0595055,5-23-2017,12,0.99,10,19.47,11.75,59.56,1.92,28.96,29.75,1876.5,,
0.014411349,10-13-2017,8,0.92,10,15.37,13.46,88.92,10.68,29.39,30.19,714.25,,
0.859969377,8-30-2017,9,0,10,22.7,17.57,72.64,6.04,29.31,30.11,3041,,
0.151943956,4-13-2016,10,0,10,11.84,0.75,44.56,8.12,29.48,30.28,4413.75,,
0.394502428,7-20-2017,8,0.98,5.68,25.17,24.16,95.56,2.88,29.33,30.13,574.75,,
0.829975951,8-29-2017,11,0.52,10,24.4,18.14,68.56,6.96,29.26,30.05,4371.25,,
0.279135285,7-17-2016,8,0.03,10,23.79,21.12,82.96,9.36,29.31,30.11,1350.5,,
0.876673126,02-08-2017,6,1,10,-0.62,-2.09,84.6,8.6,29.06,29.85,0,,
0.916671562,10-21-2017,12,0,10,24.16,15.53,58.92,15,29.29,30.08,2521.5,,
0.842886342,07-05-2017,17,0,10,28.01,22.12,65.4,7.36,29.25,30.04,293.5,,
0.830328076,6-27-2017,15,0.14,10,24.25,7.4,32.52,1.88,29.31,30.1,1339.25,,
0.442407809,06-05-2017,17,0,10,27.04,11.4,38.4,21.04,29.01,29.8,1865,,
0.3485804,9-23-2016,16,0.17,10,31.09,19.73,52.69,8.52,29.24,30.03,1553.75,,
0.390798617,6-16-2016,14,0.42,10,28.1,19.48,58.28,11.12,29.07,29.86,4315,,
0.03285964,2-20-2016,7,0,10,4.84,1.3,69.4,14.2,29.15,29.94,707,,
0.365278976,8-30-2016,10,0,10,27.1,23.04,76.68,5.04,29.36,30.16,3030.25,,
0.563387222,7-15-2017,15,0.01,10,25.31,17.58,59.36,3.76,29.3,30.1,3987.25,,
0.551281271,12-19-2016,11,0,10,-11.45,-15.25,68.92,6.68,29.94,30.75,3574.75,,
0.694731423,6-26-2017,16,0.8,7.54,18.57,11.41,66.94,19.69,29.3,30.09,1058,,
0.360155596,08-04-2016,15,0.41,10,30.47,23.03,57.88,0.55,29.15,29.94,3385,,
0.779360763,4-17-2016,10,0,10,24.55,3.45,24.28,5.4,29.59,30.39,4215.5,,
0.191941986,11-17-2016,17,0,10,19.24,12.11,62.53,14.76,29.02,29.81,0,,
0.361982943,1-17-2017,16,1,8.08,4.18,3.66,93.8,14.88,29.2,29.99,32.75,,
0.115335944,05-04-2017,9,1,6.23,7.71,7.08,93.62,22.35,29.05,29.84,292.25,,
0.914809002,3-20-2017,11,0.98,10,15.7,8.94,71.69,10.72,29.15,29.95,3154.5,,
0.143987867,10-17-2016,9,0.83,10,23.29,18.92,73.68,16.24,28.98,29.77,1989.75,,
0.944057036,4-17-2016,11,0,10,25.41,3.19,22,5.2,29.57,30.37,4679,,
0.107914472,11-12-2016,13,0,10,9.9,-0.14,47.6,1.92,29.6,30.4,3510.25,,
0.984838007,5-19-2016,14,0,10,21.86,3.04,27.68,3.92,29.35,30.14,4301,,
0.523161692,05-10-2017,11,0,10,24.2,17.23,66.44,6.52,29.15,29.94,4457.25,,
0.36618861,2-13-2016,10,0,10,-10.96,-19.2,50.24,10.04,29.81,30.62,4549.75,,
0.663837015,6-17-2016,13,0.22,10,26.43,9.89,32.42,13.18,29.24,30.03,4455.25,,
0.375808919,4-20-2016,7,1,10,15.31,10.66,70.96,13.32,29.28,30.07,678.25,,
0.149503811,05-07-2016,11,0.72,10,23.15,14.83,61.82,15.35,29.01,29.8,2148.25,,
0.166150186,3-31-2016,17,0.03,10,15.04,10.21,21.58,17.24,8.5,29.52,1278.25,,
0.730636598,08-08-2016,12,0,10,27.07,20.6,67,6,29.2,30.02,4328.75,,
0.448747127,10-26-2016,10,0.31,10,13.63,8.18,73.8,15.68,29.34,30.14,1117.75,,
0.848470742,5-19-2016,11,0,10,20.12,3.22,31.32,2.68,29.4,30.2,4375,,
0.892699703,9-14-2016,13,0.9,10,26.19,19.34,64.68,7.04,29.39,30.18,4043.5,,
0.846201312,9-22-2017,15,0.43,10,32.71,19.01,42.4,6.28,29.23,30.02,1969.25,,
0.22290295,10-18-2016,14,0.5,10,26.53,19.89,65,10.48,28.98,29.77,810.75,,
0.125995298,04-03-2017,11,0.61,10,17.19,14.04,82.92,11.4,28.71,29.49,1856.5,,
0.048597796,05-10-2017,17,0.52,10,26.47,18.92,62.53,11.04,29.02,29.81,1156.75,,
0.988548126,5-29-2017,17,0.63,10,25.41,8.46,32.56,17.76,29.08,29.87,1613.5,,
0.70080391,8-20-2017,11,0.28,10,29.47,22.37,65.56,4.68,29.26,30.05,1847.5,,
0.519837962,09-10-2017,9,0,10,18.27,9.78,58.84,2.88,29.63,30.43,3134.75,,
0.684020746,8-13-2016,7,1,2.5,24.28,24.02,96.89,6,29.05,29.84,166.75,,
0.461482581,9-14-2017,9,0.73,9.93,20.52,17.57,83.9,1.86,29.14,29.93,1522.25,,
0.613757405,03-02-2016,16,0.41,10,2.64,-9.91,39.08,7.68,29.31,30.1,1210.75,,
0.896962701,5-23-2017,8,0.8,10,17.42,13.45,73.64,5.08,29.04,29.83,1771.5,,
0.032097433,2-27-2016,11,0,10,7.21,2.06,67.48,12.44,29.26,30.05,4644.75,,
0.717480457,6-23-2017,10,0.84,10,23.79,21.41,87.76,8.56,28.92,29.7,409.75,,
0.819380261,4-25-2016,15,0.75,10,27.01,13.64,40.92,19.08,28.92,29.71,2403,,
0.633365898,8-16-2016,8,1,5.72,23.26,22.53,93.96,6.04,29.28,30.07,623,,
0.875350338,12-30-2016,10,0,10,-0.21,-5.06,69.64,12.44,29.36,30.15,2847,,
0.912200218,2-17-2016,8,0.97,7.08,0.27,-2.65,80.73,5.69,29.41,30.21,984,,
0.879326031,8-22-2017,15,0.31,10,25.6,17.98,61.28,17.2,29.17,29.96,2936.5,,
0.67598263,07-06-2017,12,0.54,10,29.99,20.81,57.56,3.4,29.22,30.01,1376.25,,
0.206095683,03-10-2017,8,0,10,-0.32,-9.83,48.92,16.36,29.58,30.38,3038.75,,
0.77470677,8-14-2017,15,0.91,10,28.23,18.18,51.84,7.32,29.05,29.84,2777,,
0.14282537,4-27-2017,15,1,10,9.59,6.62,80.96,15.4,28.97,29.76,1098.5,,
0.393720206,03-03-2016,15,1,1.69,3.6,2.11,95.93,6.9,29.16,29.96,328.75,,
0.476297109,6-23-2016,7,0,10,27.57,24.66,82.76,9.84,29.06,29.85,996.25,,
0.063367275,03-04-2017,16,0,10,12.86,-0.46,41.12,13.24,29.54,30.34,1241.25,,
0.714997735,08-10-2017,15,0.44,10,29.09,18.62,49.8,10,29.24,30.03,3309.25,,
0.987290407,6-22-2017,12,1,10,28.57,22.09,67,17.12,29.07,29.86,754.75,,
0.549049394,06-12-2017,6,0,10,24.53,18.7,66.44,9.04,29.25,30.04,252,,
0.450344547,03-03-2017,12,0.14,10,0.91,-8.1,51.04,7.36,29.82,30.63,4714.25,,
0.191185264,10-06-2016,8,0.3,10,22.78,19.27,80.8,4.04,29.31,30.11,853.25,,
0.920098838,2-17-2016,17,1,9.92,0.43,-2.45,77.92,2.8,29.5,30.3,22.29,,
0.524610307,7-31-2016,7,0.09,7,20.78,20.2,88.5,4,29.23,30.05,818,,
0.486742311,09-12-2016,14,0,10,26.82,14.16,45.4,10.32,29.29,30.08,4110.5,,
0.150380758,09-01-2016,6,0,10,15.84,14.02,83.88,8.12,29.33,30.13,52.98,,
0.706934657,03-12-2016,7,0.44,2.68,7.8,6.76,93,4.04,29.38,30.18,365.5,,
0.717290272,6-17-2016,11,0,10,27.85,16.8,47.24,11.08,29.25,30.04,4321.75,,
0.762642692,9-25-2017,12,0.54,10,31.99,16.46,39.16,3.52,29.2,29.99,3768.75,,
0.723964503,03-11-2016,10,0,10,8.03,4.67,79.04,9.68,29.56,30.36,4003.75,,
0.180315144,8-21-2017,9,0.25,10,27.79,24.09,74,8.15,29.32,30.11,1858.25,,
0.363936622,3-29-2016,13,0,10,14.26,-0.62,35,8,29.48,30.28,4720.5,,
0.812205229,03-12-2017,10,0,10,-0.49,-15.08,31.92,3.16,29.65,30.45,4017,,
0.713342836,09-08-2017,17,0,10,24.78,11.15,40.32,5.12,29.39,30.19,1328.5,,
0.164071673,7-20-2016,14,0.19,10,29.39,22.8,65,0,29.36,30.18,3897.75,,
0.115457194,3-20-2017,7,1,10,7.41,6.12,86.96,16.88,29.2,29.99,47.9,,
0.271496578,9-30-2017,16,0,10,21.33,4.53,19.99,9.96,8.53,30.3,2220.5,,
0.426440107,1-15-2017,12,1,5.68,0.75,-1.11,89.68,0.2,29.56,30.36,1163,,
0.998614822,01-07-2017,8,1,10,-15.83,-18.26,77.28,3.44,29.73,30.53,189.5,,
0.413553142,09-11-2016,7,0,10,15.58,13,78.36,0,29.43,30.23,616.75,,
0.764199626,9-29-2016,6,1,10,14.87,13.95,91.04,11.38,29.29,30.08,2.75,,
0.671982907,03-03-2017,10,0.28,10,-1.06,-9.32,52.52,7.68,29.83,30.64,4657.75,,
0.230851745,8-23-2017,9,0,10,21.9,13.77,57.48,6.84,29.3,30.09,3080.75,,
0.939302061,11-03-2016,10,1,4.96,16.71,15.27,90.47,10.11,29.41,30.22,1694,,
0.200455542,3-15-2016,11,0.99,10,19.01,14.91,76.32,20.64,28.9,29.68,3298.75,,
0.781878977,8-16-2016,14,0.54,10,27.3,22.76,72.64,4.76,29.29,30.08,2767.5,,
0.846766302,03-06-2017,16,1,7.19,15,14.44,94,24,29.05,29.84,130.75,,
0.926214259,09-12-2017,6,0,10,12.85,11.46,89.53,9.04,29.2,29.99,16.62,,
0.935767306,11-10-2016,12,0,10,14.9,6.41,55.88,16.16,29.34,30.13,4108.25,,
0.757652711,12-29-2016,9,0,10,1.44,-1.28,80.68,18.8,29.17,29.96,2187,,
0.057320764,09-01-2017,16,0,10,20.74,11.38,52.2,13.68,29.29,30.08,2341.5,,
0.889545574,06-01-2016,14,0.75,10,25.8,19.78,68.36,3.56,29.15,29.94,2637.5,,
0.954703504,2-13-2017,10,0,10,3.12,-1.88,68.8,2.76,29.56,30.36,3939,,
0.499519886,7-21-2017,14,0.15,10,32.9,27.06,67.92,6.04,29.16,29.95,3854.75,,
0.487121789,6-15-2016,8,0.14,10,26.69,23.79,83.92,9.96,29.04,29.83,1991.75,,
0.4433691,5-17-2017,10,0.42,10,26.97,16.04,48.36,24.64,28.98,29.77,3944.5,,
0.014166862,07-10-2017,12,0.98,10,27.33,21.53,70.2,13.68,29.07,29.86,3489.5,,
0.758559987,08-02-2016,7,0,8,22.53,20,87,5,29.27,30.09,792.25,,
0.619374807,5-21-2017,16,1,10,15.51,10.36,69.8,15.76,29.25,30.04,1295.75,,
0.750757879,04-10-2017,15,0.39,10,19.94,16.18,78.76,18.6,29.11,29.9,628.5,,
0.636295486,3-14-2016,9,1,8.15,12.99,12.25,93,3.7,28.92,29.7,373,,
0.753169331,4-30-2016,17,0.04,2.64,15.85,15.18,22.96,8.32,8.52,29.8,190.25,,
0.244239212,7-22-2016,8,0,10,24.48,20.6,82,9,29.24,30.06,927,,
0.507939584,5-13-2017,12,0,10,23.99,9.99,39.32,7.72,29.13,29.92,4718.25,,
0.041433629,5-27-2016,14,0.76,10,25.67,19.32,62.96,15.84,29.09,29.88,1558.25,,
0.845831557,10-29-2016,7,0.14,10,17.68,15.03,81.84,14.96,29.22,30.01,89.68,,
0.774318637,3-30-2017,16,0.08,7.85,13.63,13.16,25.36,15.77,9.27,29.54,68.83,,
0.578679414,04-06-2016,7,0.3,10,10.47,2.55,58.36,14.52,28.92,29.71,313.25,,
0.22639014,05-07-2016,8,0.91,10,19.8,12.64,66.92,14.96,29,29.79,953,,
0.281758171,7-22-2016,7,0,10,23.32,19.4,79,11,29.23,30.05,322.5,,
0.2015645,06-12-2016,13,0.41,10,28.02,10.13,31.36,6.53,29.27,30.06,3328.75,,
0.059548151,3-28-2016,7,0.19,10,5.3,3.9,89.5,12,29.26,30.08,296.6,,
0.637910122,4-13-2016,13,0,10,14.52,-0.14,35.48,4.72,29.45,30.25,3924,,
0.936268021,07-12-2016,7,0.83,6.92,25.01,23.95,91.08,8.27,29.13,29.92,708.75,,
0.615604275,9-29-2017,13,0,10,24.91,8.95,37.72,11.16,29.39,30.18,4422.5,,
0.40735977,9-29-2017,10,0,10,22.62,11.82,51.45,10.12,29.4,30.2,3782.25,,
0.609986475,2-19-2017,13,0,10,17.4,9.16,58.88,3.48,29.27,30.06,4012.25,,
0.310902874,8-27-2016,13,0.82,10,29.7,23.78,70.08,7.04,29.27,30.06,3114.5,,
0.882508824,7-17-2017,10,0.42,10,25.27,16.78,56.8,8.64,29.26,30.05,3725.75,,
0.477839464,1-30-2017,15,0.3,10,1.69,-4.08,65.92,13.72,29.09,29.88,1397.75,,
0.966214607,10-04-2017,16,1,10,22.79,20.59,89.97,6.69,29.46,30.26,456.5,,
0.731249271,03-03-2017,13,0,10,1.68,-7.69,49.12,8.28,29.8,30.6,4660,,
0.954593064,6-30-2016,7,0.02,10,20.22,14.09,66.8,5,29.28,30.07,1103.25,,
0.951351306,01-10-2017,13,1,10,11.03,9.52,88.56,29.8,28.65,29.43,269.5,,
0.751948083,4-13-2017,16,0.71,10,25.3,14.22,51.56,7.24,29.36,30.15,2146.75,,
0.709691846,7-18-2016,12,0.22,10,26.06,24.73,89.24,4.58,29.38,30.19,2094,,
0.430416912,11-13-2016,13,0,10,13,0.86,41.8,10.8,29.36,30.16,3582,,
0.89990584,2-17-2016,7,0.24,5.08,-2,-3.74,87.56,4.72,29.38,30.18,596.5,,
0.948268217,10-31-2016,7,0,10,7.6,6.18,91.44,8.4,29.36,30.15,76.08,,
0.620993732,3-25-2016,7,1,10,-0.04,-2.97,77.88,9.84,29.27,30.06,158.7,,
0.263283179,4-18-2017,7,0,10,14.82,5.98,53.6,11.84,29.37,30.17,0,,
0.248914566,12-29-2016,13,0.25,10,4.39,-2.06,63.56,25.32,29.17,29.96,2308.5,,
0.266204851,2-22-2017,7,1,0,7.99,8.32,98.56,3.12,29.07,29.86,291.5,,
0.803684224,8-30-2017,11,0.65,10,24.49,17.25,63.76,5.08,29.3,30.09,4448.25,,
0.258674725,8-30-2017,6,0,3.16,16.57,16.95,95.56,4.72,29.3,30.09,57.18,,
0.601371979,2-22-2017,10,0.55,5.63,14.94,14.25,93.48,10.11,29.04,29.83,3237.75,,
0.397856331,9-14-2017,7,1,4.17,17.13,17.5,98.92,0,29.12,29.91,352.25,,
0.829769098,7-23-2017,15,0,10,31.25,19.22,45,11.4,29.04,29.83,3891.75,,
0.995526308,4-15-2016,8,0,10,13.54,3.49,50.84,8.24,29.39,30.19,1465.25,,
0.359713789,9-30-2016,12,1,8.46,18.25,16.52,87.16,12.77,29.26,30.05,896,,
0.868763917,3-30-2017,10,1,5.61,13.92,12.43,94.16,11.49,28.82,29.61,844.75,,
0.844081093,9-23-2016,10,0,10,28.97,19.29,54.2,0.96,29.3,30.09,3541.5,,
0.330200064,10-08-2017,17,0.99,10,22.14,12.74,54.68,6,28.95,29.74,165.83,,
0.392199449,8-23-2017,16,0.01,10,24.28,10.51,39.92,8.32,29.24,30.03,2251,,
0.858738974,05-08-2017,7,0,10,9.96,-0.48,47.23,9.16,29.35,30.14,1089,,
0.143033152,8-23-2017,13,0.44,10,24.72,10.29,39.04,11.52,29.28,30.07,4110.5,,
0.314251892,5-23-2017,6,0.83,10,15.17,14.21,90.84,0.2,29.06,29.85,142.15,,
0.1068701,06-06-2016,15,0.28,10,29.43,6.53,22.92,18.6,28.9,29.69,3701,,
0.91901632,08-11-2017,7,0.54,10,21.02,18.94,84.19,3.3,29.24,30.03,525.25,,
0.903307199,03-06-2016,17,0,10,10.85,4.5,63.72,17.56,29.23,30.02,44.58,,
0.114965692,02-09-2017,14,0,10,-7.27,-12.97,61.56,11.48,29.58,30.38,216.25,,
0.028297084,6-17-2016,6,0,10,18.85,15.58,77.48,14,29.22,30.01,249,,
0.768991099,2-28-2017,6,1,10,10.12,9.53,92.77,13.11,29.11,29.9,6.24,,
0.336403755,2-17-2017,16,0,10,19.53,4.53,35.52,16,28.92,29.71,837,,
0.054284177,6-16-2016,13,0.52,10,27.93,19.6,58.92,12.36,29.07,29.86,4498.25,,
0.207976079,4-24-2016,13,0.38,10,25.34,11.11,38.04,13.2,29.13,29.92,4672.25,,
0.001029952,05-04-2016,11,0.83,10,13.84,6.71,60.15,18.89,28.97,29.77,3269.75,,
0.93399487,3-24-2016,7,1,4,13.99,13.3,95.26,5.73,28.76,29.55,7.9,,
0.20189425,5-26-2016,14,0,10,26.98,19.51,59.08,11.84,29.12,29.91,3115.5,,
0.016998725,09-01-2017,13,0,10,20.6,11.22,54.68,16.96,29.29,30.08,4478.5,,
0.17547266,9-28-2016,9,0.83,10,13.87,9.12,71.16,13.84,29.08,29.87,2071.5,,
0.802171569,05-06-2016,15,0.17,10,25.68,6.32,27.04,10.64,29.11,29.9,3554.5,,
0.357419009,3-19-2017,9,0,10,6.52,1.29,68.76,7.72,29.59,30.39,3068.25,,
0.139001485,04-02-2017,8,0.52,10,8.71,6.09,82.88,8.52,29.39,30.19,1009.75,,
0.159877906,05-11-2017,11,1,10,14.96,12.65,85.92,10.32,29.15,29.94,0,,
0.672253314,3-16-2016,15,0.45,10,16.09,-0.09,31.6,22.04,29.04,29.83,3020.25,,
0.773540654,8-17-2016,16,0.44,10,27.73,23.33,72.28,5.44,29.28,30.07,1930.75,,
0.440829844,2-23-2016,9,0,10,2.77,-1.8,73.84,13.72,29.28,30.07,3443.5,,
0.288090805,09-02-2017,17,0,10,21.73,9.6,43.08,5.04,29.2,29.99,1534,,
0.809738534,10-01-2017,9,0,10,16.12,6.18,49.88,12.92,29.45,30.25,2443.5,,
0.153131891,01-01-2017,8,0,9.84,-4.11,-5.27,88.2,1.2,29.32,30.11,1149,,
0.920714102,5-17-2017,8,0.61,10,25.78,17.44,58.48,22.16,29.01,29.8,2075.5,,
0.607758842,03-01-2016,15,1,10,-1.74,-3.58,84.04,22.44,29.07,29.86,302.5,,
0.267810771,12-07-2016,17,0.03,10,-0.43,-3.44,21.62,10.12,8.53,30.18,0,,
0.957615019,05-03-2017,13,1,10,10.78,4.74,61.4,8.72,29.32,30.12,1198.75,,
0.916585472,9-28-2016,14,1,10,15.57,9.21,62.64,12.6,29.16,29.95,1033.5,,
0.962797196,3-14-2016,7,1,2.31,12.43,12.48,99.7,2.08,28.92,29.7,39.5,,
0.133950573,02-09-2017,9,0,10,-10.27,-13.98,74.8,11.08,29.55,30.35,177.5,,
0.750124252,7-22-2017,15,0.98,10,31,25.31,70.72,7,29.03,29.82,3666.5,,
0.865990976,08-08-2016,14,0.62,10,28.25,20.62,63.24,6.68,29.2,29.99,2445,,
0.047174923,1-19-2017,15,1,3.87,5.57,5.12,93.66,8.96,29.04,29.83,69.5,,
0.560245387,9-18-2016,6,0.44,5.64,16.92,17.09,97.96,4.48,29.2,29.99,19.84,,
0.029455606,5-23-2016,10,0,10,25.45,6.53,28.64,10.56,29.22,30.01,3850.5,,
0.884895359,11-13-2016,11,0,10,10.9,0.87,49.2,10.96,29.42,30.22,4297.25,,
0.171323707,6-19-2017,9,0,10,24.65,15.74,57.28,14.44,29.11,29.9,1138.25,,
0.427749073,12-02-2016,9,1,9.76,3.41,1.35,85.6,9.16,29.4,30.2,636,,
0.518233925,4-21-2017,15,0,10,14.33,3.76,48.36,15.16,29.24,30.04,2316.75,,
0.629544435,8-17-2016,13,0.44,10,28.13,22.9,71.54,3.81,29.31,30.1,4196.75,,
0.90604501,8-16-2016,6,0.92,2.61,22.04,21.99,96.85,5.65,29.26,30.05,41.15,,
0.695244442,02-09-2016,8,1,4.04,-7.79,-9.99,81.72,15.35,29.04,29.84,389.25,,
0.201310413,3-31-2017,7,1,2.02,5.18,4.84,92.98,17.23,28.9,29.69,96.28,,
0.98687786,9-23-2017,9,0,10,30.02,20.89,59.32,1.2,29.33,30.12,2601.5,,
0.36234988,11-23-2016,13,1,4.32,7.62,7.36,97.28,7.76,29.11,29.9,146.75,,
0.587808543,7-31-2017,13,0.29,10,28.46,16.65,47.32,1.72,29.37,30.17,3826.75,,
0.813698857,1-31-2017,11,0.98,10,5.28,1.31,74.28,20.76,29.06,29.85,1909,,
0.420152989,7-26-2017,15,0.41,10,30.19,24.3,69.92,5.72,29.22,30.01,2793.5,,
0.501725733,06-03-2016,10,0,10,25.13,11.24,40.88,0,29.3,30.09,2573.25,,
0.521514617,09-08-2017,15,0.14,10,25.96,9.63,34.44,2.8,29.39,30.18,3503.25,,
0.501098364,5-19-2017,17,1,8.04,11.94,10.63,90.68,13.48,29.27,30.06,1108,,
0.655631588,08-10-2016,8,0,10,27.08,21.9,67.55,4.78,29.31,30.11,1781,,
0.645112801,11-04-2016,10,0,10,13.54,6.37,61.92,6.76,29.65,30.45,3570.25,,
0.331788694,11-05-2016,9,0,10,12.31,7.2,67.6,7.04,29.62,30.42,2143.25,,
0.271076505,2-15-2016,12,1,2.23,-1.35,-1.45,93.38,7.62,29.08,29.87,1200.75,,
0.908868508,06-07-2017,10,0,10,22.41,7.39,36.72,19.6,29.3,30.09,4375.25,,
0.414753266,1-23-2017,9,1,10,3.56,2.54,92.31,16.23,28.97,29.76,216.75,,
0.967339248,7-21-2016,10,0,10,30.11,25,75,11,29.3,30.12,2416.25,,
0.140373313,3-16-2016,6,0.97,10,8.84,5.86,79.16,21.36,28.89,29.67,0.08,,
0.572957931,5-20-2016,6,0,10,13.69,7.2,62.92,7.64,29.35,30.15,117.63,,
0.346371961,06-02-2017,10,0,10,27.15,4.74,22.72,4.28,29.31,30.11,4120.25,,
0.029768156,08-10-2017,10,0,10,27.19,18.91,56.8,8.4,29.31,30.11,3656.75,,
0.312908862,05-11-2016,10,0.96,9.08,21,18.42,88.12,8.57,29.27,30.06,3323,,
0.351748007,10-15-2016,15,0.01,10,24.52,17.98,65.76,15.2,29.2,29.99,2512.25,,
0.499429188,11-03-2016,15,0.02,10,17.97,13.52,75.17,6.72,29.41,30.21,2576.5,,
0.179991742,5-22-2017,16,0.62,10,21.58,7.92,38.92,14.56,29.2,29.99,2714.5,,
0.334849737,06-05-2017,14,0.53,10,32.22,9.61,24.36,10.52,28.96,29.75,4491.25,,
0.950290017,9-22-2017,10,0.14,10,31.57,21.38,55.04,2.48,29.31,30.1,3497.5,,
0.308242953,01-03-2017,15,1,7,3.38,3.22,97,17.44,29.01,29.8,65.38,,
0.508847772,06-06-2017,7,0,10,17.54,11.63,67.56,13.4,29.22,30.01,1211,,
0.86171408,10-25-2017,7,0.28,10,3.4,1.78,90,7.04,29.04,29.83,83.24,,
0.083290648,5-16-2017,8,0,10,24.75,16.98,61.92,17.76,29.12,29.91,1841.75,,
0.067853156,9-24-2016,13,0.91,10,30.08,19.85,53.96,2.56,29.31,30.11,3068.25,,
0.656683404,6-13-2017,17,0.43,10,32.39,22.42,59.21,14.4,29.11,29.9,1875.75,,
0.969591366,3-29-2017,16,1,10,12.42,7.22,68.48,20.64,29.19,29.99,669.25,,
0.751006746,08-04-2016,7,0,9,23.68,20.6,82,6,29.19,30.01,523,,
0.927896778,06-08-2017,15,0,10,27.19,6.32,24.76,3.76,29.13,29.92,3858.25,,
0.727285099,11-14-2016,8,0,10,6.78,2.98,73,9.04,29.21,30,782.25,,
0.580894863,5-17-2017,11,0.14,10,27.39,15.11,45.12,23.96,28.97,29.76,2720.5,,
0.364670494,10-05-2016,8,0,10,22.19,16.85,69.52,15.32,29.2,29.99,1370.25,,
0.880040115,07-02-2017,8,0,10,24.93,16.64,58.24,5.56,29.31,30.11,763.25,,
0.537048844,04-04-2017,9,1,9.04,11.83,10.54,88.96,13.64,28.93,29.71,1097,,
0.056998127,9-26-2017,8,0,10,26.69,19.51,65.44,3.76,29.21,30,1458.75,,
0.988517167,04-05-2017,10,0.99,10,10.95,8.78,87.28,15.12,28.82,29.6,2461,,
0.141724852,12-04-2016,12,1,1.07,0.78,0.77,97.72,6.21,29.16,29.95,183.75,,
0.063264263,10-18-2017,15,0,10,22.01,6.3,36.72,15.52,29.31,30.11,2946,,
0.330855613,10-08-2017,8,0,10,17.12,15.62,91.16,6.68,29.07,29.86,1604.25,,
0.861266879,7-14-2016,9,0,10,24.86,22.1,82.84,9.96,29.16,29.95,2452.5,,
0.695171566,11-10-2016,14,0,10,15.63,5.7,48.8,17.64,29.28,30.07,2413.5,,
0.003829198,6-18-2017,16,0.3,10,26.22,14.78,48.72,16.04,28.96,29.75,859,,
0.453917623,2-22-2017,12,0.51,9.85,19.71,14.12,69.54,11.38,28.98,29.77,3051.75,,
0.452445955,6-14-2017,8,0,10,29.54,22.99,66.76,12.12,29.17,29.96,2198.25,,
0.735394407,8-31-2016,8,0,10,24.21,21.79,81.88,2.68,29.26,30.05,1260.75,,
0.432724613,6-18-2016,10,0.14,10,28.08,14.71,41.32,8.28,29.41,30.21,3639,,
0.180579682,06-10-2016,6,0,10,23.3,19.75,76.96,8,29.23,30.02,229.13,,
0.146002947,2-27-2017,6,1,10,2.21,-1.12,82.84,5.36,29.36,30.16,16.92,,
0.699605398,08-08-2016,13,0.56,10,27.83,20.51,61.23,4.12,29.22,30.01,2492,,
0.281177492,12-04-2016,16,1,1.6,0.51,0.82,99.01,0.74,29.09,29.89,0,,
0.614245809,2-15-2016,10,1,2.37,-2.02,-2.15,94.52,7.96,29.13,29.92,1279.25,,
0.935744997,08-08-2016,15,0.7,10,28.09,19.02,55.16,6.72,29.2,29.99,2816.5,,
0.978985637,11-03-2016,9,1,2.56,15.72,15.26,96.72,5.96,29.4,30.2,501.75,,
0.978697342,9-13-2016,6,0,10,14.53,13.97,92.04,0.24,29.3,30.09,16.15,,
0.41004472,3-29-2016,12,0,10,13.79,-0.27,36.96,9.32,29.51,30.31,4711,,
0.105138482,08-09-2016,12,0.39,10,29.04,19.93,52.33,3,29.22,30.01,4286.75,,
0.780970128,2-26-2016,15,0.76,10,0.69,-3.21,61,11.67,24.3,30.23,388.75,,
0.241940658,02-07-2016,7,0,10,2.4,-0.89,70.36,12.28,29.16,29.95,271.78,,
0.07047977,6-28-2017,12,0.02,10,27.31,16.88,51.56,17.48,29.19,29.98,1321.25,,
0.438155474,10-22-2016,10,0.52,10,12.32,2.1,47.72,7.32,29.35,30.15,3666.5,,
0.901898154,10-16-2017,14,0,10,18.2,3.97,39.08,8.56,29.49,30.29,3868,,
0.593557805,12-13-2016,14,0,9.04,-4.9,-11.05,21.18,15,8.53,30.19,144.25,,
0.663758528,10-22-2016,16,0,10,15.48,5.86,49.92,8.2,29.26,30.05,1577.75,,
0.453098536,10-20-2017,11,0,10,24.24,12.07,47.12,10.32,29.39,30.19,3769,,
0.840770759,3-31-2016,14,0.31,10,19.84,15.41,22.21,21.4,8.5,29.4,2006.25,,
0.797427279,01-12-2017,6,1,7,0.75,0.41,99.28,11.5,29.07,29.86,0,,
0.3002771,09-08-2016,6,0.96,4.16,24.17,23.47,94.14,10.07,29.12,29.92,31.6,,
0.215140729,11-06-2016,8,0,8.88,9.72,7.95,88.36,2.76,29.6,30.4,2329,,
0.916495532,12-10-2016,12,0.04,10,-2.65,-8.29,21.62,7.36,8.54,30.49,1308.25,,
0.872759239,1-28-2017,7,1,7.96,-1.47,-3.17,86.12,11.31,29.04,29.83,48.26,,
0.256811169,2-20-2016,13,0,10,19.32,5.09,39.32,14.04,29.12,29.91,4188.75,,
0.825151387,4-18-2017,12,0.15,10,24.24,9.08,35.64,13.68,29.3,30.09,0,,
0.473698249,3-30-2017,6,0.99,7.32,9.37,8.38,95.72,14.64,28.92,29.71,0,,
0.63986856,4-19-2017,7,0.14,9.96,19.96,16.78,22.21,14.92,8.53,30.06,0,,
0.400483401,1-20-2017,6,1,3.91,5.96,6.19,97.19,3.29,28.83,29.61,0,,
0.909743167,5-14-2017,15,0.01,10,28.46,10.06,30.64,13.96,29.09,29.88,3955.25,,
0.082660234,03-10-2016,13,0.04,10,10.24,7.68,22.29,9.28,8.53,30.08,795.5,,
0.171438353,3-19-2017,11,0.14,10,9.01,0.46,55.2,7.4,29.57,30.37,4678,,
0.620988293,5-28-2017,9,0.97,7.18,21.93,19.74,85.9,8.4,28.96,29.75,2239.5,,
0.90347313,03-08-2016,14,0.42,10,21.73,12.68,55,20.32,29.12,29.91,3584.25,,
0.556070035,5-29-2016,7,0,10,23.59,19.32,75.48,9.32,29.28,30.07,990.25,,
0.854733885,11-10-2016,10,0,10,12.36,5.64,61.52,17.96,29.4,30.2,4101.5,,
0.213204406,5-25-2017,6,1,4.96,12.64,12.36,94.8,13.2,28.81,29.59,83.8,,
0.932440514,03-11-2017,14,0,10,0.81,-17.99,22.8,6.64,29.64,30.44,2145,,
0.87245714,08-01-2017,7,0.54,10,23.21,19.1,75.56,1.16,29.31,30.11,864.25,,
0.247202659,8-18-2017,13,0,10,28.33,17.44,49.96,9.04,29.14,29.93,4024.25,,
0.37574979,04-08-2017,11,0,10,16.38,3.9,42.48,17.44,29.23,30.02,4701.5,,
0.861332442,12-05-2016,13,1,10,2.79,1.43,91.44,9.8,29.23,30.02,622,,
0.197457374,4-13-2017,13,0.45,10,25.08,12.74,45.28,8.08,29.38,30.18,2969,,
0.703579713,9-30-2017,7,0,10,11.95,8.54,81.8,6.44,29.61,30.41,480.25,,
0.667105446,4-18-2016,9,0,10,24.53,6.19,29.16,4.36,29.52,30.32,3288.25,,
0.097856128,5-20-2016,8,0.14,10,16.21,7.31,54.64,9.64,29.34,30.14,1102.5,,
0.287652587,5-14-2017,7,0,10,21.42,13.15,58.72,11.16,29.16,29.95,1100.5,,
0.206037374,05-05-2017,7,0,10,8.47,5.09,78.8,22.76,28.97,29.76,1102,,
0.361017842,8-31-2017,17,0,10,22.32,17.05,21.38,14.16,8.52,30.05,954.75,,
0.864670771,09-02-2016,10,0,10,22.29,14.03,45.89,11.16,22.47,30.24,3847,,
0.505308277,02-03-2016,12,1,5.3,2.05,1.05,88.7,22.35,28.98,29.77,378.75,,
0.683975686,05-01-2017,12,1,10,10.65,6.46,72.6,19.76,28.74,29.52,558.75,,
0.691264314,08-11-2017,11,0.6,10,26,18.71,62.12,6.32,29.23,30.02,4191.5,,
0.282944476,10-27-2016,15,1,10,10.59,7.08,79.76,6.28,29.46,30.26,481.5,,
0.991712197,02-09-2016,10,1,1.98,-7.52,-9.68,81.77,19.54,29.07,29.86,720,,
0.248452398,03-10-2016,15,0.04,9.96,10.32,7.49,22.29,7.12,8.53,30.08,438.75,,
0.090628839,11-14-2016,11,0,10,15.08,6.49,55.08,11.16,29.17,29.96,3983.5,,
0.523664768,3-24-2016,15,0.99,10,9.47,6.93,80,24.16,28.79,29.57,376.5,,
0.508500645,7-29-2016,6,0.88,0.81,20.25,19.7,97,2.75,29.11,29.93,148.05,,
0.4964281,6-14-2017,12,0.43,10,33.28,22.1,50.48,13.72,29.1,29.89,3162,,
0.008225633,6-25-2017,17,0.3,10,22.64,8.03,37.32,16.28,29.34,30.13,682.75,,
0.592620197,02-11-2016,15,0,10,-4.93,-13.44,50.56,4.08,29.5,30.3,2381.5,,
0.381571371,06-09-2017,17,0.14,10,29.27,12.63,34.44,14.44,29.04,29.83,1857.5,,
0.915780396,11-28-2016,15,1,5.24,9.88,9.64,94.8,23.04,28.57,29.35,31.65,,
0.91753769,07-10-2017,17,0.65,10,30.11,24.08,69,9.4,29.04,29.83,1065,,
0.994768401,10-21-2016,6,0.38,10,3.79,2.73,87.76,9.24,29.36,30.15,0,,
0.254671056,9-25-2016,15,0.73,7.12,27.85,19.55,57.87,8.64,29.17,29.96,1129.75,,
0.899245441,09-10-2016,14,0.14,10,23.75,12.71,48.72,16.36,29.17,29.96,3973.75,,
0.734659361,05-06-2017,11,0.91,10,14.55,6.38,58.72,16.36,29.04,29.83,4569.5,,
0.079647691,4-29-2017,10,0.98,3.16,9.97,9.42,95.22,13.03,29.29,30.09,134.75,,
0.978486623,10-24-2016,13,0,10,16.43,5.32,47.24,7,29.55,30.35,4016.75,,
0.904155426,9-20-2016,7,0.62,9.96,20.8,18.48,85.28,0.12,29.36,30.15,413.75,,
0.188499324,10-04-2017,17,0.93,10,21.64,20.12,90.86,4.78,29.45,30.25,156.25,,
0.286511491,5-18-2017,10,0.44,10,28.49,18.02,51.08,22.68,29.06,29.85,3995.25,,
0.084279103,7-20-2017,14,0,10,32.18,25.83,67.36,13.84,29.19,29.98,4221,,
0.449374585,8-25-2016,8,0,10,24.45,22.36,86.56,7.28,29.27,30.06,1758.5,,
0.277930071,5-30-2017,11,0.52,10,23.44,5.58,31.52,14.2,29.24,30.03,4715.75,,
0.968118439,04-11-2016,17,0,10,9.63,-0.45,29.22,14.16,15.43,30.03,1641.5,,
0.638354395,9-27-2016,12,0,10,23.66,2.16,24.04,15.04,29.06,29.85,4664,,
0.417358563,6-19-2017,12,0.42,10,26.67,13.63,44.08,19.04,29.13,29.92,1561,,
0.110230233,10-08-2017,9,0,10,20.38,15.14,71.52,8.64,29.06,29.85,2952.5,,
0.731090992,6-23-2016,12,0.23,10,27.88,12.71,40.65,15.94,29.08,29.88,4185,,
0.033935746,10-21-2017,10,0.48,10,20.9,13.05,61.56,13.8,29.34,30.13,1377.75,,
0.514895873,02-02-2017,11,0,10,-3.77,-11.27,54.64,9.52,29.63,30.43,3786.5,,
0.513010468,7-18-2017,15,0,10,30.29,16.11,39.28,2.76,29.27,30.06,3803.75,,
0.158670371,3-15-2016,16,0,10,23.24,15.07,58.56,18.72,28.72,29.5,2547,,
0.812294656,2-14-2016,7,1,5.84,-8.76,-11.16,78.44,17.16,29.5,30.3,110.28,,
0.934669003,10-30-2016,8,0.99,10,14.11,11.83,85,12.07,29.28,30.08,294.75,,
0.011875624,11-01-2016,17,0,10,21.86,15.99,63.92,6.84,29.19,29.98,154.76,,
0.070505132,08-07-2017,13,0.73,10,23.7,16.57,61.92,6.72,29.27,30.06,1930.75,,
0.40904177,12-09-2016,13,0.04,9.96,-3.27,-8.58,21.3,9.32,8.54,30.54,1182,,
0.169091569,5-21-2017,8,0,10,16.38,10.52,67.24,13.76,29.2,29.99,2544.25,,
0.891411335,5-28-2016,17,0,10,26.37,19.8,63.36,18.48,29.15,29.94,1658.25,,
0.009740121,4-26-2016,10,0.01,10,24.65,15.63,58,3.08,29,29.79,2440.75,,
0.314593544,03-11-2016,7,0,5.8,3.35,2.53,93.36,8.32,29.52,30.32,653.25,,
0.680389541,09-03-2016,8,0,10,18.85,15.44,80.04,8.04,29.42,30.22,1820.5,,
0.035368747,04-09-2017,10,0,10,20.72,10.63,50.6,18.92,29.04,29.83,3216,,
0.282404703,10-24-2016,17,0,10,11.71,4.57,55.56,5.36,29.55,30.35,179.55,,
0.823623074,5-31-2016,17,0.08,8.73,20.2,18.25,29,11.26,11.03,29.95,75.33,,
0.187261357,01-03-2017,13,1,5.06,4.05,4.02,97,15.84,28.97,29.76,334.5,,
0.149160962,07-02-2017,13,0,10,30.08,16.27,41.68,7.76,29.28,30.07,1527.5,,
0.706308186,07-01-2016,13,0.44,10,24.63,14.44,50,10,29.3,30.09,4030.25,,
0.946895843,2-23-2017,7,1,0.01,7.34,7.28,98.15,0,28.96,29.75,359.75,,
0.517089527,3-28-2017,13,1,10,12.77,7.04,68.72,9.64,29.31,30.1,3698.75,,
0.678101796,06-09-2016,6,0,10,18.46,12.57,68.36,4.76,29.27,30.06,344.25,,
0.268369394,8-23-2016,10,0.42,10,24.92,18.22,65.16,10.8,29.45,30.25,3690,,
0.975288391,1-21-2017,9,0,5.84,9.72,9.32,97.04,9,28.78,29.56,1591,,
0.552012711,6-16-2016,15,0.42,10,28.18,19.28,56.92,13.52,29.07,29.86,3734.75,,
0.443701918,7-18-2016,9,1,6.14,23.74,23.28,90.67,7.05,29.4,30.21,865,,
0.134526109,10-18-2016,8,1,10,22.17,18.64,77.8,16.52,28.92,29.71,506,,
0.614261054,03-01-2017,7,0.98,8.31,10.78,10.11,91.25,18.31,28.75,29.53,43.83,,
0.220638168,05-05-2016,13,0.44,10,18.17,7.01,47.64,12.16,29.18,29.97,2501.5,,
0.553484999,9-17-2017,11,0,10,29.02,20,56.76,5.56,29.29,30.08,3933,,
0.965842012,3-18-2017,7,1,10,2.8,-0.24,79.56,14.7,29.36,30.16,234.45,,
0.219399964,03-01-2016,14,1,6.92,-0.85,-1.95,87.16,22.49,29,29.79,535.5,,
0.010802253,9-27-2016,11,0,10,23.08,1.83,23.84,17.56,29.09,29.88,4597.75,,
0.981425819,10-19-2016,13,0.92,10,19.19,12.27,61.72,7.12,29.26,30.05,339.25,,
0.365978692,5-14-2016,17,0.89,10,11.06,2.04,51.56,14.72,29.27,30.06,1170.75,,
0.820959911,03-09-2017,11,0,10,11.1,-4.2,34.12,11.4,29.31,30.11,4697,,
0.48254191,10-08-2016,15,0,10,19.64,5.34,38.52,5.32,29.45,30.25,3202.5,,
0.492909015,4-25-2016,12,0.64,10,26.66,13.11,40.28,17.48,28.95,29.74,4265.25,,
0.772948301,6-14-2017,17,0.14,10,28.18,18.75,57.88,10.6,29.09,29.88,601,,
0.666910828,07-07-2017,13,0.75,10,31.81,24.34,62.72,14.08,29.05,29.84,3588,,
0.487204285,04-10-2016,11,1,7.44,7.18,4.53,83.6,14.28,29.08,29.87,345.5,,
0.208744869,5-26-2016,12,0,10,25.94,19.45,70.61,7.48,29.13,29.92,3507.75,,
0.405981625,06-03-2017,7,0.28,10,24.21,17.42,63.28,5.72,29.28,30.07,851.25,,
0.884057044,04-08-2016,17,1,7.78,3.02,0.43,84.21,18.97,29.11,29.91,374.75,,
0.890369948,2-19-2017,7,1,0.02,7.93,8.08,99.85,4.11,29.23,30.02,158.68,,
0.711815296,08-05-2017,15,0.02,10,24.4,13.07,46.24,6.72,29.29,30.08,2359,,
0.342549019,09-08-2016,9,1,5.62,24.08,23.67,97,2.47,29.16,29.95,230.03,,
0.571449877,03-05-2017,17,1,10,13.47,7.36,63.72,17.2,29.34,30.13,23.5,,
0.434887415,06-08-2016,13,0,10,24.06,6.38,30.32,2.16,29.22,30.01,4497.5,,
0.615267227,06-01-2016,16,0.42,10,26.67,19.96,64.08,5.04,29.14,29.93,2408.25,,
0.992653364,10-06-2016,16,0,10,27.61,17.46,51.36,9.08,29.24,30.03,868.5,,
0.314081219,2-13-2016,17,0,10,-7.69,-17.95,42.36,3.08,29.71,30.51,19.78,,
0.941284226,02-02-2017,17,0,10,-3.33,-9.82,59.48,9.4,29.59,30.39,4.03,,
0.697956772,09-05-2016,10,0.43,10,28.73,22.4,68.04,9.48,29.35,30.14,2813.75,,
0.801519822,10-13-2017,6,0.71,4.2,11,10.8,98.32,3.76,29.39,30.18,0,,
0.84065653,6-26-2016,15,0.99,9.36,27.09,23.05,74.1,6.05,29.2,29.99,1152.75,,
0.689520031,6-15-2017,13,0.28,10,29.78,20.15,53.08,6.72,29.08,29.87,0,,
0.289029042,03-11-2016,8,0,9.04,5.36,3.12,86,9,29.54,30.34,1657.5,,
0.90465062,4-19-2017,6,0.42,9.8,18.05,16.32,22.57,14.2,8.53,30.05,0,,
0.288521551,7-31-2016,15,0.75,10,27.42,20.6,63,6,29.21,30.03,1201.25,,
0.320312483,9-28-2016,6,0.74,10,12.17,10.26,84.92,8.88,29,29.79,0.09,,
0.410906633,7-15-2016,13,0.53,10,26.2,18.68,61.04,13.72,29.25,30.04,3946,,
0.585581921,05-11-2016,7,1,0.17,16.58,16.33,98.85,3.88,29.23,30.02,904.5,,
0.103903586,10-20-2016,8,1,8.52,12.77,12.22,93,7.23,29.29,30.08,83.13,,
0.438436032,7-18-2016,14,0,9,27.87,21.7,69,7,29.37,30.19,3732.25,,
0.382345426,05-03-2016,11,0.3,10,17.28,5.48,44.6,8.28,29.17,29.96,3940.75,,
0.644093422,04-04-2016,13,0.99,10,7.22,-0.94,60.08,13.64,29.39,30.19,2724,,
0.148648705,4-27-2017,10,1,10,8.67,6.14,81.85,15.69,28.9,29.68,1207.75,,
0.142677888,5-16-2016,6,0,9.04,8.59,3.2,67.48,7.72,29.4,30.2,273,,
0.438761532,5-23-2017,7,0.83,10,16.72,14.64,85.92,2.92,29.05,29.84,571.5,,
0.21851238,07-11-2016,7,0,10,23.92,20.86,85.52,7.36,29.23,30.02,929,,
0.55658527,5-29-2016,8,0,10,25.01,18.02,64.72,10.44,29.28,30.07,2027.25,,
0.103421818,3-22-2016,9,0,10,11.69,1.42,44.84,23,29.07,29.86,2939.25,,
0.992407366,10-03-2016,12,1,10,20.86,12.4,58.49,1.16,29.3,30.09,2287.75,,
0.087793065,7-24-2017,15,0.53,10,26.56,18.54,58.12,10.24,29.23,30.02,3098.5,,
0.146490383,9-17-2016,6,1,3.4,20.49,20.62,97,5.72,29.17,29.96,0,,
0.440122528,2-22-2017,15,0.29,10,20.86,13.98,61.88,14.12,28.94,29.72,1910.75,,
0.845392744,7-20-2016,6,1,9,22.17,21.85,96.84,2.56,29.43,30.23,145.75,,
0.333078117,10-18-2016,12,1,10,25.44,19.99,69.56,13.8,28.96,29.75,1671.25,,
0.855235425,08-12-2017,14,0.29,10,25.12,13.09,46.88,8.92,29.28,30.07,4384.25,,
0.039105765,5-31-2017,12,0,10,24.09,6.34,30.24,14.56,29.24,30.03,4715.5,,
0.585545877,2-19-2016,9,0,10,12.13,6.47,65.92,23.04,28.95,29.73,1413.5,,
0.903701581,04-04-2016,14,1,10,6.82,-1.09,58.56,15,29.4,30.2,3272.25,,
0.523005121,06-11-2016,13,0.42,10,33.12,18.9,40.83,12.06,29.22,30.01,4185,,
0.008107276,04-10-2017,16,0.53,10,20.4,16.26,76.96,16.52,29.11,29.9,2565.5,,
0.085643692,05-03-2016,16,1,10,17.51,5.96,44.6,10.32,29.08,29.87,937.25,,
0.51321551,7-16-2017,11,0.38,10,28.56,21.09,61.72,5.72,29.22,30.01,4361,,
0.714834228,3-29-2016,8,0,10,8.7,1.54,60.56,8.36,29.53,30.33,1910.5,,
0.388566649,01-06-2017,7,0,10,-18.93,-20.16,78.84,3.16,29.46,30.26,12.32,,
0.729743264,06-11-2017,13,0,10,31.91,15.18,34.28,16.6,29.2,29.99,4580.75,,
0.070394753,8-28-2016,10,0.48,10,28.12,24.94,81.12,0.19,29.41,30.21,2479,,
0.954773206,1-31-2017,6,1,10,3.33,0.67,79.45,16.66,28.95,29.74,0,,
0.351534584,9-20-2017,8,0.01,9,24.58,21.69,87.2,7.92,29.17,29.96,1635.25,,
0.948534124,2-24-2017,15,0.33,10,13.9,8.71,64.73,23.04,28.72,29.51,1616.5,,
0.239042083,4-16-2016,17,0.62,10,24.88,6.34,27.68,8.08,29.44,30.24,1715.75,,
0.057300328,3-22-2016,14,0,8.08,19.18,4.48,37.08,25.8,28.91,29.69,4344.75,,
0.674348313,02-10-2017,13,0,10,5.49,-0.13,72.24,14.88,29.05,29.84,3205.5,,
0.267300678,2-15-2016,16,1,3.75,-0.88,-0.94,94.62,4.46,29.06,29.85,275.25,,
0.81487799,9-25-2016,8,0.28,5.64,23.2,20.48,86.24,7.68,29.3,30.09,1379,,
0.166237004,01-11-2017,8,0,6.92,0.33,-0.34,90.92,10.84,29.16,29.95,341.5,,
0.623243282,3-23-2016,12,0.99,10,18.53,10.7,57.64,17.24,28.99,29.78,3728.25,,
0.327696179,3-20-2017,14,0.81,10,19.69,11.1,59.24,4.52,29.11,29.9,4049.5,,
0.944566859,11-06-2016,15,0,10,18.64,7.05,44.12,7.12,29.51,30.31,889.25,,
0.060393998,07-10-2016,15,0,10,27.51,18.9,57,7,29.23,30.05,3629.75,,
0.161292554,6-17-2017,10,0.42,10,26.52,21.06,69.96,9.4,28.92,29.71,887.5,,
0.314087987,05-11-2016,12,0.8,7.54,23.66,19.09,76.39,11.77,29.24,30.03,3665.75,,
0.146820256,10-31-2016,17,0,10,16.32,14.04,21.97,9,8.52,29.96,109.17,,
0.925029241,10-12-2017,14,1,10,17.22,15.41,88.16,5.27,29.33,30.12,1283.5,,
0.686233615,10-07-2017,9,0,10,25.38,17.79,62.8,21.96,28.92,29.7,2917.75,,
0.047907296,05-12-2016,16,0.44,10,20.36,13.94,63.64,16,29.17,29.96,1937.75,,
0.570101891,3-26-2016,10,0.14,10,9.46,3.86,69.4,9.8,29.37,30.17,4162.25,,
0.94857453,4-13-2016,16,0,10,15.79,-0.24,31.64,7,29.39,30.19,2884,,
0.949652825,7-17-2017,16,0.44,10,28.12,18,53.16,2.48,29.22,30.01,2591.5,,
0.777811599,10-18-2016,15,0.73,10,26.79,19.19,60,10.12,28.99,29.78,1421.5,,
0.734020376,09-01-2016,17,0.62,10,22.17,14.96,62.36,15.36,29.35,30.14,1426.5,,
0.163178326,07-07-2016,11,0.33,10,23.65,22.17,87.16,9.23,29.09,29.88,606.5,,
0.278237079,02-11-2016,11,0,10,-7.11,-15.49,49.56,5.72,29.53,30.33,4673.75,,
0.301035877,8-15-2016,6,1,6.36,21.18,21.18,96.84,8.04,29.29,30.08,0.44,,
0.514097193,4-16-2016,9,0,10,21.31,8.98,44.52,6.08,29.47,30.27,2712.25,,
0.023727514,2-25-2016,7,1,10,0.76,-1.11,84.88,12.68,29.08,29.87,100.9,,
0.322248051,05-11-2017,16,1,10,16.75,12.88,74.92,9.08,29.13,29.92,0,,
0.983197711,3-28-2016,9,0.89,10,8.08,3.35,70.08,10.99,29.3,30.11,2526.5,,
0.022233778,10-02-2017,15,0,10,28.23,10.37,32.56,12.92,29.36,30.16,2906,,
0.860740886,08-04-2016,10,0,10,28.51,21.7,63,0,29.18,30,2477.5,,
0.733460133,4-18-2017,10,0.24,10,21.89,5.02,32.4,19.92,29.35,30.15,0,,
0.162570557,05-03-2017,10,0.74,10,10.34,4.88,64.2,8.52,29.38,30.17,1186.75,,
0.327599475,10-03-2016,7,1,3.6,14.75,13.99,95.2,0.2,29.32,30.11,121.48,,
0.859835427,10-22-2016,8,0.41,10,7.23,2.04,67.35,4.41,29.36,30.16,1421.5,,
0.848529908,9-30-2017,9,0,10,16.43,8.74,60.16,11.24,29.62,30.42,3061,,
0.419847512,6-28-2016,10,0.83,10,23.45,16.87,67.39,8.81,29.35,30.15,3177.25,,
0.802985997,2-23-2017,13,1,9.89,15.54,11.84,73.77,9.38,28.95,29.73,537.75,,
0.808574739,8-16-2017,6,0,5.14,20.21,20.3,95.46,2.58,29.21,30,67.7,,
0.844859176,7-18-2016,15,0,10,25.07,4.38,25.53,6.78,29.39,30.18,3711.25,,
0.120550733,03-02-2017,8,0,10,0.05,-3.53,77.32,19.8,29.45,30.25,2689.25,,
0.052349024,06-07-2016,13,0.43,10,22.64,7.8,37.64,12.44,29.08,29.87,4379.25,,
0.343732634,3-19-2016,13,1,10,7.92,-1.96,48.8,6.16,29.34,30.13,1000.5,,
0.642581446,05-12-2017,16,0.29,10,21.29,9.34,44.64,10.52,29.12,29.91,2137.25,,
0.931968367,10-09-2017,10,0.52,7.22,21.31,19.35,88.68,0.55,29.14,29.94,1815.75,,
0.701021405,9-24-2016,7,1,1.92,20.49,20.03,92.4,8.37,29.36,30.16,220.05,,
0.510690418,07-06-2016,11,0.03,10,23.72,21.28,83.04,10.12,29.04,29.83,1415.5,,
0.365453394,06-01-2017,9,0,10,23.97,4.5,26.96,8.88,29.34,30.13,3361.5,,
0.000346228,11-12-2016,16,0,10,9.54,0.36,50.92,0.96,29.54,30.34,84.51,,
0.606789594,04-09-2016,17,0,10,4.27,-7.33,41.52,5.56,29.4,30.2,1810.25,,
0.735492988,6-23-2017,8,0.9,9.08,22.92,21.01,95.93,6,28.9,29.69,396.25,,
0.733975641,9-15-2017,6,0.11,3.69,15.59,15.35,97.79,3.28,29.24,30.03,23.15,,
0.0069192,1-23-2017,12,1,10,4.43,2.84,86.77,13.42,28.95,29.74,475,,
0.655047451,09-06-2017,6,0.83,10,9.21,9.08,88.84,7.16,29.22,30.01,61.95,,
0.97489105,4-14-2016,10,0,10,15.18,0.74,36.88,12.24,29.45,30.25,2952.75,,
0.676886211,10-30-2016,13,0.98,10,17.69,10.74,62.84,13.16,29.34,30.13,3423.25,,
0.622117925,08-07-2016,12,0.44,10,26.89,16.01,48.89,10.56,29.26,30.05,4132,,
0.41116673,09-11-2017,17,0,10,20.38,11.61,53.36,7.8,29.32,30.11,924.75,,
0.673203317,02-10-2016,11,0,10,-9.02,-13.98,65.6,13.04,29.29,30.08,3823.25,,
0.906318971,1-26-2017,16,1,10,0.26,-1.32,87.32,14.76,29.18,29.97,50.68,,
0.252081797,06-02-2017,16,0,10,29.49,4.88,19.76,5.24,29.24,30.03,2971.75,,
0.402009186,10-26-2017,6,0.14,10,1.9,1.09,95.56,5.4,29.07,29.86,0,,
0.857337399,5-18-2016,17,0.31,10,18.88,4.54,36.8,1.16,29.36,30.15,1488.5,,
0.298115319,10-15-2017,15,1,10,13.56,6.69,64.8,15.44,29.36,30.16,1229.25,,
0.457842808,08-02-2017,10,0.14,10,26.76,20.06,63.88,2.68,29.28,30.07,3461,,
0.227069469,4-18-2016,10,0,10,26.12,4.3,23.08,3.12,29.51,30.31,4045.5,,
0.15016776,10-20-2016,11,0.99,10,14.23,13.23,92.15,7.35,29.3,30.09,607.25,,
0.669155272,7-16-2017,14,1,10,29.17,22.82,66.04,5.68,29.18,29.97,1413,,
0.577134517,2-18-2016,10,0.71,6.32,3.19,-0.15,80.8,15.96,29.57,30.37,2403,,
0.555141705,01-12-2017,15,1,8.92,-1.14,-2.46,90.43,14.54,29.45,30.26,135.28,,
0.97314407,6-21-2017,7,0,10,22.03,18.41,78.68,4.36,29.18,29.97,362.5,,
0.280120015,05-06-2016,6,0.42,9.96,9.12,7.19,81.2,5.64,29.23,30.02,146.68,,
0.183670503,5-20-2017,16,0.39,10,24.68,19.51,70.04,10.76,29.1,29.89,2423.75,,
0.285927284,6-22-2017,7,0,10,25.21,21.82,77.72,10.24,29.13,29.92,291.25,,
0.758876542,04-02-2017,15,0.28,10,18.04,5.02,41.16,14.04,29.17,29.96,3134.25,,
0.675265391,10-03-2016,17,0.64,10,19.23,13.34,67.41,5,29.25,30.04,675.5,,
0.413850257,05-06-2017,10,0.65,10,13.94,5.56,56.24,15.16,29.02,29.81,3763,,
0.084609658,05-09-2017,14,0.02,10,25.46,17.58,70.61,14.08,29.08,29.87,2485,,
0.915240414,9-18-2016,13,0,10,27.45,11.57,36.24,1.08,29.19,29.98,3703.25,,
0.545706809,7-21-2016,17,0.19,10,31.08,26.1,75,11,29.22,30.04,1687,,
0.514874614,08-07-2017,8,0.74,10,21.33,17.23,73.64,7.24,29.23,30.02,1290.25,,
0.52189815,07-04-2017,16,0.83,10,25.2,22.31,85.57,5.56,29.24,30.03,691.75,,
0.082937053,04-03-2017,12,0.72,10,18.92,15.12,78.76,13.44,28.67,29.45,2052,,
0.972961296,10-27-2017,11,1,10,6.22,-0.8,60.8,16.36,29.1,29.89,1440.5,,
0.465122627,4-26-2017,9,0,10,24.84,13.8,46.92,22.12,28.7,29.48,3365,,
0.156401605,6-13-2017,7,0,10,28.21,23.33,71.88,9.16,29.23,30.02,1019.25,,
0.426222256,10-11-2016,12,0,10,24.04,9.72,37.8,11.08,29.37,30.16,3042.5,,
0.278599868,8-23-2017,11,0.28,10,24,11.06,43.4,9.16,29.3,30.09,4539.25,,
0.787852529,9-25-2016,14,0.64,9.43,27.26,19,54.75,11.86,29.19,29.98,647,,
0.590609609,07-08-2016,12,0.44,10,29.18,22.2,67,10,29.07,29.89,4320,,
0.885740473,04-07-2017,15,0,10,13.02,-1.52,36.2,13,29.31,30.1,4297.5,,
0.498299624,8-30-2016,17,0.28,10,25.42,23.32,22.25,5.76,8.53,30.06,743,,
0.178146638,5-26-2017,13,1,10,24.99,17.55,62.72,12.76,29.01,29.8,1585.25,,
0.755038484,4-17-2016,14,0,10,26.91,3.05,19.92,11,29.51,30.31,4594.5,,
0.831056739,11-04-2016,15,0,10,15.83,5.97,50.44,6.4,29.6,30.4,2680,,
0.567589773,10-01-2016,16,0.44,10,19.46,15.12,76,6.64,29.19,29.98,1225.25,,
0.207673787,5-13-2016,11,0.15,10,17.98,9.42,54.64,12.28,29.28,30.07,3306.75,,
0.799308477,12-12-2016,11,0.03,9.96,-2.5,-5.12,21.97,11.92,8.53,30.13,3465.25,,
0.666029074,10-28-2017,14,1,10,4.72,-0.5,69.04,12.76,29.14,29.93,728.5,,
0.518825934,08-02-2016,10,0.94,10,26.94,21.97,67.77,0.33,29.33,30.12,2871.75,,
0.655884874,6-16-2016,7,0.14,10,24.65,19.85,74.64,10.28,29.05,29.84,1019.75,,
0.139999618,08-08-2016,16,0,10,27.69,19.56,57.35,4.7,29.2,29.99,2081.5,,
0.425332234,1-29-2017,11,1,9.84,-1.95,-5.59,75,9,29.08,29.87,217,,
0.217070065,06-09-2017,8,0.28,10,25.09,12.1,42.56,13.2,29.1,29.89,2064.5,,
0.674602369,10-14-2017,7,0.92,10,17.71,14.96,83.76,6.92,29.29,30.08,57.78,,
0.241699724,6-20-2016,10,0.15,10,30.73,22.95,59.64,12.8,29.36,30.15,3767.5,,
0.921258146,3-20-2016,11,0.82,10,6.64,-2.22,52.64,12.8,29.38,30.17,4470,,
0.994239842,10-10-2016,9,0,10,17.92,10.9,63.64,1.08,29.56,30.36,2314.5,,
0.666928199,05-05-2016,10,0,10,13.88,7.6,63.68,14.36,29.19,29.98,2767.5,,
0.379769017,04-06-2016,11,1,4.8,9.38,8.18,91.41,13.29,28.84,29.62,260.25,,
0.592364322,10-16-2017,16,0,10,17.26,4.29,42.32,7.08,29.46,30.26,1829.25,,
0.862239414,8-31-2016,17,0.02,10,23.98,18.01,21.74,13.44,8.52,30.03,692.25,,
0.969504951,07-12-2016,11,0.67,10,29.44,24.88,74.67,14.89,29.07,29.86,3934.75,,
0.031839058,02-06-2016,14,0,10,7.49,0.37,59.76,10.76,29.4,30.2,3248.5,,
0.46332819,6-15-2016,15,0,10,32.69,22.95,55.84,13.36,28.97,29.76,2538.5,,
0.324696512,6-15-2016,13,0.55,10,32.04,25.64,68.56,10.04,28.99,29.78,3988.5,,
0.87358536,9-28-2016,17,1,10,14.05,11.04,79.6,9.08,29.22,30.01,206.5,,
0.147909233,3-28-2017,14,1,10,13.32,7.44,67.92,11.6,29.3,30.09,3721,,
0.663907184,9-19-2017,11,1,9.83,22.25,20.14,86.25,1.66,29.18,29.97,1064.5,,
0.400983452,8-30-2017,16,0,10,25.47,16.27,21.02,6.96,8.53,30.05,2911.75,,
0.835205545,5-26-2017,12,0.62,10,24.38,16.9,59.06,14.12,29,29.8,3236.75,,
0.104700805,7-16-2016,10,0.14,10,22.98,15.15,59.52,3.32,29.36,30.16,3900.5,,
0.363131302,12-07-2016,13,0.03,10,0.96,-3.68,21.54,11.32,8.53,30.14,1098.25,,
0.677335903,04-03-2017,7,1,10,12.69,9.74,79.24,8.56,28.81,29.59,68.05,,
0.443360039,11-30-2016,9,0,10,4.48,1.34,77.92,9.96,28.87,29.66,2590.75,,
0.654501347,10-20-2017,12,0,8.08,25.18,11.61,43.04,10.12,29.36,30.16,3780,,
0.779276676,2-26-2016,10,0.56,10,0.74,-4.4,65.6,8.28,29.51,30.31,3718.75,,
0.067650893,02-02-2016,10,0.99,5.22,3.95,2.22,87.26,20.18,28.95,29.75,205,,
0.647057884,10-15-2016,10,1,6.17,17.81,16.57,89.89,13.65,29.29,30.08,474.5,,
0.81842588,7-23-2016,16,0,10,30.3,25.89,70.22,6,29.16,29.95,2284,,
0.555678891,08-06-2016,12,0.44,10,26.57,19.4,63,5,29.18,30,2868.25,,
0.984722265,04-05-2017,14,1,9.65,10.95,10.23,92.89,12.19,28.74,29.53,893.25,,
0.285180289,4-24-2017,6,0,10,9.96,1.01,50.76,6.16,29.2,29.99,129.7,,
0.792852931,3-29-2017,17,1,10,12.54,7.35,68.28,17.68,29.18,29.97,183,,
0.706470114,04-12-2016,6,0,10,0.61,-2.59,77.2,5.72,29.52,30.33,64.65,,
0.50544496,8-31-2017,15,0.01,10,24.49,16.21,21.14,11.72,8.53,30.06,2680.5,,
0.328001778,6-28-2016,7,0,10,21.52,17.39,76.64,9.96,29.34,30.14,1038,,
0.334489355,08-12-2016,13,0.01,10,30.04,25.1,71.48,9.64,29.06,29.85,2343.5,,
0.213379292,3-28-2016,15,0.66,10,11.38,2.49,56.04,8.72,29.35,30.15,2658.25,,
0.748337849,08-04-2016,11,0,10,29.37,22.91,61.22,3.22,29.2,29.99,3381,,
0.464615992,4-26-2017,14,0.43,10,25.83,12.36,41.16,18.48,28.73,29.51,2651,,
0.312162183,04-07-2017,9,0,10,7.27,-1.03,55.64,15.2,29.34,30.13,3621.25,,
0.452689589,8-13-2017,15,0.28,10,25.82,13.87,46.24,3.2,29.22,30.01,3631.75,,
0.849529664,1-25-2017,17,1,10,4.12,0.79,76.64,20.36,28.84,29.63,0.14,,
0.592889715,07-11-2017,10,0.86,7.79,21.53,21.63,93.53,8.28,29.15,29.95,0,,
0.278909253,10-11-2016,13,0,10,24.96,8.36,32.56,10.76,29.34,30.13,2897.75,,
0.120230651,09-02-2016,11,0,10,23.22,13.57,54.6,12.92,29.42,30.22,4411.25,,
0.539491848,02-01-2016,9,0.92,10,1.97,0.41,86.12,5.56,29.24,30.04,923.75,,
0.41072766,8-28-2016,7,0,8,23.41,22.92,94.8,0,29.39,30.19,533,,
0.435991618,3-19-2016,14,1,10,7.72,-1.03,52,6.4,29.34,30.13,563.75,,
0.840479733,6-24-2017,15,0.43,10,24.33,9.39,38.56,17.48,29.27,30.06,1387.75,,
0.433328457,4-28-2017,7,0.99,10,10.3,8.89,88.56,7.56,29.14,29.93,274.33,,
0.646546808,3-13-2016,6,1,0.65,12.05,11.7,99.84,8.92,29,29.79,0,,
0.928728781,12-28-2016,10,0,10,2.97,-1.3,71.08,16.6,29.25,30.04,3037.75,,
0.138465397,02-11-2017,9,0,10,9.18,6.78,84.8,6.44,29.11,29.9,2443.25,,
0.675767113,7-18-2017,14,0,10,30.06,17.01,43.32,2.76,29.28,30.07,4363.25,,
0.750812001,5-31-2017,10,0,10,22.34,7.44,35.6,14.64,29.26,30.05,4374,,
0.371773712,3-18-2016,15,0.45,10,10.16,-2.81,38,7.24,29.28,30.07,2350,,
0.90989453,01-06-2017,11,0.63,10,-13.55,-18.1,65.35,7.38,29.5,30.3,656.25,,
0.03519796,7-22-2016,13,0,10,28.29,22.2,67,6,29.24,30.06,3564.75,,
0.296374621,6-24-2017,16,0.01,10,24.09,7.92,34.6,15.28,29.27,30.06,1123.25,,
0.104835171,01-10-2017,12,1,10,10.03,8.67,91.76,26.08,28.71,29.49,104.73,,
0.787673196,3-15-2016,14,0,10,22.7,14.8,60.8,21.36,28.78,29.56,4048.75,,
0.280374082,07-02-2017,12,0,10,29.51,16.12,42.48,8.72,29.3,30.09,1558.5,,
0.201899683,7-13-2017,14,0.71,10,28.59,23.82,72.32,6.08,29.26,30.05,2457,,
0.889686402,10-25-2017,14,0.46,10,10.51,4.15,65.16,3.44,28.99,29.78,724.75,,
0.600178212,5-28-2017,17,0.15,10,24.99,11.06,39.6,14.72,29,29.79,1890.25,,
0.825635318,11-15-2016,7,0.32,2.51,3.01,3.84,96.93,7.46,29.14,29.93,619,,
0.859373118,7-19-2017,11,0.42,10,29.72,24.8,72.88,5.04,29.32,30.12,4268,,
0.104556001,9-20-2017,15,0.43,10,33.31,20.23,45.44,12.2,29.11,29.9,2527.75,,
0.923388945,03-05-2016,12,1,9.93,6.3,1.66,71.16,14.59,29.3,30.1,1477.5,,
0.534720917,1-21-2017,16,0,10,15.2,11.28,74.04,8.4,28.74,29.52,192.95,,
0.659694405,04-01-2017,12,0.28,10,12.14,4.07,57.64,10.6,29.41,30.21,4325.5,,
0.525646164,11-22-2016,17,1,10,6.28,0.06,63,11.6,29.38,30.18,0,,
0.540913794,5-21-2016,14,0.28,10,25.08,4.2,25.76,17.32,29.29,30.08,4152,,
0.003738105,10-30-2016,10,0.84,10,15.94,11.68,75.19,13.5,29.33,30.13,1651.5,,
0.45027804,1-26-2017,12,1,10,0.4,-1.76,84.6,18.16,29.13,29.92,813.5,,
0.27392363,09-11-2017,16,0,10,21.86,11.13,48.76,11.08,29.34,30.13,2158.25,,
0.876964444,05-12-2017,13,0.28,10,20.98,9.8,47.4,12.28,29.14,29.93,0,,
0.074961,01-07-2017,12,0,10,-8.48,-12.91,68.68,13.36,29.73,30.53,1785.25,,
0.733717075,06-05-2016,12,0.75,10,23.42,16.88,64.56,16.32,28.97,29.76,3565.5,,
0.387572451,10-03-2017,7,1,10,20.8,16.88,77.92,11.72,29.51,30.31,317.63,,
0.26015928,6-17-2016,17,0,10,29.13,10.45,28.47,11.94,29.23,30.02,1886,,
0.463241816,2-21-2017,11,1,8.88,14.72,13.54,89.88,2.24,29.17,29.96,712.25,,
0.275169774,02-10-2017,15,0,10,9.02,3.28,67.48,14.32,28.98,29.77,1014.75,,
0.320157278,5-25-2017,11,1,9.96,16.08,13.61,80.88,11.76,28.89,29.67,1633.75,,
0.431052269,05-11-2016,13,0.29,10,24.74,18.63,68.72,8.84,29.22,30.01,4133,,
0.603441939,04-09-2017,17,0,10,22.17,11.98,51.12,23.76,28.95,29.73,711.5,,
0.615170798,5-29-2016,17,0.43,9.04,27.66,14.22,42.28,9.4,29.23,30.02,1672,,
0.390696345,09-09-2016,17,0.94,6.55,24.37,23.65,93.71,7,29.07,29.87,110.3,,
0.492108409,09-06-2016,6,0,5.51,21.97,21.52,97.61,4.57,29.34,30.13,39.26,,
0.566772905,7-15-2017,9,1,10,21.04,16.6,72.8,0.96,29.39,30.19,1554,,
0.363160598,4-13-2016,15,0,10,15.75,-0.65,31.36,6.04,29.41,30.21,3597.5,,
0.437369223,05-03-2016,13,0.91,10,17.88,5.34,41.72,9.6,29.13,29.92,2956,,
0.477061645,05-04-2016,12,0.99,10,13.86,5.97,58.4,20.32,28.98,29.77,2590.75,,
0.42335749,02-01-2017,6,0.32,10,1.22,-0.04,88.72,4.72,29.25,30.04,0,,
0.54714626,01-10-2017,16,1,10,10.97,9.23,86.34,33.48,28.76,29.54,27.54,,
0.637913653,10-25-2016,16,0.83,10,13.8,4.88,54.2,8.12,29.51,30.31,377,,
0.282417641,11-25-2016,11,1,10,4.74,1.5,74.8,6.4,29.54,30.34,706.75,,
0.842612125,5-20-2016,9,0,10,18.26,7.04,44.56,11.64,29.33,30.12,1479.5,,
0.759233626,6-30-2017,9,0.72,10,26.72,23.43,77.04,10.78,29.08,29.88,506,,
0.511366616,6-15-2017,10,0.28,10,26.2,19.44,64.52,12.6,29.1,29.89,0,,
0.060192799,04-02-2017,13,0,10,16.31,6.13,50.08,13.16,29.23,30.02,4433.25,,
0.136324958,3-30-2016,11,0.75,8.14,13.54,6.21,60.84,12.42,29.06,29.86,2049.25,,
0.443983844,3-27-2016,14,0.06,10,18.07,6.84,45.52,17,29.04,29.83,2560,,
0.354118982,02-06-2016,12,0,10,5.39,-0.72,63.4,7.76,29.45,30.25,4356.25,,
0.133581199,03-05-2016,9,1,3.32,4.23,2.63,86.96,8.64,29.27,30.06,1379.5,,
0.338116652,2-17-2017,15,0,10,20.31,4.66,34.52,18.12,28.92,29.71,2368.25,,
0.688290271,2-16-2017,12,0,10,7.56,-4.44,42.52,13.44,29.1,29.89,3091.75,,
0.013723015,01-05-2017,15,0.88,4.3,-10.16,-13.29,76.12,5.03,29.27,30.06,73.03,,
0.861597998,10-08-2017,12,0,10,24.83,12.19,46.08,10.76,29.02,29.81,4486.5,,
0.018218376,09-10-2017,15,0,10,23.42,8.74,38.88,8.56,29.53,30.33,3619.75,,
0.844637606,03-07-2016,10,1,6.6,10.15,8.92,91.76,14.84,29.17,29.96,738.25,,
0.135657418,04-08-2016,16,0.93,9.89,4.07,0.52,74.6,20.32,29.09,29.89,1494.25,,
0.719255312,8-14-2017,12,0.44,10,28,17.3,50.64,5.08,29.1,29.89,3706.75,,
0.696522895,6-22-2016,13,0.65,10,25.81,21.86,78.04,10.2,29.14,29.93,3169.75,,
0.959644362,3-16-2017,13,0,10,5.94,-5.63,42.48,10.04,29.5,30.3,4714.25,,
0.720406402,10-16-2017,11,0,10,16.2,4.73,47,6.76,29.55,30.35,4288.5,,
0.076069227,2-16-2017,15,0,10,10.61,-1.76,43.68,17,29,29.79,1072,,
0.885244349,11-20-2016,15,0,10,2.15,-5.52,55.52,8.44,29.51,30.31,843.75,,
0.473988926,08-04-2017,13,1,10,18.38,12.06,65.77,17.54,29.22,30.01,1797.25,,
0.418184134,04-07-2017,11,0,10,10.22,-1.48,20.75,14.4,8.53,30.13,4718,,
0.374477695,4-16-2017,14,0.75,9.11,20.22,17.36,81.52,13.37,29.23,30.03,1720,,
0.828157369,9-29-2016,10,1,10,16.28,14.25,81.47,7.5,29.34,30.13,1615.5,,
0.84310273,1-29-2017,9,1,9.39,-2.38,-5.62,75.76,11.35,29.06,29.85,215.5,,
0.532079259,08-04-2017,15,1,10,20.43,12.38,60.28,14.96,29.22,30.01,2998.5,,
0.182957444,5-25-2016,12,0.28,10,24.78,12.97,37.89,16.36,29.19,29.98,3675,,
0.711493324,12-02-2016,7,1,8.4,2.32,0.58,85.84,7.32,29.36,30.16,87.03,,
0.470487546,9-27-2017,11,0.2,10,22.96,14.27,59.26,9,29.31,30.1,3282,,
0.15226786,05-07-2016,16,0.28,10,20.32,6.25,40.83,16.64,29.04,29.83,2436.5,,
0.692284219,2-17-2016,12,1,10,1.69,-2.33,75.64,6.92,29.46,30.26,1040,,
0.64419536,03-09-2016,7,0.92,10,15.32,12.85,80.04,11.16,29.15,29.94,526,,
0.583238907,11-17-2016,13,0,10,22.91,12.06,48.56,16.48,29.02,29.81,2485.5,,
0.722198715,1-27-2017,14,1,10,-2.68,-5.28,79.04,17.04,29.15,29.94,235.25,,
0.027930184,07-04-2017,12,0.43,10,30.55,20.51,53.32,6,29.28,30.07,896.25,,
0.26070517,06-02-2016,6,0,10,18.98,15.58,74.48,3.44,29.27,30.06,274,,
0.964984494,9-27-2017,16,0,10,22.03,11.48,50.36,11.92,29.31,30.1,1036.75,,
0.079900166,02-10-2017,9,0,10,-1.59,-4.83,78.92,20.81,29.24,30.03,113.75,,
0.457217879,3-19-2017,17,0,10,12.15,1.54,46.8,13.44,29.39,30.19,1504.25,,
0.081729816,6-28-2017,9,0.49,10,23.25,13.92,55.24,14,29.26,30.05,710.75,,
0.319002651,8-19-2017,7,0.62,10,20.36,18.88,86.88,8.52,29.18,29.97,658.75,,
0.038635549,2-21-2016,17,1,10,6.53,2.47,71,11.84,29.31,30.11,22.7,,
0.25449987,9-27-2017,10,0.97,10,21.55,15.28,69.37,10.32,29.31,30.11,3352.5,,
0.811588067,11-08-2016,11,1,4.13,13.36,13.15,95.67,6.63,29.41,30.21,213.25,,
0.76523055,03-10-2016,7,1,10,8.91,7.58,88.88,9.68,29.24,30.03,168.6,,
0.624387375,4-29-2016,11,1,5.08,12.41,8.71,77.88,4.8,29.3,30.09,1404.5,,
0.970658777,5-16-2016,9,0,10,16.25,3.95,42.28,14.48,29.41,30.21,3441,,
0.819970348,3-27-2016,8,0,10,12.02,5.93,66.64,6,29.18,29.97,1723.25,,
0.058921164,02-01-2016,8,0.14,9.92,0.89,0.3,92,2.76,29.22,30.01,531,,
0.01562203,06-07-2016,16,0.53,10,23.4,8.13,36.68,12.72,29.07,29.86,2728.5,,
0.827409165,6-24-2017,8,0.28,10,20.76,15.4,70.48,10.96,29.23,30.02,797.5,,
0.511052801,2-18-2016,6,0.73,6.96,-0.5,-1.55,87.56,10.32,29.56,30.36,7.7,,
0.108062697,07-08-2016,14,0.75,10,29.44,22.2,67,8,29.08,29.9,3712.25,,
0.792625532,5-23-2016,16,0,10,27.28,5.68,22.64,9.92,29.16,29.95,2622,,
0.500270018,08-03-2017,12,0.14,10,29.33,21.04,56.6,12.72,29.16,29.95,4022,,
0.472015391,8-25-2017,8,0,10,18.15,12.34,68.08,8.04,29.43,30.23,1843.75,,
0.709474863,4-22-2017,8,0,10,8.8,3.1,68.24,21.32,29.33,30.13,1211.25,,
0.061845233,10-02-2016,9,1,8.73,16.06,15.14,86.46,1.96,29.31,30.1,393,,
0.840050618,3-16-2016,16,0.54,10,15.54,-1.35,30.48,21,29.05,29.84,2792.5,,
0.311343511,9-13-2017,8,1,6.55,17.64,16.49,91.14,4.32,28.99,29.78,195.58,,
0.07079093,1-19-2017,9,0.01,2.88,3.54,3.16,95.88,8.12,29.18,29.97,580,,
0.664909837,1-18-2017,13,0.83,10,4.56,2.58,82.52,6.44,29.33,30.13,1462.25,,
0.719829764,03-03-2017,14,0.42,10,2.23,-7.89,46.4,7.32,29.79,30.59,3982,,
0.388717815,9-21-2016,9,0,10,26.35,18.12,60.32,1.72,29.43,30.23,2739.75,,
0.285088146,10-05-2017,9,1,8.45,17.3,16.64,90.5,5.26,29.41,30.21,140.08,,
0.751625579,05-10-2017,7,0.16,5,16.17,13.5,87,6.04,29.16,29.95,901.25,,
0.712845088,07-12-2016,6,0.49,4.41,23.26,22.65,96.74,7.52,29.13,29.93,272.25,,
0.576983851,4-19-2017,13,0.3,10,26.96,16.98,21.06,10.36,8.52,30.03,0,,
0.008950754,4-23-2016,9,0.18,10,12.19,8.33,70.48,2.56,29.39,30.18,1229.75,,
0.215995297,5-20-2017,13,0.42,10,23.93,20.87,83.68,17.24,29.11,29.9,3480.75,,
0.04805875,08-01-2017,16,0.39,10,24.99,19.17,71.24,3.96,29.26,30.05,1434.5,,
0.674047208,5-21-2017,9,0.53,10,17.19,11.21,66.64,15.28,29.2,29.99,3192.75,,
0.884240393,5-24-2017,14,1,5.91,15.18,14.52,91,9.78,28.73,29.51,452.5,,
0.335630298,09-09-2016,14,1,10,25.1,21.87,80.92,6.52,29.12,29.91,1719.5,,
0.699662109,05-11-2016,16,0.44,10,19.67,17.28,84.65,12.61,29.12,29.92,90.83,,
0.460510378,02-03-2017,9,0.3,10,-6.16,-12.08,21.38,11.48,8.54,30.49,1530,,
0.274748631,10-24-2016,9,0,10,13.04,6.13,60.4,11.6,29.57,30.37,2610.75,,
0.279882599,11-23-2016,8,1,3.28,5.48,5.3,97.16,10.56,29.21,30.01,62.45,,
0.102344281,1-25-2017,15,1,10,5.62,2.85,78.58,15.61,28.8,29.58,158.75,,
0.733929602,05-10-2017,13,0.3,10,26.84,18.91,62,5.24,29.11,29.9,4224,,
0.810715416,2-22-2016,11,0.33,10,5.2,-0.47,64.74,9.22,29.36,30.16,3718.75,,
0.296401675,9-24-2017,8,0,10,25.32,19.34,69.88,0.24,29.31,30.11,1624.5,,
0.515013985,7-31-2016,9,0,10,24.31,21.1,77,6,29.22,30.04,3015.5,,
0.828754195,1-22-2017,14,1,2.28,8.13,7.96,98.17,11,28.76,29.54,605.5,,
0.938112225,2-19-2017,10,1,1.88,9.61,9.48,98.97,5.44,29.29,30.08,1229.5,,
0.603535108,7-17-2017,7,0,10,20.46,16.69,76.64,8.28,29.25,30.05,941.5,,
0.979655745,8-13-2016,15,1,10,25.26,22.22,78.92,9.48,29.11,29.9,1780.5,,
0.610195471,4-16-2016,7,0,10,16.18,7.84,57.6,6.68,29.47,30.27,770,,
0.911789199,3-25-2017,11,0.99,10,19.46,12.2,62.92,9.32,29.16,29.95,1808.75,,
0.875352351,6-30-2017,17,0.01,10,27.69,19.73,21.3,10.44,8.52,29.83,532.5,,
0.073217897,04-08-2016,10,1,8.08,5.5,2.6,82.72,20.48,29.08,29.87,829.5,,
0.462568139,08-10-2017,11,0.28,10,28.19,18.45,53.84,7.32,29.31,30.11,4150.25,,
0.36430539,04-10-2017,17,0.53,10,19.84,16.72,78,16.16,29.12,29.91,565,,
0.086156259,6-29-2016,15,0,10,24.71,9.48,25.62,5.44,15.45,30.1,3853.5,,
0.980068158,7-13-2016,6,0.53,3.15,23.2,22.73,97.78,5.7,29.18,29.97,258.25,,
0.860389899,9-23-2017,13,0.44,10,33.22,18.98,43.68,2.56,29.27,30.06,2956,,
0.319802405,6-21-2016,6,0.65,10,21.16,15.68,67.04,6,29.27,30.06,291.75,,
0.900001417,8-26-2016,10,0.48,10,26.73,22.58,79,7.04,29.36,30.15,2774.75,,
0.012868668,6-27-2017,13,0,10,23.42,7.56,35.48,2.68,29.34,30.13,1582.75,,
0.06164075,10-18-2016,11,1,10,25.32,19.83,70.81,16.15,28.96,29.75,1699.75,,
0.279488976,05-06-2016,7,0.14,10,13.02,7.32,64.11,7.68,29.25,30.04,922.25,,
0.664970139,6-21-2017,13,0.15,10,28.12,18.74,54.44,1.6,29.16,29.95,543,,
0.349269611,03-02-2016,7,0,10,-7,-9.93,74.28,5.32,29.39,30.19,1198.25,,
0.59228709,12-29-2016,7,0,10,-0.05,-2.09,82.56,12.72,29.14,29.93,143.26,,
0.6211588,8-23-2017,8,0,10,19.3,14.23,70,6.28,29.29,30.08,1964.5,,
0.652214648,9-29-2017,11,0,10,23.71,11.04,45.4,10.6,29.4,30.2,4337.5,,
0.30624319,08-05-2016,14,1,10,26.01,23.64,78.8,8.5,29.13,29.92,1384.5,,
0.376902232,02-04-2016,13,0,10,-1.19,-6.52,64.52,10.64,29.45,30.25,4278.25,,
0.758257298,8-27-2016,14,0.75,10,29.75,23.86,69.04,8.04,29.26,30.05,3100,,
0.092473817,08-01-2017,10,0.02,10,26.56,19.49,57.55,4.48,29.31,30.1,1719.75,,
0.198563596,8-29-2016,7,0.14,9.92,23.85,22.38,92.44,5,29.44,30.24,580,,
0.691624237,06-11-2016,14,0.41,10,33.07,18.68,40.12,13.33,29.21,30,4084.25,,
0.159083127,3-14-2016,11,1,6.61,13.56,12.51,95.51,6.65,28.92,29.71,1059,,
0.274356941,01-11-2017,9,0.31,7.04,1.48,0.37,88.7,12.31,29.13,29.92,473.5,,
0.906938473,6-13-2017,16,0.28,10,33.81,21.3,46.36,12.04,29.12,29.91,2594.5,,
0.15641363,10-25-2017,11,0.92,10,7.71,2.85,71.84,7.32,29.01,29.8,686,,
0.613502308,9-28-2016,13,0.99,10,15.37,8.29,60.16,14.68,29.14,29.93,2178.25,,
0.354837973,10-27-2016,14,1,10,10.69,7.41,80.72,7,29.45,30.25,376,,
0.399860352,06-01-2016,7,0.92,7.08,19.65,18.79,90.84,4.84,29.2,29.99,265.5,,
0.423725146,04-03-2016,13,0,10,17.3,3.77,40.28,24.48,29.05,29.84,4700.25,,
0.808936491,12-28-2016,7,0,10,-2.33,-3.5,90.64,6.08,29.31,30.1,0,,
0.632982945,02-03-2016,15,1,10,0.31,-0.77,88.58,19,29.08,29.88,353.75,,
0.333189846,06-01-2016,13,0.75,10,24.93,20.2,71.76,5.56,29.17,29.96,2899,,
0.705858047,07-02-2016,13,0.27,10,18.54,13.35,68.08,1.8,29.36,30.16,987.75,,
0.973294356,9-16-2017,14,0.29,10,31.11,16.22,39.64,6.08,29.27,30.06,3095.75,,
0.760230683,2-20-2017,10,0.05,8.62,14.56,11.54,81.07,15.08,29.33,30.13,3142,,
0.675797022,7-16-2017,13,0.98,10,28.62,21.67,63.08,5.36,29.19,29.98,3832,,
0.157987048,10-16-2016,7,1,8.87,18.38,16.88,88.21,13.69,29.17,29.97,42.92,,
0.3334032,03-02-2017,15,0.46,10,2.93,-4.53,57.12,19.2,29.51,30.31,1167,,
0.848734383,05-01-2017,13,1,8.92,10.38,7.13,75.23,23.08,28.76,29.54,805.5,,
0.214666656,05-03-2017,16,1,9.92,10.13,7.69,78.08,7.04,29.31,30.1,662.75,,
0.403201155,4-26-2016,13,0.41,10,23.22,13.5,55.36,11.4,29.01,29.8,1105,,
0.778447689,6-30-2016,13,0.26,10,25.31,15.95,56.48,6.04,29.21,30,3369.25,,
0.972913655,04-06-2016,8,0.73,10,10.7,3.29,58.6,12.4,28.9,29.69,388.5,,
0.098022442,6-19-2016,15,0.44,10,31.26,20.89,51.78,10.33,29.39,30.18,2876.75,,
0.35549692,6-28-2017,6,0,10,16.31,11.7,75.88,7.44,29.27,30.06,124.2,,
0.575185631,5-15-2017,9,0,10,25.62,14.45,49.56,4.8,29.17,29.96,3341.5,,
0.561095723,8-26-2017,9,0.14,9.04,21.55,13.22,58.28,7.92,29.47,30.27,2620.75,,
0.682466933,3-20-2017,10,1,10,12.33,8.32,83.41,17.12,29.16,29.95,1491.5,,
0.448241965,12-18-2016,11,0.39,9.77,-13.38,-15.73,80.93,12.07,29.71,30.51,2871,,
0.722604621,08-10-2016,14,0.42,10,31.13,22.31,56.36,5.32,29.28,30.07,3486.5,,
0.427296217,5-19-2016,6,0,10,12.35,6.54,67.4,6.64,29.41,30.21,292.5,,
0.831238197,10-17-2016,14,0,10,29.5,18.73,48.96,22,28.84,29.62,3501.75,,
0.362910128,9-28-2016,16,1,10,14.76,10.21,70.52,8.08,29.2,29.99,450,,
0.122889217,2-17-2017,7,0,10,3.05,0.24,76.84,3.92,28.96,29.75,632.75,,
0.126869759,2-13-2017,11,0,10,4.85,-2.82,56.2,8,29.54,30.34,3054.75,,
0.086861327,7-27-2017,11,0.99,10,26.28,23.95,85.6,7.22,29.14,29.94,2166.5,,
0.401117075,1-31-2017,13,0.53,10,5.94,1.04,70.24,17.12,29.06,29.85,1587,,
0.516114526,11-08-2016,6,1,10,12.43,10.22,84.6,5.72,29.42,30.22,2.95,,
0.340560584,10-11-2017,9,1,2.26,14.19,14.03,98.77,14.46,29.23,30.02,441.25,,
0.722419478,6-18-2016,7,0,10,22.77,12.66,51.72,9.4,29.4,30.2,1025.5,,
0.895799717,02-12-2016,7,1,10,-5.82,-6.91,87.08,6.65,29.4,30.2,62.8,,
0.788034414,03-08-2017,9,0,10,9.42,-0.72,51.36,22.68,29.35,30.14,4036,,
0.321092311,5-29-2016,11,0.74,10,27.37,15.9,48.88,14.08,29.28,30.07,3716.75,,
0.529052439,1-31-2017,9,1,10,3.8,1,79.84,16.64,29.01,29.8,1418.25,,
0.503530625,5-25-2016,13,0.41,10,22.23,10.5,33.13,16.59,29.17,29.96,3910.5,,
0.030048218,11-21-2016,12,0,10,3.72,-3.82,57.88,2.76,29.5,30.3,3976.75,,
0.568459287,01-06-2017,6,0,10,-18.04,-19.86,75.96,7.32,29.43,30.23,0,,
0.141612426,4-30-2017,9,0.71,10,15.88,14.85,98.12,5,28.95,29.74,460.75,,
0.319454885,9-26-2017,9,0,10,29.41,18.92,53.36,6.44,29.22,30.01,2533.5,,
0.734997139,12-29-2016,11,0.24,10,2.95,-0.8,75.56,22.12,29.18,29.97,3746,,
0.158523099,6-17-2017,7,0,10,23.34,20.12,79,9.52,28.92,29.7,158.18,,
0.947529506,11-29-2016,12,0.48,10,13.42,9.34,74.88,17.04,28.8,29.58,3330.75,,
0.378224033,2-20-2016,11,0,10,16.66,3.55,41.36,11.16,29.16,29.95,4555.5,,
0.206808333,4-20-2017,17,1,10,19.4,9.84,51.08,19.12,29.1,29.89,836,,
0.862377317,7-22-2016,12,0,10,27.96,21.1,61,5,29.25,30.07,3622.5,,
0.254160641,9-24-2017,6,0,7.92,18.08,17.81,90,0.12,29.31,30.11,10.15,,
0.127357437,7-21-2016,6,0.28,3.96,24.19,23.57,95.92,3.76,29.34,30.14,118.1,,
0.733369511,5-14-2016,7,0.62,10,6.77,2.44,70.04,22.32,29.24,30.03,922.75,,
0.617143263,8-22-2016,15,0.53,10,25.08,15.84,54.24,3.16,29.37,30.17,3774.5,,
0.071680906,06-01-2016,11,0.42,10,22.78,20.01,82,3.08,29.19,29.98,1607.5,,
0.018092982,4-14-2016,12,0,10,17.79,0.15,29.44,14.72,29.39,30.19,3138.75,,
0.218837221,09-08-2017,16,0,10,25.69,9.63,35.72,1.72,29.39,30.18,2525.75,,
0.966782855,8-13-2016,14,1,10,25.21,22.27,81.77,8.31,29.1,29.9,1599.75,,
0.279759662,6-29-2017,15,0.31,10,29.9,20.02,51.92,11.48,29.06,29.85,814,,
0.774950371,7-17-2016,11,0.48,7.88,20.62,19.65,94.59,11.8,29.28,30.08,67.77,,
0.143183562,7-13-2016,7,0.39,5.27,24.54,23.8,94.7,4.19,29.19,29.98,897,,
0.837222586,10-22-2017,8,0.73,10,19.69,15.57,76.85,16.57,29.2,29.99,351.5,,
0.929625294,07-04-2016,13,1,10,22.45,20.54,81.96,0.92,29.09,29.88,1316.25,,
0.529282091,1-23-2017,14,1,10,4.64,3.08,88.6,13.56,28.95,29.74,290.25,,
0.369045578,11-09-2016,15,0.01,10,12.87,5.77,59.88,7.32,29.49,30.29,975.75,,
0.193886372,08-07-2016,9,0,10,24.94,15.96,54.44,6.33,29.28,30.07,2902.5,,
0.932820711,08-02-2017,6,0.85,1.23,18.04,18.52,99.77,0,29.27,30.06,160.5,,
0.020528762,10-26-2017,10,0,10,12.8,6.02,63.6,12.44,29.05,29.84,3605,,
0.931061839,5-18-2017,11,0.43,10,29.64,17.34,44.72,17.88,29.07,29.86,4376.5,,
0.962245279,06-07-2017,12,0,10,24.63,6.04,29.72,19.12,29.28,30.07,4721,,
0.983106918,8-19-2016,8,1,3.26,23.79,23.36,93.96,7.63,29.19,29.98,700.5,,
0.746897159,11-24-2016,13,1,6.92,4.21,2.48,86.68,6.12,29.4,30.2,259.75,,
0.954032674,4-30-2017,15,0.04,10,19.17,18.82,22.69,12.72,8.51,29.68,615.5,,
0.699461689,11-04-2016,17,0,10,12.14,7.05,67,0.2,29.59,30.39,137.68,,
0.444850752,7-31-2017,8,0.01,10,24.58,17.65,62.8,3.8,29.41,30.21,2105.75,,
0.680482346,2-28-2017,16,0.18,10,17.46,15.9,22.21,15.72,8.51,29.68,157.75,,
0.999283511,4-28-2017,12,0.92,8.96,13.13,11.6,85.88,16.92,29.11,29.9,903.75,,
0.890200638,7-20-2017,6,0.53,9.43,23.47,22.3,95.19,4.93,29.25,30.05,178.35,,
0.501951638,7-16-2016,13,0.14,10,24.85,16.22,57.44,1.84,29.35,30.14,4269.25,,
0.548200768,4-18-2016,7,0,10,17.49,7.7,52.64,2.8,29.54,30.34,730.5,,
0.089009291,08-04-2017,11,0.99,10,17.47,11.56,68.52,15.96,29.21,30,2640,,
0.361900179,05-07-2016,13,0.19,10,22.48,16.73,67.57,9.69,28.99,29.78,933.5,,
0.099508707,7-20-2017,7,0.53,6.88,24.76,23.56,95.92,0.28,29.29,30.09,364.25,,
0.736606972,4-29-2017,17,0.2,1.47,12.91,12.43,34.6,24.99,11.9,29.85,68.08,,
0.949284645,5-13-2016,10,0.28,10,17.03,9.5,57.92,12.36,29.3,30.09,3029.5,,
0.164101358,8-30-2017,7,0,6.32,18.53,17.28,89.76,6.04,29.3,30.1,632,,
0.182639706,06-02-2017,6,0,10,18.07,9.49,55.24,0,29.33,30.12,277.75,,
0.213564029,03-02-2017,9,0.42,10,0.99,-3.07,73.28,16.72,29.48,30.28,3985.75,,
0.707387311,04-09-2016,8,0,10,-0.65,-8.47,55.6,12.4,29.46,30.26,2293.5,,
0.507668647,6-29-2017,16,0,10,29.32,21.1,21.18,8.6,8.52,29.85,608.25,,
0.492511368,08-11-2016,13,0.02,10,31.96,25.13,62.88,10,29.19,29.98,4195,,
0.829977303,1-29-2017,7,1,9.96,-2.33,-5.48,75.96,10.32,29.04,29.83,12.78,,
0.780713077,5-19-2017,15,1,9.93,13.21,11.64,89.97,12.66,29.23,30.02,2025.5,,
0.739668598,9-27-2016,6,0,10,11.15,7.57,75.52,6.96,29.15,29.94,8.83,,
0.563699494,02-02-2016,7,0.92,5.76,2.51,0.67,86.8,18,29.13,29.92,31.35,,
0.609263805,09-06-2017,9,0.7,10,15.81,9.5,66.4,9.68,29.24,30.03,3206.25,,
0.81104252,08-04-2016,14,0.39,10,30.12,23.92,64.78,5.67,29.17,29.96,2960.5,,
0.380337137,04-06-2017,9,0.29,10,7.5,2.58,70.16,21.8,29.03,29.82,3026.5,,
0.077167292,4-14-2016,11,0,10,16.68,0.54,33.6,13.88,29.42,30.22,3092,,
0.666933457,04-07-2016,17,0.3,10,6.82,-0.16,60,14.32,29.04,29.83,1180,,
0.97486609,10-10-2016,16,0,10,23.19,7.43,33.44,1.84,29.44,30.24,1659.25,,
0.246427238,1-30-2017,11,0.14,10,-2.13,-6.08,70.2,9.96,29.23,30.02,3496.75,,
0.914307071,6-21-2017,10,0,10,26.65,19.14,62.44,2.88,29.19,29.98,1346.5,,
0.925336761,09-07-2017,17,0.01,10,20.14,8.47,45.04,8.04,29.27,30.06,1345,,
0.707032547,12-16-2016,6,1,10,-8.56,-13.68,64.12,13.32,29.43,30.23,0,,
0.393477759,7-31-2017,17,0.28,10,27.56,18.01,21.22,0.96,8.53,30.13,1497.25,,
0.572803145,2-20-2017,7,1,0.01,7.14,7.38,98.56,8.4,29.34,30.14,209.63,,
0.403821427,6-29-2017,13,0.14,10,30.8,18.28,46.56,14.48,29.1,29.89,1464.5,,
0.760770221,9-22-2017,14,0.31,10,33.68,19.02,41.93,2.4,29.24,30.03,1607.5,,
0.132154412,6-16-2017,17,0.31,10,29.7,19.17,53.64,7.08,28.98,29.77,132.25,,
0.932990586,03-05-2016,17,1,10,5.1,1.88,78.68,12.32,29.39,30.19,23.8,,
0.847733273,8-26-2016,8,0.62,8.04,24.54,22.38,88.28,7.08,29.35,30.15,1785.75,,
0.684428972,12-02-2016,8,1,10,2.77,0.94,85.72,8.24,29.39,30.18,405.75,,
0.083464922,6-28-2017,8,0.14,10,21.3,13.2,58.92,10.24,29.27,30.06,500,,
0.891106658,7-31-2016,12,0.19,10,26.49,19.4,63,6,29.23,30.05,2271,,
0.458619719,2-27-2016,10,0,10,5.27,0.58,69.28,14.4,29.26,30.05,4440,,
0.849463503,5-26-2017,15,0.61,10,25.74,19.2,67.28,13.96,28.95,29.74,2561,,
0.269000404,07-02-2016,15,0.31,10,18.8,13.72,68,5.88,29.35,30.14,1078,,
0.536478939,07-12-2017,17,0,10,31.18,26.44,74.72,4.84,29.14,29.93,1703.75,,
0.187658562,5-28-2016,16,0,10,27.12,19.54,60.88,19.76,29.15,29.94,2734.25,,
0.609170793,06-11-2016,17,0.01,10,32.17,17.95,41.06,10.88,29.19,29.98,1320.75,,
0.498940512,7-30-2016,8,0.75,10,21.05,20,87,7,29.16,29.98,2035.75,,
0.211368578,07-07-2017,15,0.42,10,31.88,22.43,56.04,19,29.05,29.84,3190.25,,
0.127846518,12-16-2016,12,1,10,-5.45,-11.91,59.04,14.72,29.26,30.05,438.25,,
0.627432835,5-13-2017,13,0,10,25.07,9.59,36.28,11.84,29.11,29.9,4713,,
0.914873828,09-03-2016,11,0.39,10,24.57,15.93,58,4.08,29.39,30.19,4287.75,,
0.334733374,8-22-2017,16,0.3,10,24.86,17.09,59.92,10.76,29.17,29.96,2774.5,,
0.374963257,6-24-2017,14,0,10,24.22,9.04,37.92,16.36,29.27,30.06,1581,,
0.003641338,4-17-2017,7,0.04,10,12.95,7.23,63.36,2.8,29.39,30.19,155.43,,
0.661474034,11-30-2016,8,0,10,2.23,0.78,84.84,6.68,28.88,29.66,1466.25,,
0.001794695,2-18-2017,8,0,10,8.5,4.5,73.36,6.52,29,29.79,1488.25,,
0.384920196,06-12-2017,17,0.28,10,33.05,19.23,42.4,12,29.13,29.92,1946.75,,
0.732320888,5-20-2017,8,1,1.76,13.37,13.12,99.11,7.37,29.24,30.04,16.02,,
0.474795378,2-13-2016,8,0,10,-13.58,-20.54,55.08,7.48,29.8,30.61,2089.75,,
0.6370982,5-21-2017,13,1,10,17.4,10.96,63.48,13.28,29.22,30.01,2723.75,,
0.063955534,1-23-2017,17,1,10,4.29,2.86,85.84,9.48,28.98,29.77,0,,
0.085285705,02-10-2016,10,0.28,10,-9.8,-14.84,64.44,14.64,29.3,30.09,3605.75,,
0.113083437,04-06-2016,16,1,10,9.39,7.85,88.32,12.04,28.79,29.57,375.25,,
0.484756171,10-22-2017,10,0.83,10,21.04,16.91,77.24,19.84,29.19,29.98,970.5,,
0.422299415,1-24-2017,11,1,10,4.44,1,75.76,0,29.11,29.9,735.25,,
0.807601774,06-12-2016,16,0,10,30.47,14.32,34.66,11,29.26,30.05,2325.25,,
0.993418591,5-16-2017,12,0,10,28.7,14.98,40.44,19.8,29.07,29.86,4697.25,,
0.164763221,7-18-2017,16,0,10,30.22,17.04,42,4.4,29.27,30.06,2940.25,,
0.641675254,8-21-2017,14,0,10,28.8,21.3,64.28,8.28,29.27,30.06,1899.5,,
0.547695462,3-31-2016,11,0.91,10,20.06,16.72,79.52,23.12,28.61,29.39,2343.5,,
0.518584264,01-10-2017,7,1,10,4.71,3.24,88.77,21.46,28.91,29.7,6.45,,
0.43786217,09-07-2017,15,0.03,10,21.75,8.43,20.63,11.92,8.53,30.06,3320.5,,
0.893778463,2-24-2017,8,0.28,10,16.45,14.4,84.96,20.36,28.69,29.47,1166,,
0.252715631,04-11-2017,7,1,9.88,10.27,8.31,84.08,5.44,29.39,30.19,439,,
0.847194408,08-08-2016,9,0,10,24.66,20.44,76.47,4.17,29.24,30.03,2494,,
0.150795692,01-01-2017,16,0,10,2.68,-2.1,66.48,6.32,29.31,30.1,72.82,,
0.9473911,1-21-2017,14,0,10,16.95,11.42,68.08,12.84,28.72,29.5,2524,,
0.213627144,04-10-2016,10,1,9.04,6.36,2.92,78.88,13.48,29.11,29.9,402.5,,
0.223821558,02-08-2016,17,1,8.3,-5.43,-7.83,79.22,16.81,29.01,29.8,5.83,,
0.148623746,06-04-2016,14,1,9.85,20.81,19.06,89.08,8.58,29.01,29.81,955.25,,
0.267213994,7-23-2017,7,0.71,8.85,25.42,24.94,94.78,7.37,29.06,29.85,289.25,,
0.256324022,5-30-2016,14,0,10,30.54,10.51,27.06,4.06,29.2,30,3370.5,,
0.042065407,4-29-2016,13,0.98,7,13.57,8.65,72.77,2.92,29.29,30.08,2369,,
0.026839685,10-24-2017,9,1,10,8.8,5.23,78.49,17.04,28.91,29.7,570.5,,
0.743502324,04-11-2016,8,0.83,10,10.01,6.02,74.24,13.84,29.12,29.91,1115,,
0.980163206,10-19-2017,13,0,8.4,23.97,11.87,47.2,0.4,29.36,30.16,3945.75,,
0.160732674,12-12-2016,14,0.44,9.96,-1.7,-4.97,21.85,6.4,8.53,30.1,881.25,,
0.434101155,8-20-2017,9,0.28,10,27.15,22.08,72.72,5.36,29.28,30.07,1454,,
0.153154684,3-24-2017,14,0.39,10,24.62,13.61,48.84,23.88,29.18,29.97,4464.5,,
0.540054455,9-18-2017,17,0.55,10,26.7,20.17,66.53,7.6,29.17,29.96,481,,
0.500016345,9-23-2016,6,0,7.16,17.18,17,93.32,0.2,29.3,30.09,11.58,,
0.120776061,05-06-2017,13,0.43,10,15.13,5.4,51.84,13.6,29.05,29.84,3928.25,,
0.343557612,11-21-2016,13,0,10,4.65,-3.84,53.72,3.16,29.49,30.29,3292,,
0.090815123,03-10-2016,8,1,8.08,9.1,7.97,89.32,9.4,29.25,30.04,444,,
0.468079121,03-07-2016,9,1,8.76,9.73,8.6,90.8,14.76,29.17,29.96,159.6,,
0.526983563,6-15-2016,17,0.17,10,28.94,22.59,59.01,3.99,28.98,29.78,940.25,,
0.317483,01-06-2017,15,0.99,4.92,-12.68,-16.53,68.16,7.38,29.5,30.3,65.03,,
0.725011321,08-01-2016,7,0,4,21.7,20,93,7,29.25,30.07,577.5,,
0.105172782,06-03-2016,17,0,10,27.03,9.54,30.59,6.77,29.2,29.99,1170.5,,
0.149321583,10-21-2016,15,0.14,10,13.31,3.36,49,10.68,29.34,30.13,3202.25,,
0.899071625,5-28-2017,10,0.89,9.92,23.6,20,76.16,6.81,28.96,29.75,3450,,
0.440923889,07-09-2016,7,0,10,20.97,18.38,84.12,7.96,29.24,30.03,996,,
0.985927533,5-18-2016,12,0.73,10,18.48,6.83,44.44,6.68,29.4,30.2,3571.25,,
0.267811012,6-16-2016,6,0,10,23.63,19.7,78.24,8.32,29.04,29.83,239.5,,
0.042606283,5-15-2016,12,0.14,10,12.51,0.53,43.16,18.72,29.36,30.16,4548,,
0.726429926,2-14-2016,12,1,0.78,-7.39,-8.78,86.43,15.46,29.37,30.16,815.25,,
0.598936338,6-13-2016,9,0,10,26.28,11.77,39.04,8.44,29.24,30.03,2992.25,,
0.163142838,10-12-2017,15,1,10,17.52,14.94,83.64,5.72,29.33,30.12,792,,
0.489457701,09-01-2017,7,0,10,13.4,10.99,85.44,15.04,29.31,30.1,446.25,,
0.229449231,9-30-2017,14,0,10,21.72,3.4,29.36,6.72,29.53,30.33,4144.25,,
0.195248656,3-20-2016,13,0.83,10,7.12,-4.54,41.6,15.36,29.35,30.14,2112,,
0.301462983,02-04-2017,8,0,10,-6.54,-10.16,74.72,5.16,29.61,30.41,864,,
0.078090574,7-26-2016,17,0,10,27.28,21.1,65,5,29.2,30.02,1539,,
0.573216282,5-18-2016,15,0.89,10,19.07,6.32,41.68,4.8,29.36,30.16,2047,,
0.836348653,10-19-2017,14,0,10,25.17,12.25,44.92,2,29.36,30.16,3474.5,,
0.355022303,2-17-2017,10,0,10,14.6,3.5,46.88,15.72,28.97,29.76,4178.5,,
0.033981674,7-31-2017,12,0.16,10,28.25,16.02,45.16,4.4,29.39,30.18,3904.25,,
0.223910609,7-21-2016,11,0,10,31.03,26.85,75,9.78,29.31,30.11,2804.75,,
0.374470712,3-14-2017,17,0.97,6.24,-3.39,-6.32,79.53,11.96,29.51,30.31,193.75,,
0.20031986,09-09-2017,17,0,10,22.35,13.03,53.84,10.24,29.52,30.32,1251.25,,
0.123077707,3-31-2016,8,0.84,10,15.81,14.64,89.35,17.96,28.67,29.45,473.25,,
0.549909833,2-15-2017,8,0,10,-0.79,-5.63,68.48,13.8,29.15,29.94,2367,,
0.870500724,7-14-2016,6,0.31,10,21.21,20,88.8,7.72,29.16,29.95,300.95,,
0.405969669,3-23-2016,6,0,10,12.5,8.47,72.12,15.44,28.97,29.76,0.2,,
0.494245353,09-03-2017,9,0,10,23.32,18.83,74.12,4.28,29.27,30.06,2931.5,,
0.953371752,1-24-2017,15,1,10,4.83,2.2,78.65,6.59,29.04,29.83,416.25,,
0.271739876,04-04-2017,16,1,10,12.77,9.29,78.84,6.92,29.06,29.85,1552.5,,
0.977407203,6-16-2017,15,0.17,10,30.15,20.04,48.99,9.23,29,29.79,0,,
0.304223793,10-26-2017,13,0,10,18.08,7.2,49.4,16.72,28.94,29.73,4099.5,,
0.534936984,09-03-2016,13,0.54,10,25.82,14.82,50.08,8.04,29.36,30.16,2919.5,,
0.49155687,04-11-2017,12,0.92,10,12.91,7.02,63.92,8.5,29.45,30.25,2613.75,,
0.059103705,5-22-2016,7,0,10,18.85,5.82,42,6.2,29.33,30.12,1084.5,,
0.665220881,4-29-2016,6,0.95,2.34,9.76,10.25,96.19,7.92,29.25,30.04,110.08,,
0.053880926,12-09-2016,17,0.08,10,-4.27,-8.28,23.31,8.54,9.35,30.55,0,,
0.956752642,08-01-2017,9,0,10,25.91,19.58,60.44,4.28,29.31,30.11,2285.5,,
0.811936362,11-08-2016,12,1,3.87,13.42,13.33,95.67,7.55,29.39,30.19,228.5,,
0.082750352,2-19-2017,17,0,10,16.15,7.74,52.24,5.44,29.27,30.06,30.03,,
0.293860495,5-21-2016,11,0,10,22.77,4.98,30.52,10.56,29.31,30.11,4156.25,,
0.281173788,6-28-2017,13,0,10,28.16,16.74,48.96,17.36,29.15,29.94,1489,,
0.150217891,10-30-2016,9,1,10,14.82,11.67,82.73,11.23,29.31,30.1,948.25,,
0.224951037,3-28-2017,6,1,10,6.19,3.9,85.88,12.28,29.24,30.04,5.73,,
0.434303124,5-21-2016,17,0,10,24.27,2.68,23.76,10.96,29.27,30.06,1654.5,,
0.419302288,10-15-2017,13,0.99,10,13.31,6.99,65.76,20.68,29.34,30.13,1895.25,,
0.075218698,04-02-2017,11,0.14,10,13.35,6.34,63.08,15.04,29.31,30.1,3794.75,,
0.644670669,5-15-2016,8,0.14,10,10.4,1.48,53.04,16.68,29.34,30.14,2320.5,,
0.456184624,01-12-2017,13,1,8.08,-0.04,-0.64,94.08,11.19,29.36,30.16,754.75,,
0.481596952,06-08-2017,11,0,10,25.24,7.9,31.68,6.4,29.22,30.01,4616,,
0.408509936,7-20-2016,10,0.47,10,24.21,4.45,25.75,8,29.43,30.23,3022.75,,
0.819967743,7-20-2016,9,0.04,10,26.97,23.74,76.68,5.68,29.42,30.22,2711.25,,
0.174755938,05-05-2016,7,1,10,7.21,4.03,77.33,16.81,29.15,29.94,487,,
0.752062527,2-21-2016,8,0,10,3.75,1.62,84.12,9.8,29.25,30.04,2279.5,,
0.098582363,07-09-2016,14,0.43,10,26.36,17.62,55.76,8.6,29.27,30.06,3986,,
0.40390062,10-28-2016,14,0,10,19.42,14.74,70.8,15.08,29.3,30.09,2874.75,,
0.669607571,07-05-2017,7,0,9.8,23.5,21.14,84.76,6.04,29.31,30.11,174.18,,
0.038282331,8-15-2016,10,1,6.44,22.57,22.53,97,7.7,29.25,30.05,285.25,,
0.850287206,3-31-2016,7,0.98,9.89,15.33,14.4,90.11,16.04,28.69,29.47,70.1,,
0.100378908,4-20-2016,15,0.92,10,18.04,11.26,61.67,13.2,29.21,30,810.75,,
0.230090251,02-11-2016,14,0,10,-5.21,-14.1,50.08,3.2,29.51,30.31,3738,,
0.385889794,8-15-2016,9,1,5.91,22.27,22.22,98.29,8.68,29.27,30.06,120.75,,
0.964435821,10-27-2016,7,1,10,9.19,7.92,88.24,9.36,29.39,30.19,21.43,,
0.157631642,07-09-2017,9,0.31,10,26.28,15.95,52.32,6.32,29.31,30.1,3013,,
0.23573207,02-02-2017,14,0,10,-1.94,-10.15,52.04,12.28,29.59,30.39,1696.5,,
0.339276146,01-06-2017,13,0.98,8.19,-12.36,-17.04,65.7,10.27,29.48,30.28,540.5,,
0.428974644,2-16-2017,13,0,10,9.07,-4,40.76,15.08,29.07,29.86,2993.5,,
0.071647029,02-02-2017,8,0.28,10,-6.57,-12.24,63.92,11.8,29.62,30.42,1650.25,,
0.272729925,04-12-2017,9,0,10,13.23,5.02,55.36,1.88,29.59,30.39,3323.75,,
0.347670219,4-24-2016,16,0.28,10,24.61,10.23,37.64,13.44,29.08,29.87,2068,,
0.966575589,2-19-2016,10,0,10,13.23,7.38,66.88,23.56,28.94,29.73,1697.5,,
0.658883677,9-22-2017,6,0,7.96,19.58,19.62,92.88,0.12,29.31,30.1,12.07,,
0.732805714,5-30-2016,10,0.42,10,28.26,14.32,41.32,6.32,29.27,30.06,3472.25,,
0.470739178,07-09-2017,11,0.38,10,28.25,15.38,45.28,4.88,29.28,30.07,3758,,
0.754519235,8-13-2016,10,0.92,10,25.66,23.18,81.89,10.57,29.08,29.88,2174.25,,
0.688991975,8-21-2016,11,0.42,10,22.5,16.05,64.72,11.6,29.2,29.99,4423.25,,
0.815842497,10-13-2017,9,0.39,10,17.08,13.74,80.76,10.12,29.39,30.19,2631.75,,
0.423841582,09-06-2017,12,0.91,10,17.85,7.56,51.28,10.8,29.26,30.05,2503,,
0.885681687,08-03-2016,12,0.01,10,29.89,22.05,59.35,5.65,29.27,30.06,4126,,
0.628722182,11-28-2016,13,1,3.57,9.99,9.68,95.19,18.66,28.66,29.44,88.93,,
0.595252658,1-26-2017,11,1,10,-0.06,-2.53,81.47,18.58,29.13,29.92,696.75,,
0.629421646,4-14-2017,15,0.62,10,26.58,13.64,45.04,12,29.28,30.07,3026.75,,
0.876259785,9-16-2016,11,0.89,7.41,22.25,21.28,89.13,9.45,29.26,30.05,287.5,,
0.373317243,8-20-2017,13,0.54,10,31.46,22.17,56.52,5.36,29.24,30.03,2108.75,,
0.884320139,06-06-2016,17,0.43,10,28.11,6.44,24.84,16.88,28.9,29.68,1762,,
0.354280554,12-14-2016,9,0.62,10,-9.18,-14.59,58.44,9.6,29.48,30.28,89.95,,
0.933814974,09-02-2017,10,0,9.96,19.15,11.63,61.16,8.68,29.27,30.06,4097.5,,
0.025729497,8-28-2016,12,0.72,10,30.2,24.08,67.88,3.2,29.38,30.18,3822.5,,
0.195038111,5-31-2016,9,0,10,26.39,16.15,49.68,5.76,29.18,29.97,2189.25,,
0.089191903,11-20-2016,10,0,10,-0.59,-5.61,67.6,9.32,29.57,30.37,4105,,
0.321262922,12-14-2016,8,0.28,10,-11.76,-15.55,62.6,6.28,29.47,30.27,118.7,,
0.710768027,08-03-2016,7,0.19,6,23.87,22.2,90,5,29.25,30.07,597.25,,
0.052540753,6-21-2017,11,0,9.04,28.06,19.18,59.08,2.76,29.17,29.96,1481.5,,
0.176149381,10-30-2016,17,0.03,10,12.88,8.56,21.66,10.48,8.53,30.19,174.6,,
0.544216403,7-31-2017,9,0,10,26.24,17.64,56.88,6.96,29.41,30.21,2694.75,,
0.098861531,8-27-2016,6,0.98,8.96,21.97,21.73,95.56,1.16,29.31,30.1,62.86,,
0.132843462,8-29-2017,15,0.44,10,26.15,17.54,59,5.56,29.22,30.01,2182.25,,
0.743712705,3-14-2016,13,1,9.04,13.59,12.24,87.96,8.4,28.91,29.69,988.25,,
0.947620764,07-11-2017,12,0.15,10,22.61,21.94,95.88,7.64,29.18,29.97,350.25,,
0.169429378,6-20-2017,17,0.74,9.64,24.9,14.66,48.77,16.72,29.12,29.92,252.75,,
0.511898745,11-02-2016,14,0.55,10,23.53,19.55,85.29,8.52,29.3,30.09,1173.5,,
0.733463382,10-06-2017,14,1,9.92,21.71,19.7,87.96,5.04,29.16,29.95,609.25,,
0.152471992,02-10-2016,7,0,10,-13.83,-15.95,76.28,9.6,29.27,30.06,322.55,,
0.920348094,07-08-2016,9,0.42,10,27.27,23.76,79.24,6.44,29.09,29.88,2894.25,,
0.424380373,2-24-2016,8,1,3.13,0.34,-0.27,91.52,26.03,28.69,29.47,51,,
0.073328464,07-11-2016,14,0.44,10,30.06,22.2,61,14,29.16,29.98,4129.25,,
0.185320787,01-10-2017,9,1,7.48,5.94,5.13,95.23,21.7,28.85,29.64,70.48,,
0.934675604,05-04-2017,14,1,10,8.65,7.32,88.97,20.52,29.03,29.82,340,,
0.832546516,2-26-2016,16,1,10,0.36,-3.45,74.24,13,29.42,30.22,183.28,,
0.789975588,2-15-2017,10,0,10,1.5,-6.92,52.56,14.4,29.16,29.95,4477.75,,
0.250763482,5-30-2016,7,0,10,23.15,16.9,67.76,2.56,29.28,30.07,929.25,,
0.356880847,03-01-2016,16,1,10,-2.2,-4.96,79.28,22.56,29.12,29.91,160.5,,
0.571228477,05-03-2016,12,0.55,10,17.98,6.42,44.88,8.72,29.15,29.94,3875.5,,
0.369859088,03-04-2016,12,0.52,10,2.6,-3.57,64.56,4.16,29.41,30.21,4036.25,,
0.593022342,03-07-2016,17,0.84,10,15.62,10.28,68.12,12.44,29.09,29.88,124.81,,
0.934711216,09-11-2016,8,0,10,18.56,13.71,69.04,0,29.44,30.24,1894.25,,
0.795898543,4-29-2016,12,1,7,13.04,8.61,74.8,4.24,29.29,30.08,2325.75,,
0.594168291,2-17-2016,10,1,9.96,1.21,-3.17,72.04,6.68,29.45,30.25,1374.25,,
0.710935611,9-16-2017,10,0.3,10,27.9,19.74,59.52,6.08,29.34,30.13,2812.75,,
0.178451301,2-21-2017,17,1,9.96,15.96,13.48,79.92,4.28,29.13,29.92,26.63,,
0.696022945,2-17-2017,6,0,10,2,-0.04,80.68,5.16,28.95,29.74,13.03,,
0.23732829,07-10-2017,9,0.45,10,21.7,17.44,69.59,10.76,29.06,29.86,400.5,,
0.860709031,01-09-2017,13,0.59,10,-0.67,-5.6,66.88,12.8,29.46,30.26,693.25,,
0.326188555,01-03-2017,17,1,2.84,2.43,2.44,97.16,21.72,29.07,29.86,0,,
0.562139767,3-19-2016,8,0.56,10,4.05,1.06,78.88,9.32,29.34,30.14,723.5,,
0.633864221,05-04-2016,17,1,10,12.66,5.16,58.16,12.44,29.03,29.82,825.25,,
0.524764446,04-01-2016,9,0.96,10,9.05,5.97,80.34,17.25,28.95,29.74,1547.75,,
0.703031867,06-01-2016,9,0.66,10,20.78,19.48,89.88,4.72,29.18,29.97,1087.5,,
0.097140255,7-22-2016,10,0,10,27.01,21.7,72,6,29.25,30.07,2727.75,,
0.137968281,03-07-2016,16,0.91,10,17.11,10.68,64.16,12.16,29.09,29.88,286.75,,
0.403010945,05-08-2016,12,1,10,14.27,10.39,79.16,8.44,29.16,29.95,1275.25,,
0.222556562,8-27-2017,6,0,9.92,14.56,13.43,88.2,4.04,29.34,30.14,57.88,,
0.94605833,2-16-2017,6,0.28,10,-4.43,-5.21,89.32,0.24,29.16,29.95,22.55,,
0.514906884,6-13-2016,7,0,10,21.41,10.92,48.04,6.44,29.27,30.06,865.75,,
0.127632822,6-22-2017,17,1,10,25.9,22.12,76.04,17.56,29,29.79,252.25,,
0.075130687,1-22-2017,7,0.88,2.56,3.94,4,99.72,5.36,28.79,29.57,113.05,,
0.709224619,8-19-2017,14,0.02,10,29.47,17.81,48.32,3.96,29.16,29.95,2801.75,,
0.443622,10-08-2017,10,0,10,22.24,13.18,55.72,10.96,29.06,29.85,3824,,
0.304752412,7-14-2017,10,0.43,10,25.47,19,64.96,12.68,29.34,30.13,4071.25,,
0.677335206,07-09-2016,17,0.29,10,26.27,16.84,52.56,7.72,29.25,30.04,1650.5,,
0.323592985,10-20-2016,10,1,10,13.98,13.11,91.8,7.72,29.29,30.08,680.25,,
0.78988162,4-20-2017,9,0.9,10,25.08,17.67,61.84,22.88,29.12,29.91,0,,
0.162991995,7-31-2016,13,0.44,10,26.87,20,63,3,29.23,30.05,2177.5,,
0.101916502,01-03-2017,11,1,2.23,4.68,4.9,97.12,13.57,28.99,29.78,124.75,,
0.291167128,8-20-2016,9,1,8.96,25.03,23.79,94.15,10.57,28.91,29.7,521.13,,
0.700640542,05-01-2017,10,0.91,10,11.81,7.25,67.4,21.32,28.73,29.51,3647.5,,
0.869510052,4-22-2017,17,0,10,16.33,0.08,31.04,17.64,29.28,30.08,1689.5,,
0.399103248,07-10-2017,14,0.15,10,30.7,23.7,64.52,16.2,29.05,29.84,3750.5,,
0.339748974,4-19-2017,12,0.3,10,26.64,17.34,20.94,10.44,8.53,30.05,0,,
0.538351212,10-21-2016,11,0.65,10,11.7,5.98,64.72,8.4,29.38,30.18,2801.5,,
0.115053951,04-01-2016,8,0.83,10,7.66,5.79,84.85,6.41,28.94,29.72,603.75,,
0.543158169,1-25-2017,13,1,9.04,5.56,3.4,83.68,20.48,28.77,29.55,706.5,,
0.267165592,6-23-2016,9,0.14,10,29.47,24.62,72.96,10.04,29.08,29.87,3121,,
0.999501576,03-03-2016,17,1,1.56,2.27,1.48,95.89,9.63,29.19,29.99,11.55,,
0.601412612,4-26-2017,13,0.63,10,25.93,12.08,40.44,20.88,28.74,29.52,2431.75,,
0.597040743,08-05-2016,12,0.97,10,27.37,22.91,73.56,3.77,29.13,29.92,3151.5,,
0.493217753,10-09-2016,7,0.14,10,10.13,7.92,80.12,0.12,29.53,30.33,364.95,,
0.779072569,8-21-2016,6,0,9.88,15.77,15.69,94.44,6.92,29.12,29.91,71.14,,
0.546464902,6-29-2017,11,0,10,28.76,18.71,53.16,14.36,29.12,29.91,854.25,,
0.36582682,11-29-2016,7,0,10,7.56,7.28,94.76,14.48,28.78,29.56,135.05,,
0.881215815,03-04-2016,7,0,10,-2.16,-5.22,79.44,7.64,29.4,30.2,1272.25,,
0.490167656,2-20-2017,9,0.76,2.94,10.61,10.49,96.57,11.43,29.35,30.15,2251.75,,
0.900520626,09-07-2016,15,0.52,10,32.02,23.08,55.32,14.24,29.18,29.97,2369.25,,
0.211287404,06-10-2017,6,0,10,21.34,13.84,59.36,10.28,29.15,29.94,251,,
0.826041652,02-04-2016,10,0.15,10,-3.81,-8.15,69.84,10.76,29.49,30.29,4258.25,,
0.478523712,5-26-2017,16,0.84,8.82,23.72,19.85,72.48,17.52,28.94,29.73,1061,,
0.282994367,9-17-2017,6,0.56,5.72,18.06,17.56,95.44,3.76,29.31,30.11,20.28,,
0.374277171,9-28-2017,16,0,10,22.29,9.06,42.12,6.4,29.34,30.14,2189,,
0.190918029,2-20-2017,13,0,10,21.01,11.98,56.76,17.6,29.26,30.05,3374.5,,
0.777940603,12-07-2016,10,0.18,10,-0.41,-5.27,21.62,11.32,8.53,30.18,2393.75,,
0.268014812,04-03-2016,17,0,10,18.25,4.67,39,26.12,28.94,29.73,1563.75,,
0.479694316,5-16-2017,16,0,10,29.43,14.92,38.88,21.84,29,29.79,2979.5,,
0.095603373,3-30-2017,14,0.85,9.6,18.32,16.35,85.72,8.12,28.74,29.52,1318.5,,
0.434191772,08-12-2016,7,0.37,8.92,25.58,24.82,93.08,7.11,29.1,29.9,584.75,,
0.70118024,09-02-2017,8,0,10,14.51,10.66,76.6,6.64,29.29,30.08,2046.25,,
0.524425885,07-03-2017,7,0,10,25.26,17.9,60.8,5.56,29.29,30.08,345.25,,
0.961798435,05-11-2017,12,1,10,15.29,12.65,83.04,11.24,29.15,29.94,0,,
0.845553714,08-10-2016,7,0,9.89,25.06,21.08,70.43,3.33,29.31,30.11,717,,
0.533086688,10-25-2017,10,0.32,10,6.83,3.21,77.72,10.16,29.04,29.83,1129.25,,
0.423795403,6-27-2017,8,0,10,19.33,9.4,52.76,0.12,29.39,30.18,812,,
0.92984346,6-13-2017,15,0.02,10,34.01,21.42,45.76,12.16,29.12,29.91,2773,,
0.938287265,04-11-2016,9,0.92,10,9.27,4.88,72.92,10.04,29.16,29.95,834.75,,
0.193594703,4-24-2016,11,0,10,23.39,11.31,44.28,14.76,29.18,29.97,4650,,
0.251707467,05-04-2017,15,1,8.84,8.62,7.85,92.84,19.88,29.04,29.83,243.75,,
0.77760911,3-22-2016,8,0,10,10.07,1.48,53.32,16.48,29.07,29.86,1501.5,,
0.361561791,10-09-2016,14,0,10,24.27,5.92,29.36,8,29.47,30.27,3689,,
0.778139686,08-11-2016,6,0.94,0.36,23.25,23.63,99.08,3.76,29.24,30.04,127.02,,
0.849685489,08-03-2017,6,0.14,7.88,19.82,19.13,94.6,1.92,29.24,30.03,186.45,,
0.261486875,09-01-2017,12,0,10,19.88,12.01,60.12,15.16,29.3,30.1,4406.75,,
0.276312908,08-06-2016,13,0.72,10,27.11,17.09,53.33,7.22,29.2,29.99,2896,,
0.990790101,3-25-2016,16,0.39,10,7.77,1.79,62.88,3.32,29.27,30.06,2984.5,,
0.197273212,10-12-2016,14,1,5.36,19.21,18.51,94.16,12.36,29.21,30,502.25,,
0.016256826,7-24-2017,6,0.28,7.28,20.45,19.61,91.8,10.68,29.17,29.97,178.98,,
0.319517569,2-21-2016,11,0.42,10,8.93,3.08,67,11.72,29.28,30.07,4612.75,,
0.013578764,04-12-2016,7,0,10,2.91,-1.46,70.2,5.52,29.54,30.35,765,,
0.01351108,4-25-2017,11,0,10,24.67,11,40.28,16.36,28.9,29.68,4441.25,,
0.462173199,11-30-2016,16,0.04,10,3.26,0.52,22.01,13.44,8.51,29.71,0.89,,
0.526273359,05-01-2017,15,1,10,11.03,8.22,80.84,28.08,28.78,29.56,2309.75,,
0.086060133,12-18-2016,9,0,10,-14.61,-17.08,78.44,14.12,29.65,30.45,1836.75,,
0.857329808,04-04-2017,11,1,10,12.33,10.18,83.84,16.16,28.99,29.78,927.75,,
0.339963834,9-30-2017,10,0,10,18.05,7.98,50.52,8.04,29.62,30.42,3891.5,,
0.421153194,05-08-2016,6,1,8.88,10.91,6.59,72.23,6.4,29.16,29.95,11.07,,
0.531671734,5-18-2016,6,0,10,8.53,2.9,65.12,9.04,29.41,30.21,242,,
0.076475638,04-08-2016,14,1,10,6.53,-2.34,53.48,26.32,29.09,29.88,1639,,
0.419176771,5-23-2016,11,0,10,26.35,5.8,25.32,6.92,29.21,30,4283.75,,
0.518066008,2-27-2016,6,0,6.36,-2.62,-3.56,89.92,6.08,29.3,30.09,46.09,,
0.23392426,04-11-2016,11,0.18,10,7.66,1.76,64.08,16.92,29.2,29.99,675.5,,
0.610796276,03-09-2017,14,0,10,13.45,-4.56,28.8,12.2,29.25,30.04,2769,,
0.944508147,3-20-2017,9,0.99,10,9.97,7.16,85.64,14.88,29.18,29.97,2022,,
0.770174,01-12-2017,16,1,7.12,-1.79,-3.02,89.68,14.68,29.49,30.29,17.12,,
0.439828813,5-21-2017,14,1,10,16.61,10.74,65.36,13.76,29.23,30.02,2504.75,,
0.23408839,4-29-2017,6,0.83,8.7,9.29,8.27,91.92,19.35,29.21,30,23.81,,
0.400562607,04-08-2017,14,0,10,19.87,4.51,35,18.4,29.16,29.95,4373.75,,
0.528047742,08-11-2016,7,0.47,4.5,24.91,24.94,91.89,6.9,29.25,30.04,549.25,,
0.914635298,03-05-2016,13,1,10,6.41,1.95,72.49,13.32,29.31,30.11,934.25,,
0.908171806,4-19-2016,17,0,10,23.8,5.05,27.84,7.36,29.3,30.09,583.5,,
0.901645828,02-01-2016,13,0,10,7.56,1.41,64.48,0,29.25,30.04,3913,,
0.63490336,2-25-2017,6,1,9.04,-3.19,-5.25,81.4,18.84,29.02,29.81,4.48,,
0.511211128,09-12-2016,12,0,10,26.18,13.49,44.8,8.2,29.32,30.11,4563,,
0.474721123,9-26-2016,8,0,10,15.22,12.94,84.96,9.32,29.31,30.1,500.5,,
0.004486422,2-14-2017,9,0,10,5.05,0.58,73.2,14.96,29.15,29.94,2807.25,,
0.532161132,8-18-2016,14,0.44,10,29.48,23.41,69.36,9.64,29.23,30.02,3349.75,,
0.866890551,3-19-2017,16,0,10,13.13,1.19,43.16,11.76,29.42,30.22,2914.75,,
0.160035431,6-13-2016,6,0,10,18.56,9.7,53.6,5.36,29.27,30.06,189,,
0.412646011,10-13-2016,14,0,10,14.86,3.54,45.52,4.44,29.47,30.27,4102,,
0.645020643,10-26-2016,13,0.98,7.09,16.41,11.81,75.29,8.31,29.25,30.05,693.25,,
0.251340916,4-17-2017,11,0,10,19.23,3.93,34.76,6.92,29.39,30.19,0,,
0.522534557,09-10-2016,13,0.44,10,23.75,15.75,58.8,14.08,29.17,29.96,2263.25,,
0.250417338,08-06-2017,7,1,10,18.4,16.36,82.32,6.28,29.25,30.04,147.5,,
0.146090514,4-23-2016,17,0,10,19.15,8.12,46.12,9.28,29.25,30.04,1762.25,,
0.304647066,06-03-2016,12,0,10,27.16,10.71,34.88,1.2,29.29,30.08,3573,,
0.454442867,9-25-2017,9,0.28,10,28.56,18.42,53.24,2.68,29.25,30.04,2670.75,,
0.06887424,1-16-2017,11,1,0.25,3.7,3.29,99.58,10.3,29.36,30.16,652.25,,
0.742852808,10-04-2016,17,0.14,10,23.44,14.58,53.76,9.04,29.17,29.96,836.5,,
0.097239086,12-17-2016,9,1,2.11,-0.14,-0.13,99.01,3.28,28.88,29.67,179,,
0.917335837,07-06-2017,13,0.64,10,30.11,20.84,56.84,0.12,29.2,29.99,1012.75,,
0.867402901,2-28-2016,12,0,10,18.03,9.13,55.36,25.64,28.8,29.58,4487.25,,
0.345862504,4-24-2017,9,0,10,19.7,2.12,30.68,12.28,29.2,29.99,3522.25,,
0.717027011,9-27-2017,6,0.04,10,17.93,15.29,82.92,10.36,29.27,30.06,5.53,,
0.631426818,3-13-2017,16,1,3.12,-0.96,-2.08,89.47,11.93,29.31,30.1,64.65,,
0.146356208,11-27-2016,11,1,1.42,3.21,3.63,98.18,15.07,29.26,30.05,688.75,,
0.590484858,08-07-2016,6,0,10,17.12,15,81,8,29.22,30.04,124.3,,
0.27328336,06-10-2016,10,0,10,28.42,15.01,42.65,8.88,29.26,30.05,3589.25,,
0.876161701,1-28-2017,14,0.99,10,1.8,-1.76,77.56,17.36,28.99,29.78,1471.25,,
0.924773538,9-16-2017,13,0.03,10,30.78,16.47,40.56,7.36,29.28,30.07,3208.75,,
0.971696513,7-20-2016,7,0.32,10,23.82,22.34,89.8,1.24,29.43,30.23,450,,
0.737414706,09-06-2016,17,0.38,10,30.35,23.75,64.68,8.2,29.27,30.06,1193.75,,
0.011614569,08-01-2016,9,0,9,24.23,21.1,85,5,29.26,30.08,1630.75,,
0.052091408,01-09-2017,15,1,10,-0.1,-4.21,73.68,13,29.43,30.23,617.75,,
0.721209734,10-19-2016,8,0,10,16.86,13.66,79.41,4.44,29.31,30.1,1198.25,,
0.35076602,5-18-2017,6,0,10,22.69,18.83,76.32,17.52,29.02,29.81,228.05,,
0.956192818,4-29-2017,15,1,2.23,12.66,12.1,95.89,21.89,29.14,29.94,327.25,,
0.160908681,07-02-2016,14,0.5,10,18.54,13.81,69.8,2.44,29.36,30.16,1292.75,,
0.474672952,1-30-2017,14,0,10,1.23,-5.06,62.08,13.72,29.09,29.88,3157.5,,
0.558195416,12-31-2016,17,0,10,1.62,-1.99,21.58,10.68,8.52,29.86,0,,
0.540397718,4-16-2017,12,1,10,19.3,17.54,86.04,13.64,29.25,30.04,707.75,,
0.162406458,8-25-2017,16,0,10,23.75,10.95,44.48,8.28,29.41,30.21,2706.75,,
0.057763937,04-12-2016,8,0,9.04,5.42,-1.38,60.4,6.48,29.55,30.35,2244,,
0.932792275,10-06-2016,13,0.76,10,28.72,17.32,48.12,9.88,29.28,30.07,2775.25,,
0.359512685,02-12-2017,6,0.9,5,2.99,2.25,93.68,13.88,29.23,30.02,2.2,,
0.268885829,11-27-2016,10,1,0.25,2.73,3.18,98.46,12.69,29.3,30.09,554.75,,
0.651355597,06-09-2016,8,0.89,10,23.65,11.44,46.52,9.6,29.27,30.06,1996.25,,
0.316074529,5-20-2017,15,0.44,10,25.05,20.71,74.2,12.92,29.11,29.9,2607.5,,
0.825902717,7-17-2017,11,0,10,26.53,17.21,53.92,10.24,29.25,30.04,4551.25,,
0.648239821,2-14-2016,9,1,10,-8.11,-11.16,75.24,18.44,29.46,30.26,358.5,,
0.060569653,1-14-2017,7,1,4.36,-0.83,-1.28,95.43,0.46,29.67,30.47,4.26,,
0.320223208,3-28-2016,17,0.25,10,10.83,2.28,55.56,6.4,29.36,30.16,1464.75,,
0.942881845,11-14-2016,6,0,9.04,2.69,0.03,85.92,5.04,29.21,30,29.4,,
0.843681242,09-12-2017,16,0,10,24.27,11.26,42.2,9.88,29.04,29.83,1125,,
0.439570716,07-05-2016,15,0.72,10,28.57,22.89,69.71,8,29.12,29.92,3727.5,,
0.929444529,11-21-2016,17,0,10,2.15,-2.27,69.68,0.2,29.45,30.25,0,,
0.224666324,3-16-2016,10,0,10,13.57,4.06,52.72,28.04,29.01,29.8,4107,,
0.697714172,11-16-2016,8,0,7.36,6.18,5.69,88.36,2.12,29.16,29.95,1755.5,,
0.509832762,3-15-2016,8,0.28,7.44,12.63,12.32,96.2,15.4,28.95,29.74,1152.25,,
0.262633321,11-25-2016,15,1,6.4,5.15,2.92,83.68,11.32,29.53,30.33,132.98,,
0.756543339,6-16-2016,9,0.14,10,25.96,19.22,65.96,13.56,29.05,29.84,3154,,
0.893362837,10-03-2017,16,1,10,22.83,20.26,84,8.76,29.51,30.31,436.5,,
0.787987488,1-20-2017,9,1,0.58,7.08,7.06,97.28,6.76,28.88,29.67,714.5,,
0.526781663,04-01-2016,15,0.83,10,10.56,4.67,63.56,18.92,29.02,29.81,2558.5,,
0.061506526,04-05-2017,15,1,3.59,10.57,10.17,95.88,10.28,28.74,29.53,151.35,,
0.310692999,5-22-2017,7,0,10,14.04,10.14,74.24,6.8,29.31,30.11,1215.75,,
0.523544716,03-06-2016,13,0,10,11.27,3.54,57.64,15.88,29.33,30.13,4266.75,,
0.991670045,05-10-2016,7,1,10,17.26,16.34,92.69,14.31,29.05,29.84,212.25,,
0.290705833,7-31-2016,8,0.09,8.5,22.76,20.6,83,3,29.22,30.04,1934.25,,
0.325478842,5-20-2017,14,0.62,10,24.95,21.1,77.72,12.32,29.1,29.89,2226.25,,
0.890611283,4-14-2016,7,0,10,7.26,1.88,68.12,8.12,29.46,30.26,548.75,,
0.340420991,6-20-2017,9,0,10,25.91,14.26,48.52,8.76,29.24,30.03,1146,,
0.059703754,3-18-2016,13,0,10,9.77,-2.6,41.88,5.2,29.28,30.07,4331.25,,
0.880351856,7-25-2017,15,0.02,10,27.57,17.56,52,6.68,29.36,30.16,4192,,
0.328272656,6-13-2016,14,0.21,10,29.02,10.54,31.07,0.17,29.14,29.94,3837.5,,
0.712167431,05-11-2016,11,0.91,9.04,22.39,19.05,81.76,10.16,29.26,30.05,2397.75,,
0.116406414,10-21-2016,9,0.54,10,9.61,5.05,71.88,13.08,29.39,30.19,2650.75,,
0.751296282,4-28-2016,8,0.99,4.15,14.65,12.9,95.62,3.3,29.02,29.81,1103,,
0.929253975,4-26-2016,9,0.03,10,23.61,15.23,59.6,0.12,29,29.79,1874.25,,
0.195176872,08-11-2017,13,0.91,10,27.17,18.76,57.24,7,29.22,30.01,2816.75,,
0.264597507,09-04-2016,9,0,10,23.84,17.12,66.32,7.96,29.41,30.21,2909.5,,
0.173061788,05-01-2017,14,1,7.92,10.51,8.31,84.35,24.27,28.77,29.55,755.25,,
0.174829263,05-12-2016,13,0.67,10,18.55,15.28,76.77,15.08,29.19,29.98,863,,
0.062878138,3-26-2017,15,1,10,14.89,10.28,70.51,14.67,29.06,29.85,1513,,
0.397456459,10-23-2016,11,0,10,21.39,10.68,48.36,14.36,29.2,29.99,4106,,
0.107181114,09-01-2016,11,0,10,24.18,13.2,49.52,10.36,29.36,30.15,4343,,
0.238496446,08-05-2017,10,0,10,24.17,13.93,50.8,7,29.32,30.11,3592,,
0.08393858,4-26-2016,6,0.28,10,18.91,16.75,82.2,6.68,28.99,29.78,98.45,,
0.398857686,06-08-2016,12,0,10,23.37,6.37,32,6.32,29.24,30.03,4483.75,,
0.26228907,12-11-2016,12,0.17,3.39,1.15,0.16,31.07,13.75,11.33,29.9,200,,
0.277943654,7-14-2016,15,0.39,10,26.04,4.07,23.66,10,29.12,29.91,3505.25,,
0.678114116,5-29-2017,9,0,10,25.25,9.07,34.52,10.76,29.08,29.87,3495,,
0.925140163,06-05-2017,9,0,9.84,29.04,14.64,39.96,3.32,28.99,29.78,3362.75,,
0.414357321,5-17-2016,10,0.75,10,13.94,7.85,64.32,8.92,29.42,30.22,1735.25,,
0.210719722,9-21-2017,7,0,6.4,23.76,22.03,92.04,2.84,29.26,30.05,599.75,,
0.212696032,04-09-2017,6,0,10,12.66,6.08,65.56,14.56,29.07,29.86,37.4,,
0.987341097,03-11-2017,8,0.01,10,-3.42,-16.56,34.32,8.72,29.68,30.48,1835.5,,
0.341304288,09-06-2017,14,0.55,10,18.56,7.73,47.48,12.28,29.23,30.02,3339.25,,
0.500563907,6-22-2016,15,0,10,28.45,23.6,75.92,12.92,29.09,29.88,3398.25,,
0.160675268,3-22-2016,17,0,10,17.16,4.78,41.4,16.8,28.92,29.71,752,,
0.100958792,06-12-2016,9,0,10,27.49,16.77,52.6,9.32,29.3,30.09,2768,,
0.028097968,2-15-2017,15,0,10,5.8,-6.92,39.16,18.72,29.12,29.91,2474.75,,
0.653053238,02-06-2016,17,0,10,4.04,0.98,75.36,5.4,29.38,30.18,16.83,,
0.387094174,1-26-2017,8,1,9.96,-0.35,-1.59,89.53,19.72,29.07,29.86,117.58,,
0.664514258,10-18-2017,12,0,10,21.16,6.79,39.12,13.48,29.36,30.15,4414.5,,
0.78972548,5-24-2016,16,0.42,10,28.51,13.06,35.32,16.56,29.18,29.97,2770,,
0.335940854,6-26-2017,14,0.3,10,21.96,10.38,45.8,16.08,29.32,30.11,930,,
0.115564316,6-13-2017,10,0.63,10,31.48,22.65,56.2,8.4,29.2,29.99,3197.25,,
0.065176284,11-05-2016,6,0,8.36,4.17,4.27,90.6,1.08,29.6,30.4,0,,
0.73040057,06-01-2016,8,0.74,7.2,20.06,19.39,93.32,6,29.18,29.97,196.05,,
0.253925247,4-28-2017,9,1,10,11.44,9.73,85.04,11,29.16,29.95,666.5,,
0.203169344,2-18-2017,13,0,10,18.78,5.68,40.44,11.08,28.96,29.75,3789.25,,
0.679748359,12-08-2016,12,0.04,10,-5.15,-8.99,21.58,19.44,8.54,30.37,1157.5,,
0.774524341,07-07-2016,13,0,10,27.11,22.54,76.88,15.69,28.97,29.76,3215,,
0.73598506,04-09-2016,6,0,10,-2.89,-6.36,73.08,14,29.4,30.2,46.35,,
0.099472889,09-01-2017,8,0,10,14.46,11.22,81.4,16.4,29.31,30.11,1142.75,,
0.907840293,10-05-2016,9,0,10,23.62,17.03,63.92,16.92,29.2,29.99,1856.75,,
0.178664604,08-07-2017,15,0.01,10,24.13,14.62,52.24,8.32,29.26,30.05,2215.75,,
0.144206544,2-16-2017,9,0,10,1.86,-4,65.28,6.64,29.17,29.96,2642.25,,
0.075469343,05-08-2016,10,1,10,12.03,9.32,86.4,3.12,29.22,30.01,543.75,,
0.704650287,5-27-2016,8,0.83,10,22.2,19.4,82.28,12.44,29.17,29.96,1116.75,,
0.375081851,3-20-2016,8,0.28,10,3.43,-1.59,66.72,10.64,29.37,30.17,1629.25,,
0.285035665,07-03-2016,8,1,8.82,15.96,14.69,89.25,11.78,29.28,30.08,488.75,,
0.088106016,2-24-2016,7,1,1.89,0.36,-0.18,91.58,26.67,28.7,29.48,34.53,,
0.661282939,10-22-2017,16,1,6,12.84,12.27,96.77,14,29.22,30.01,169.45,,
0.032945432,02-01-2017,10,0.28,10,3.36,-0.25,79.49,10.96,29.3,30.09,2690,,
0.422944442,6-26-2016,12,0.21,10,31.98,24.9,65.59,9.41,29.23,30.02,3929.75,,
0.550577875,07-11-2017,11,0.73,9.96,21.59,21.6,96.84,7.72,29.16,29.95,56.65,,
0.41644665,3-26-2017,6,1,10,13.39,13,94.39,9.08,29.07,29.86,1.72,,
0.296604743,05-03-2016,6,0.03,10,8.53,5.38,78.32,7.92,29.2,29.99,122.83,,
0.004180084,10-02-2017,13,0.42,10,28.5,10.65,32.88,11.32,29.36,30.16,3861.5,,
0.661516642,3-14-2016,8,1,6.26,12.75,12.52,98.15,2.59,28.92,29.7,293.75,,
0.215337428,9-26-2017,14,0.44,10,32.59,16.85,38.48,8.92,29.15,29.94,3510,,
0.634329259,3-14-2016,6,1,3.09,12.37,12.52,99.73,3.52,28.91,29.7,0,,
0.797798548,7-20-2016,13,0.3,10,29.51,23.3,65.57,4.54,29.4,30.2,3411.25,,
0.42626195,09-01-2016,14,0.45,10,24.29,13.68,50.64,12.44,29.34,30.14,2576,,
0.796935583,07-03-2016,16,1,10,18.81,18.05,95.46,11.77,29.17,29.96,447,,
0.749076146,6-24-2016,9,0.14,10,24.17,20.28,75.48,3.48,29.28,30.07,3113.25,,
0.648934413,8-15-2016,12,1,2.4,22.72,22.41,97.52,2.37,29.21,30.01,302.75,,
0.542285433,12-09-2016,15,0.04,9.96,-3.6,-7.96,21.3,7.08,8.54,30.53,164.9,,
0.109154687,2-26-2017,12,0,10,8.28,-7.9,31.24,23.36,29.27,30.06,4714.25,,
0.846803889,3-14-2017,13,0.99,10,-2.65,-6.14,72.96,8.24,29.49,30.29,453.75,,
0.705963243,04-02-2016,17,0.28,10,5.26,-6.8,40.48,26.08,29.12,29.91,1661.75,,
0.604731568,5-17-2016,9,0.92,10,13.22,8.52,69.96,10,29.42,30.22,1377.5,,
0.997588969,12-16-2016,8,1,10,-7.82,-12.92,65.12,15.4,29.39,30.19,231.5,,
0.763532022,8-17-2017,9,0.01,10,26.06,20.54,66.72,13.76,29.05,29.84,2589.25,,
0.397630922,08-09-2016,17,0,10,28.47,19.4,55,3,29.16,29.98,1730.75,,
0.122315863,3-25-2016,6,1,10,-0.44,-2.8,81.72,8.44,29.26,30.05,1.27,,
0.712357139,03-11-2016,14,0,10,14.03,6.55,58.16,6.92,29.51,30.31,2446.5,,
0.396615959,2-28-2017,8,1,1.74,10.88,10.64,96.86,13.48,29.09,29.88,235,,
0.99885145,11-05-2016,17,0,10,12.94,9.5,72.32,2.8,29.53,30.33,111.96,,
0.576064632,01-08-2017,8,0,10,-16.36,-18.07,79.64,0.12,29.93,30.74,756.5,,
0.732948339,08-11-2016,16,0,10,31.89,25.13,64.8,11.52,29.11,29.91,2712,,
0.581913224,9-15-2016,8,0.74,8.73,20.25,18.43,86.3,8.35,29.42,30.22,504.5,,
0.317949178,7-26-2017,10,0,10,27.74,22.02,70.4,6.04,29.29,30.08,3561.5,,
0.051606477,3-24-2017,15,0.91,10,23.82,13.99,51.84,23.28,29.19,29.98,2788,,
0.058262978,1-28-2017,10,1,10,-0.43,-2.86,81.84,16.96,29.04,29.83,839.25,,
0.23751198,9-29-2017,9,0,10,21.46,10.88,53.09,11.32,29.4,30.2,2429,,
0.653984106,7-27-2017,8,1,9.08,24.42,23.89,91.34,7.31,29.16,29.95,378.75,,
0.83406764,11-13-2016,7,0,10,-1.52,-1.99,82.96,6,29.47,30.27,741.5,,
0.170867038,02-06-2017,8,0.02,7.04,1.46,-0.41,87.43,7,29.19,29.98,1311,,
0.366166117,01-12-2017,7,1,7.08,0.47,0.02,93.19,9.59,29.1,29.9,1.57,,
0.794447829,4-18-2017,15,0.63,10,24.62,12.35,43.52,14.76,29.23,30.02,0,,
0.819870625,3-25-2017,7,1,7.12,15.68,12.68,89.33,7.68,29.13,29.93,83.89,,
0.400510191,08-06-2016,8,0,10,22.41,18.99,76.65,7.94,29.21,30,1299,,
0.228478295,07-06-2016,7,0.69,7.78,20.5,19.97,92.67,11,29.2,30,32.43,,
0.020281724,6-17-2017,14,0.44,10,29.47,20.42,56.28,10.04,28.91,29.7,1058.5,,
0.056305575,5-30-2017,15,0.53,10,24.91,4.66,27.16,13.84,29.2,29.99,2882.5,,
0.860499247,04-06-2017,11,0.29,10,9.69,4.1,67.84,23.04,29.07,29.86,4665.5,,
0.341029986,05-07-2017,15,0,10,17.65,2.06,35.6,11.44,29.22,30.01,4116.25,,
0.69796639,7-22-2016,15,0,10,28.9,22.8,65,5,29.21,30.03,3403.5,,
0.411686129,03-08-2016,15,0.42,10,21.55,13.44,55.72,20.64,29.11,29.9,2288.5,,
0.87712971,07-06-2017,14,0.91,10,30.24,21.75,58.88,3.2,29.2,29.99,1142.25,,
0.925202997,7-29-2016,9,0.09,10,24.27,21.7,85,5.5,29.13,29.95,1814.5,,
0.596306307,1-31-2017,7,1,10,3.24,0.66,80.68,15.76,28.97,29.76,64.2,,
0.763750048,10-07-2016,6,0,7.08,15.86,15.15,91.8,5.36,29.23,30.02,3.25,,
0.445225525,2-13-2016,6,0,10,-14.88,-19.93,62.04,6.32,29.78,30.58,5.51,,
0.298423765,12-01-2016,7,1,10,2.31,-0.07,81.76,11.44,29.09,29.88,102.4,,
0.817269137,10-28-2017,13,1,10,4.5,0.85,75.68,14.64,29.14,29.93,945.75,,
0.330793739,12-17-2016,10,1,2.7,-0.25,-0.44,97.57,6.26,28.9,29.68,207.5,,
0.136110372,5-13-2016,14,0,10,20.58,9.31,45.84,11.88,29.21,30,4332,,
0.67676438,01-09-2017,9,0,10,-4.32,-8.02,71.96,14.12,29.53,30.33,1281,,
0.121621133,8-29-2017,12,0.54,10,25.07,18.05,64.72,2.44,29.25,30.04,3339.75,,
0.830365047,12-14-2016,7,0.01,10,-13.28,-15.28,71.64,5,29.46,30.26,9.09,,
0.32907575,7-14-2017,14,0,10,26.03,16.92,55.28,10.96,29.33,30.12,4573.25,,
0.817705421,10-05-2017,13,0.93,10,23.31,20.41,77.55,7.86,29.33,30.13,2128.5,,
0.872604212,4-18-2017,11,0.44,10,23.26,6.55,32.36,15.32,29.34,30.13,0,,
0.2204704,02-01-2017,12,0.76,10,3.81,-0.25,73.64,9.48,29.32,30.11,1837,,
0.711175462,4-26-2017,11,0.65,10,25.36,13.12,44.48,18.72,28.75,29.53,4155.75,,
0.186612577,9-28-2017,7,0.38,10,12.46,9.37,80.85,6.64,29.42,30.22,467.75,,
0.991634215,9-13-2017,13,1,10,21,16.71,74.34,0,28.95,29.74,2226.25,,
0.960053245,5-13-2016,7,0,10,12.75,9.45,77.64,11.44,29.29,30.08,774.75,,
0.60992748,05-04-2016,6,0.62,9.78,10.71,9.96,90.8,8.74,28.91,29.7,169.45,,
0.883455587,8-25-2016,13,0.83,10,28.44,23.38,73.2,6.16,29.28,30.07,3817.75,,
0.63670722,6-15-2017,11,0.14,10,27.64,19.05,58,10.84,29.09,29.88,0,,
0.776731975,8-17-2016,11,0.76,9.92,26.21,23.38,79.32,5.64,29.33,30.12,3240.75,,
0.164635885,10-14-2016,11,0,10,17.84,8.47,51.68,8.56,29.44,30.24,4050.75,,
0.455547713,07-06-2017,16,0.52,10,30.26,22.15,61.85,2.56,29.18,29.97,953.75,,
0.348896337,4-13-2017,11,0.62,10,22.52,10.81,51.08,11.44,29.43,30.23,4192.5,,
0.827844636,03-07-2017,13,0,10,11.24,2.07,53.48,16.64,29.19,29.98,4676.25,,
0.503069492,8-20-2017,6,0,9.84,19.73,18.68,90.12,2.12,29.24,30.03,94.5,,
0.286326555,10-20-2017,9,0,10,20.01,12.79,63.88,6.84,29.42,30.22,2483.5,,
0.288350766,10-22-2017,15,1,2.97,13.59,12.79,94.97,16.96,29.21,30,218.75,,
0.685272554,7-19-2017,6,0.97,5.61,22.21,21.63,98.29,0.53,29.34,30.13,10.02,,
0.477962287,08-01-2017,13,0.01,10,27.58,19.26,54.52,4.36,29.27,30.06,3055,,
0.474724726,7-25-2017,11,0.14,10,25.65,18.2,60.8,6.76,29.39,30.18,4501.5,,
0.330918189,05-02-2017,12,0.9,10,13.49,6.38,65.49,22.64,29.07,29.86,3347.25,,
0.340092503,3-18-2017,14,1,10,5.07,0.41,70.66,14.84,29.44,30.24,758,,
0.41629112,04-02-2016,16,0.82,10,5.98,-6.08,41.52,28.48,29.07,29.86,2804.75,,
0.374179502,6-14-2017,7,0.01,10,27.78,22.51,73.16,8.72,29.19,29.98,803,,
0.301674113,4-20-2016,17,0.92,9.04,15.97,13.12,79.52,6.12,29.17,29.96,266.13,,
0.250772459,11-01-2016,7,0,10,16.86,14.74,83.04,9.8,29.17,29.96,37.63,,
0.625941254,08-12-2017,13,0.42,10,25.13,12.87,44.56,8.76,29.29,30.08,4633.5,,
0.611940976,11-29-2016,10,0,10,11.32,9.29,83.12,11.04,28.83,29.61,3478,,
0.86836159,5-19-2016,15,0,10,22.32,2.95,26.32,5.44,29.34,30.14,3654.25,,
0.655214137,07-03-2016,14,1,9.88,18.38,17.94,95.56,10,29.22,30.01,517.5,,
0.587732205,6-15-2017,9,0.52,10,25.16,19.86,68.96,9.36,29.1,29.89,0,,
0.558886119,06-10-2017,10,0,10,27.87,12.67,37.8,14.48,29.16,29.95,4178,,
0.050110327,02-06-2017,11,1,3.93,6.38,5.33,88.89,10,29.14,29.93,350.25,,
0.54521547,11-17-2016,16,0,10,20.85,12.48,57.4,15.12,29,29.79,50.52,,
0.22727848,10-17-2016,10,0.43,10,25.18,19.26,69,20.84,28.95,29.74,3172,,
0.28486935,8-24-2016,9,0.99,9.04,25.01,23.4,96.28,12.35,29.23,30.03,494.75,,
0.54507243,2-18-2016,8,0.01,4.64,0.53,-1.18,86.28,11.4,29.58,30.38,1075,,
0.03831823,10-17-2017,8,0,10,13.2,5.51,60.16,13.64,29.51,30.31,1492.5,,
0.597805221,02-02-2016,8,0.92,5,2.63,1.06,88.84,17.92,29.08,29.87,116.1,,
0.698324136,8-16-2017,11,0.75,10,28.44,22.99,67.52,9.96,29.2,29.99,1728.25,,
0.00138888,05-06-2017,6,0.99,10,8.65,8.58,95.88,0.2,28.96,29.75,131,,
0.903327606,02-03-2017,14,0,10,-1.06,-14.17,20.35,11.28,8.54,30.47,3626.75,,
0.275095053,12-19-2016,6,0,9.6,-18.49,-20.09,82.68,0.24,29.93,30.74,0.05,,
0.336154026,11-06-2016,9,0,10,12.73,8.99,77.2,2.12,29.61,30.41,3356.25,,
0.982642172,4-18-2016,11,0,10,26.74,4.32,22.28,7.76,29.5,30.3,4462,,
0.696632765,4-17-2017,12,0,10,19.91,2.75,30.24,3,29.38,30.17,0,,
0.509144365,10-26-2016,12,0.62,10,17.62,9.57,63.28,10.6,29.28,30.07,1719.75,,
0.30930518,7-17-2016,15,0.44,10,28.25,24.4,75,18,29.23,30.05,3255.5,,
0.978684636,08-01-2017,6,0,9.92,20.67,18.61,81.88,1.16,29.31,30.11,102.58,,
0.797142931,3-20-2016,16,1,10,6.71,-4.27,44.12,14.92,29.35,30.14,871.25,,
0.046248987,9-18-2017,9,0,10,23.7,19.42,76.44,7.36,29.29,30.08,2038.25,,
0.654670928,7-20-2017,10,0.02,9.96,27.24,24.64,86.68,6.84,29.27,30.06,1453,,
0.408564382,7-30-2016,7,0.09,10,20.61,19.15,88.5,6,29.16,29.98,830.75,,
0.573687874,6-23-2016,8,0,10,28.69,24.51,77.96,10.04,29.07,29.86,2101.5,,
0.065668526,03-04-2017,13,0,10,10.87,-2.05,40.6,14.08,29.58,30.38,4462,,
0.555040954,6-27-2016,10,0,10,30.02,20.07,53.72,9.84,29.31,30.11,3903,,
0.049065709,7-19-2016,16,0,10,29.59,23.3,65,5,29.37,30.19,1279,,
0.738099004,3-21-2016,14,0.15,9.04,11.04,-2.6,38.28,12.48,29.34,30.13,4471.75,,
0.768614642,2-23-2017,9,0.11,8.48,11.95,11.15,89.61,4.35,28.96,29.75,1933.75,,
0.864554072,3-28-2016,12,1,10,10.26,3.54,62.92,11.12,29.34,30.14,3173.75,,
0.976499717,8-14-2016,8,0,10,22.2,20.48,84.32,0,29.27,30.06,1059,,
0.492392086,10-15-2017,11,1,10,12.74,7.96,71.85,21.6,29.31,30.1,1401.5,,
0.026801576,5-27-2016,10,0.55,10,23.91,19.34,69.84,17.48,29.14,29.93,2287.25,,
0.372102274,03-08-2017,13,0,10,14.06,-3.11,30.64,29.44,29.36,30.16,4637.75,,
0.159543471,10-09-2016,16,0,10,23.17,5.67,30.96,9.6,29.46,30.26,1552,,
0.857450157,4-17-2017,15,0.14,10,21.16,1.74,26.12,1.92,29.34,30.14,0,,
0.34387181,04-09-2017,12,0,10,23.18,12.25,49.92,24.84,29,29.79,3732.25,,
0.590385598,2-19-2017,14,0,10,18.88,7.52,47,3.72,29.27,30.06,3301.5,,
0.393192858,8-17-2017,11,0.99,10,26.13,21.37,73.36,10.88,29.05,29.84,2006,,
0.028518589,02-05-2016,12,1,10,-0.96,-4.04,76.92,8.72,29.58,30.38,1881.5,,
0.129027393,7-28-2016,17,0.65,10,25.8,22.13,76.67,7,29.06,29.88,1577.75,,
0.599130231,10-10-2016,6,0,10,6.92,7.09,91.44,1.16,29.55,30.35,1.45,,
0.037142173,6-25-2016,14,0.52,10,32.23,22.91,56.04,5.44,29.27,30.06,3693.25,,
0.188691094,1-18-2017,6,1,7.12,2.02,1.5,95.72,11.8,29.36,30.16,0,,
0.357735927,09-05-2016,14,0.82,10,31.35,22.83,59.8,11.44,29.28,30.07,3502.25,,
0.187922903,6-20-2017,16,0.53,10,29.1,14.41,39.08,14.96,29.1,29.89,909.5,,
0.126460885,5-21-2017,10,0.63,10,17.4,11,63.44,15.68,29.21,30,3847,,
0.288475328,10-01-2016,9,1,3.11,15.65,15.22,94.08,4.48,29.24,30.03,236.75,,
0.257758451,10-20-2016,13,0.98,10,15.55,13.3,82.62,16,29.27,30.07,1380.75,,
0.77738062,2-29-2016,9,0,10,5.01,0.89,73.56,13.96,29.21,30,3715.25,,
0.12698359,12-09-2016,6,0.04,9.96,-5.03,-8.26,21.58,9.4,8.54,30.53,0,,
0.686852346,2-21-2016,10,0,10,7.52,2.83,74.53,10.44,29.28,30.07,4274.75,,
0.4858407,7-15-2017,16,0,10,25.73,18.16,59.36,1.2,29.29,30.08,3133.5,,
0.791784424,8-22-2016,12,0.42,10,24.65,15.55,54,4.36,29.4,30.2,3949.5,,
0.17502148,08-11-2016,8,0.3,7.88,27.14,25.33,88,6.76,29.24,30.03,1415.25,,
0.872147238,6-22-2017,10,0.99,10,28.29,22.63,69.88,10.84,29.1,29.89,1107.75,,
0.662661022,07-11-2017,7,0.97,10,26.3,23.14,82.84,8.76,29.12,29.91,863.75,,
0.178677405,9-26-2017,16,0.38,10,31.85,16.33,38.04,6.8,29.14,29.93,1994,,
0.372892394,12-01-2016,9,1,10,3.26,0.12,76.96,15.4,29.12,29.91,880.5,,
0.27516722,09-05-2016,15,0.82,10,31.51,23.27,59.16,10.12,29.28,30.07,2518.5,,
0.914012188,06-03-2017,11,0.52,10,30.42,12.88,32.24,3.12,29.26,30.05,3746.25,,
0.646810382,7-17-2016,13,0,10,26.79,23.1,81.04,14.52,29.28,30.07,3599,,
0.725589874,5-31-2017,11,0,10,23.18,6.69,31.92,15.72,29.26,30.05,4708,,
0.792819511,5-19-2016,17,0,10,21.63,3.06,27.36,8.08,29.31,30.11,1784,,
0.62693672,7-15-2017,13,0.41,10,24,17.06,62,0.96,29.34,30.14,3596.75,,
0.084315015,5-14-2016,16,1,10,10.98,2.34,54.76,16.8,29.27,30.06,1517.25,,
0.340813902,5-13-2016,13,0,10,19.81,8.5,45.96,8.96,29.23,30.02,4461.5,,
0.961152841,12-11-2016,11,0.04,10,2.33,-1.38,21.58,14.16,8.52,29.95,243.75,,
0.478862404,07-05-2017,11,0.01,10,28.64,22.51,72.92,4.12,29.31,30.11,1296.75,,
0.064323466,8-14-2016,9,0,10,22.75,21.62,89.04,0.12,29.29,30.08,749.25,,
0.86779646,8-13-2017,10,0,10,23.65,12.03,46.8,4.12,29.3,30.09,3850,,
0.231424622,11-11-2016,13,0.44,10,13.08,4.09,51.72,19.48,29.46,30.26,1870.75,,
0.596146591,3-13-2016,17,1,10,16.03,15.58,93.83,6.18,28.89,29.67,190.25,,
0.114139737,10-21-2017,16,0.53,10,24.64,15.78,58.32,18.4,29.25,30.04,1493.75,,
0.73605917,01-05-2017,8,1,8.12,-11.68,-14.6,77.19,6.6,29.28,30.08,50.8,,
0.330709568,6-20-2017,6,0,10,18.1,16.03,86.88,5.36,29.23,30.02,78.23,,
0.192145787,05-06-2017,14,0.73,10,15.68,5.45,50.76,11.6,29.05,29.84,2959.75,,
0.803430235,04-04-2016,11,0.98,10,6.88,-0.48,60.62,15.81,29.34,30.14,3959,,
0.562335898,2-14-2016,10,1,1.95,-7.71,-10.31,78.71,17.49,29.43,30.23,422.75,,
0.389388459,3-28-2017,12,1,10,11.86,6.69,73.28,9.08,29.31,30.1,2932.75,,
0.880451415,5-22-2017,6,0,10,11.64,9.45,82.16,5.4,29.31,30.1,297.75,,
0.935940731,06-06-2016,10,0,10,26.56,13.58,43.8,16.04,28.94,29.73,3945.5,,
0.823607018,02-05-2016,7,0.98,6.42,-2.93,-3.86,87.58,9.42,29.55,30.35,107.35,,
0.971635021,11-25-2016,13,1,10,4.99,1.94,77.8,7.8,29.53,30.33,596.75,,
0.488245257,11-14-2016,16,0.17,10,14.96,8.61,61.44,7.16,29.11,29.9,74,,
0.602850329,8-15-2017,11,0.75,10,28.23,22.14,65.72,6.64,29.15,29.94,3844.75,,
0.699713916,6-30-2017,13,0.81,10,27.78,21.83,69.44,10.96,29.04,29.83,772.75,,
0.826944718,01-04-2017,16,0.16,10,-7.03,-11.8,66.72,14.36,29.31,30.1,34.56,,
0.746299897,04-05-2016,11,0,10,5.67,-3.88,50.28,10.84,29.6,30.4,4707.5,,
0.991333061,1-17-2017,14,1,8.83,4.81,4.01,92.71,13.7,29.16,29.95,317.25,,
0.903809264,8-23-2016,11,0.44,10,25.54,17.84,62.08,11.6,29.42,30.22,3881.5,,
0.619500429,07-07-2016,14,0.14,10,28.07,23.54,75.44,13.16,28.98,29.77,4111.5,,
0.648154654,6-16-2017,9,0.65,10,25.43,18.84,64.44,2.28,29.08,29.87,0,,
0.928161,03-08-2016,17,0.15,10,19.65,13.73,65.88,15.12,29.09,29.88,167,,
0.774073001,8-18-2017,9,0.62,10,24.56,18.75,68.12,10.76,29.15,29.94,2853.5,,
0.342773933,09-03-2017,6,0,10,14.17,13.76,89.04,5.76,29.23,30.02,63.23,,
0.299834843,6-24-2016,16,0.6,10,28.16,19.09,55.17,4.06,29.26,30.05,1157.25,,
0.781809113,5-25-2016,15,0.53,10,29.16,18.46,52.2,18.6,29.16,29.95,2156,,
0.572441787,10-09-2016,11,0,10,22.53,7.87,37.08,8,29.53,30.33,4267,,
0.145429986,4-28-2017,10,1,9.96,12.19,10.39,85.04,14.48,29.13,29.92,811,,
0.810909299,8-20-2017,16,0,10,30.48,22.43,60.04,6.64,29.22,30.01,1209,,
0.959953213,2-26-2017,10,0,10,4.65,-7.88,39.92,19.84,29.3,30.09,3516.25,,
0.245297248,2-13-2016,16,0,10,-7.24,-17.58,41.08,5.16,29.73,30.53,401,,
0.170184049,08-04-2016,12,0.47,10,29.9,23.03,58.21,3,29.19,29.98,2146.5,,
0.947476485,12-01-2016,6,1,10,2.38,-0.07,81.76,11.12,29.07,29.86,0,,
0.138637794,07-07-2017,9,0.28,10,29.66,22.9,65,11.12,29.11,29.9,1024.25,,
0.697724333,02-07-2017,6,1,8,14.47,14.03,96.47,14.42,28.65,29.43,0,,
0.657239837,04-03-2017,13,1,10,17.94,15.51,80.56,10.88,28.64,29.42,1110,,
0.845102702,10-19-2017,15,0,10,25.23,12.28,45.2,2.32,29.36,30.15,2658.75,,
0.714966191,12-14-2016,14,0.17,10,-3.5,-9.91,57,17.24,29.37,30.17,192.25,,
0.57229166,08-06-2017,10,1,10,19.92,16.53,78.96,4.44,29.26,30.05,533.75,,
0.69194127,9-15-2017,10,0,10,27.07,19.8,64.96,7.68,29.26,30.05,3734,,
0.902728602,7-28-2017,9,1,8.88,23.18,20.86,82.72,12.68,29.15,29.94,675.5,,
0.80033283,6-15-2017,8,0.14,10,22.61,19.71,80.68,9.92,29.12,29.91,0,,
0.379341744,09-08-2017,13,0,10,25.68,9.78,35.2,4.16,29.4,30.2,4473.5,,
0.394026721,05-02-2017,14,1,10,12.59,5.8,66.04,17.6,29.12,29.91,2086.75,,
0.488629147,09-09-2017,6,0,10,12.92,11.89,92.88,7.6,29.54,30.34,35.27,,
0.086413828,05-10-2017,15,0.73,7.76,26.82,19.74,66.89,7.88,29.05,29.84,1180.75,,
0.094777483,2-18-2016,11,0,7,4.78,0.54,75.88,20.24,29.54,30.34,3770.75,,
0.55784832,04-05-2017,12,1,9.08,11.01,9.7,91.54,10.92,28.79,29.57,764.25,,
0.183822055,10-07-2016,12,0.15,10,20.93,13.41,59.52,16,29.32,30.12,4217,,
0.294789131,6-14-2017,14,0.72,10,33.9,21.43,47.64,13.48,29.06,29.85,3049,,
0.504139508,05-04-2016,10,0.83,10,13.72,7.26,65.72,15.4,28.97,29.76,3184,,
0.088709332,04-10-2016,17,1,5.72,10.74,10.15,92.32,13.36,29,29.79,145.25,,
0.380098805,5-16-2017,13,0,10,28.93,14.47,38.44,21.4,29.05,29.84,4361.5,,
0.433513353,06-12-2016,12,0,10,30.02,18.9,50,10,29.27,30.09,3671.25,,
0.078946619,5-27-2017,13,1,10,21.68,17.79,75.48,2.68,29.1,29.89,2962,,
0.867386263,08-05-2016,6,0.02,10,22.49,21.85,90,0.66,29.14,29.93,184.33,,
0.041423687,6-30-2017,6,0.29,10,23.1,22.64,94.8,8.36,29.08,29.87,100.35,,
0.325004273,3-18-2016,17,1,10,9.14,-2.92,41.64,8.08,29.28,30.07,450.5,,
0.003401013,11-22-2016,11,0,10,6.37,-0.04,63.36,13.8,29.47,30.27,2824,,
0.41101395,12-15-2016,12,0,10,-9.79,-18.4,46.6,9.8,29.68,30.48,3283.25,,
0.158030243,7-30-2016,12,0.59,9.5,25.23,19.7,75,6,29.17,29.99,3330.75,,
0.657895174,7-13-2017,10,0.55,10,26.78,23.63,77.84,5.32,29.27,30.06,2503.5,,
0.92053734,08-03-2017,14,0.51,9.89,25.7,20.35,67.52,12.07,29.14,29.93,2904.75,,
0.931514369,6-23-2017,9,0.78,10,22.72,21.22,90.56,1.3,28.89,29.68,254.5,,
0.630425049,02-08-2017,9,1,7.76,0.3,-2.36,81.72,10.04,29.08,29.87,828.75,,
0.773742655,04-07-2017,12,0,10,11.4,-2.1,38,15.4,29.34,30.13,4715,,
0.063171416,8-13-2017,8,0,10,20.9,14.37,63.84,5.08,29.31,30.1,1841.5,,
0.13869518,10-08-2016,9,0,10,14.25,3.22,46.96,8.96,29.52,30.32,3043.5,,
0.87154207,2-23-2016,8,0,10,0.56,-2.78,79.8,12.04,29.3,30.09,1986,,
0.734740958,04-07-2016,13,1,10,6.53,0.17,64.92,21.04,28.97,29.76,2135,,
0.769151252,7-25-2016,11,0.19,10,26.08,22.8,82,7,29.23,30.05,2035.25,,
0.717827827,11-26-2016,16,0,10,6.77,4.64,81.68,7.8,29.44,30.24,34.78,,
0.118321114,4-20-2016,8,1,10,17.45,11,66.08,14.32,29.28,30.07,1024.25,,
0.818697628,09-11-2017,7,0,10,13.35,10.04,81.16,4.08,29.48,30.28,564.75,,
0.643323284,04-10-2016,16,1,6.71,11.01,10.16,91.27,16.78,28.99,29.78,560,,
0.676293384,8-16-2016,15,0.54,10,27.4,22.85,73.92,5.64,29.29,30.08,3198,,
0.833691988,01-02-2017,15,1,1.31,8,7.74,99.23,4.52,29.14,29.93,66.03,,
0.226021151,7-29-2016,17,0,10,25.56,20,67,7,29.1,29.92,1841.5,,
0.889451025,10-08-2017,15,1,10,25.02,11.76,43.28,10.68,28.95,29.74,1789.5,,
0.16974375,02-10-2016,12,0.28,10,-8.06,-13.47,63.92,11.12,29.28,30.07,3286.75,,
0.44331937,8-28-2017,15,0.74,10,25.93,16.73,55.08,6.04,29.17,29.96,2893.25,,
0.301723266,3-13-2016,8,1,1.37,12.72,12.18,98.62,9.16,28.98,29.77,107.78,,
0.747277223,06-01-2017,11,0,10,25.39,3.96,24.24,4.36,29.31,30.1,4474.25,,
0.511068843,09-07-2016,12,0.54,10,31.85,24.48,62.04,9.84,29.24,30.03,2712.5,,
0.979880767,4-30-2017,14,0.99,10,19,18.74,96.72,12.04,28.92,29.71,916,,
0.262366375,8-14-2017,10,0.01,10,26.53,17.05,53.68,5.24,29.13,29.92,3431,,
0.100084641,03-06-2017,7,1,10,11.23,8.86,81.8,17.68,29.22,30.01,62.45,,
0.280066039,9-16-2016,14,0.63,9.92,23.17,21.93,90.12,11,29.16,29.95,893,,
0.520116116,7-30-2017,13,0.31,10,27.82,12.83,38.36,6.08,29.4,30.2,4362.25,,
0.210651347,08-07-2016,16,0.02,10,26.02,15.96,50.56,7.22,29.22,30.01,2632.25,,
0.596832054,9-19-2017,6,1,8.45,19.67,19.61,98.73,0.82,29.15,29.95,1.13,,
0.927618834,1-14-2017,11,1,5.16,-0.37,-0.81,95.7,0.34,29.67,30.47,357.25,,
0.582117489,10-23-2016,7,0.14,10,10.11,7.83,79.16,6.76,29.24,30.03,164.45,,
0.379615641,9-21-2016,14,0.28,10,31.41,15.96,37.76,1.8,29.37,30.17,3823.25,,
0.269516963,11-07-2016,8,0,10,10.36,7.33,80,3.44,29.54,30.34,2321.25,,
0.33175237,3-17-2016,11,0,10,14.82,-0.89,34.08,14.96,29.15,29.94,4616.5,,
0.9615692,04-01-2016,13,1,10,10.43,3.81,65.2,17.52,29.01,29.8,1652.75,,
0.753737912,5-25-2016,9,0,10,26.35,16.4,54.48,8.72,29.23,30.02,2639.75,,
0.563621522,03-09-2016,9,1,10,17.18,14.13,79.92,12.96,29.15,29.94,798.25,,
0.585406412,5-18-2016,10,0.14,10,16.4,8.31,57.36,5.16,29.43,30.23,4075.5,,
0.747185939,09-05-2016,6,0.01,9.88,19.38,18.06,93.2,4.4,29.35,30.15,70.03,,
0.512086559,3-14-2016,14,0.92,10,14.13,12.47,84.12,6.48,28.9,29.69,1192.25,,
0.638331266,02-01-2016,6,0,9.92,0.37,-0.01,89.12,4.72,29.19,29.98,0,,277
0.122348763,3-23-2016,8,0,10,15.18,9.64,68.04,19.04,29.01,29.8,1006.5,,
0.948018592,9-16-2016,15,0.47,10,24.73,21.87,83.92,10.76,29.15,29.94,2637.5,,
0.577624185,02-06-2016,9,0,5.72,-0.32,-2.05,87.56,7.36,29.52,30.32,3167.75,,
0.41799567,06-04-2017,7,0.38,10,25.67,19.69,68.16,8.96,29.15,29.94,1109.5,,
0.802773359,5-17-2016,17,1,10,13.21,10.63,80.84,5.36,29.36,30.16,513,,
0.578701479,9-30-2016,13,1,9.58,18.5,16.31,84.21,11.53,29.23,30.03,1065.5,,
0.449728265,3-24-2017,9,0,10,20.11,12.73,62.52,20.2,29.24,30.03,2861.5,,
0.088205525,02-02-2017,9,0,10,-5.63,-12.74,56.8,13.52,29.64,30.44,3127.25,,
0.622201365,6-14-2017,9,0,10,30.78,22.65,60.04,11.12,29.15,29.94,3229,,
0.892120472,1-15-2017,13,0.84,6.96,1.22,-0.89,86.04,2.2,29.54,30.34,1167.75,,
0.039992209,07-05-2016,7,1,8.88,23.24,21.61,87.44,1.08,29.15,29.94,593.5,,
0.919815866,06-07-2016,8,0,10,19.29,10.38,55.16,12.8,29.08,29.87,2333.25,,
0.903948252,07-05-2017,12,0.02,10,28.9,22.51,70.92,5.56,29.3,30.09,1241.25,,
0.200185104,04-11-2016,16,0,10,10.01,-0.47,46.4,16.8,29.22,30.01,3019.5,,
0.568041357,10-08-2016,16,0,10,19.36,4.99,37.28,2.04,29.44,30.24,2007.25,,
0.076989963,6-18-2017,10,0.54,10,25.84,18.48,62.6,14.36,28.94,29.73,812,,
0.565559436,02-01-2017,8,0.18,10,1.57,-0.04,87.56,5.64,29.28,30.07,426.5,,
0.254080261,10-31-2016,11,0.04,10,15.01,11.09,72.32,11.24,29.3,30.09,2290.75,,
0.067532717,5-22-2016,14,0.42,10,28.87,5.25,20.76,9.4,29.22,30.01,4181.75,,
0.376519487,1-24-2017,6,1,7.12,3.49,2.95,92.84,5.32,29.1,29.89,0,,
0.299971222,2-16-2016,13,0.96,8.04,1.72,-1.45,83.8,7.72,29.04,29.83,4101,,
0.59196326,7-28-2016,12,0,10,27.49,21.97,67.77,6.78,29.1,29.89,3597.75,,
0.223071718,06-07-2016,15,0.64,10,23.31,8.42,36.88,11.32,29.07,29.86,3768.25,,
0.261621386,03-12-2016,8,0.39,3.08,9.03,7.39,93.68,5.96,29.36,30.16,741,,
0.750764935,08-10-2017,13,0.55,10,28.64,17.99,47.56,9.08,29.29,30.08,3171,,
0.280924403,5-15-2016,9,0,10,11.37,-0.89,41.92,16.8,29.35,30.15,3439.75,,
0.30883052,9-28-2016,12,1,10,15.08,7.81,58.08,14.12,29.13,29.92,2063.25,,
0.078960122,04-09-2016,13,0,10,3.23,-9.94,36.76,5.72,29.44,30.24,4719,,
0.639607494,3-15-2017,7,0,10,-8.72,-12.11,72.08,9.36,29.6,30.4,51.83,,
0.961116371,7-19-2016,17,0,10,28.66,23.3,70,3,29.36,30.18,439.75,,
0.6825177,6-19-2016,13,0.44,10,30.3,20.6,53,5,29.39,30.22,3061.75,,
0.78857518,12-31-2016,10,1,10,4.73,-1.16,64.6,17.16,28.92,29.71,573.5,,
0.965579823,04-08-2017,17,0,10,18.48,6.03,41.8,21.64,29.1,29.89,1666,,
0.630451236,12-14-2016,17,0,10,-6.66,-13.6,58,14.88,29.41,30.21,0,,
0.371628604,05-11-2016,15,0.81,8.47,19.45,16.93,73.98,9.85,29.19,29.99,1187.75,,
0.563512948,10-25-2016,10,0.42,10,11.57,5.54,68.56,6.44,29.62,30.42,1552.5,,
0.047542449,8-17-2017,15,0.44,10,29.04,20.64,57.8,13.84,29.02,29.81,2854.25,,
0.814895025,8-14-2016,14,0.15,10,23.62,21.53,84.96,8.6,29.28,30.07,1175.25,,
0.810749728,08-09-2017,8,0,10,22.56,16.21,65.12,3.76,29.43,30.23,1991,,
0.998730714,2-14-2017,8,0,10,3.18,0.02,77.2,12.28,29.14,29.93,1819.5,,
0.687314241,07-03-2017,13,0.01,10,31.07,17.89,44.16,7.28,29.25,30.04,1494.5,,
0.234453734,8-24-2016,6,0.7,7.48,22.35,21.53,96.34,7.37,29.26,30.05,40.28,,
0.633610511,4-25-2017,16,0,10,25.97,9.83,33.64,22.56,28.77,29.55,2385.75,,
0.561025755,9-17-2017,10,0,10,27.67,19.74,61.44,1.6,29.29,30.08,3308,,
0.158216207,09-10-2016,11,0.99,10,23.49,19,73.04,13.04,29.15,29.94,2896,,
0.833788012,09-05-2017,9,0,10,18.72,10,55.84,16.84,29.16,29.95,3246.75,,
0.956562765,4-19-2016,6,0,9.96,14.59,9.02,67.32,1.2,29.39,30.18,80.4,,
0.198043384,5-14-2017,16,0,10,28.07,10.37,31.24,12.24,29.08,29.87,3032.5,,
0.342998777,02-08-2017,11,1,1.27,-0.56,-1.3,93.13,10.16,29.13,29.93,140.5,,
0.164074129,9-16-2016,7,0,9.92,20.92,19.36,88.08,7.68,29.27,30.06,353.13,,
0.647230632,03-03-2017,7,0,10,-4.98,-7.51,80.04,7.28,29.77,30.57,1261.75,,
0.09588089,2-17-2017,11,0,10,16.87,3.81,41.2,13.8,28.96,29.75,4471.25,,
0.45955723,04-12-2017,11,0,10,15.85,4.86,46.96,3.48,29.59,30.39,4612.75,,
0.205116518,07-06-2016,12,0,10,26.49,22.06,76.12,6.4,29.03,29.83,2659.5,,
0.43235683,10-09-2016,10,0,10,20.7,8.28,42.44,6.4,29.54,30.34,3747.25,,
0.943126305,10-31-2016,12,0.03,10,16.71,12.58,70.08,12.28,29.26,30.05,1695.25,,
0.992346476,10-05-2017,14,0.86,10,23.58,20.3,77.65,7.14,29.31,30.11,909,,
0.242651062,05-11-2017,7,0.92,7.58,14.1,12.43,90.23,16.16,29.1,29.9,357.5,,
0.589763947,3-15-2016,6,0.95,0.99,9.1,9.53,99.71,8.55,28.95,29.74,0.03,,
0.291696302,10-17-2017,16,0,10,18.92,4.85,39.72,9.72,29.39,30.19,1824.75,,
0.793829024,11-15-2016,12,0,10,13.7,7.83,62.4,8,29.11,29.9,3795,,
0.396679491,9-23-2016,14,0,10,31.59,17.65,41.84,5.24,29.23,30.02,3361.5,,
0.517983147,9-27-2017,8,0,10,20.12,14.8,69.84,12.84,29.31,30.1,1306.25,,
0.689727307,2-21-2016,13,0.8,10,9.69,3.76,68.13,12.92,29.27,30.06,3272.75,,
0.13734455,7-13-2017,13,0.79,10,28.87,24.15,73.08,6.31,29.26,30.05,2829.25,,
0.572495486,10-23-2017,7,1,8.89,12.08,11.44,95.22,13.43,29.02,29.81,3.8,,
0.662354333,03-11-2017,10,0,10,-1.75,-16.71,31.2,6.28,29.69,30.49,4376.5,,
0.333093823,10-30-2016,14,0.73,10,17.08,10.42,63.48,12.4,29.35,30.14,2345.5,,
0.102907102,04-03-2016,14,0,10,18.52,4.59,39.52,29.64,29.01,29.8,4624,,
0.342241747,3-31-2017,11,1,10,5.41,4.45,91.44,12.4,29.03,29.82,615,,
0.13136961,6-29-2016,8,0,10,19.39,11.74,61.64,7.44,29.36,30.16,2346.5,,
0.843114329,8-23-2016,12,0.28,10,26.03,17.84,58.72,9.16,29.41,30.21,4202.75,,
0.216258649,05-08-2016,7,1,8,10.64,7.54,84.08,5.76,29.16,29.95,63.75,,
0.909845015,09-04-2017,11,0.42,10,30.3,21.22,56.68,17.16,29.02,29.81,3943.25,,
0.271946658,3-27-2017,11,0.84,10,15.47,11.72,83.93,7.08,29.12,29.91,3360.25,,
0.44723445,04-05-2016,9,0,10,2.87,-4.68,57.76,12.68,29.65,30.45,3538.5,,
0.286625499,5-15-2017,17,0,10,28.71,13.44,36.44,13.84,29.1,29.89,1788.25,,
0.269202312,06-01-2016,10,0.92,9.92,21.6,19.36,84.96,1.6,29.19,29.98,855,,
0.593519714,8-23-2016,16,1,10,24.97,19.4,69.08,7.96,29.37,30.17,1069.75,,
0.78672015,3-29-2017,14,1,6.92,11.96,7.49,72.08,15.64,29.29,30.08,355,,
0.723527013,11-03-2016,8,1,3.08,15.46,14.99,96.58,7.3,29.4,30.2,288.5,,
0.937385337,10-20-2016,16,1,10,12.95,11.31,86.72,11.92,29.31,30.1,301.23,,
0.038341093,3-20-2017,17,1,10,13.31,10.5,83.77,13.68,29.17,29.96,150.25,,
0.74981157,4-22-2017,11,0,10,13.65,2.55,44.52,20.04,29.34,30.13,2811.5,,
0.988706411,4-28-2016,15,0.91,10,19.18,13.08,70.45,1.84,29.07,29.86,724,,
0.04002974,11-12-2016,10,0,10,7.28,1.66,64.92,6.28,29.69,30.49,4021.25,,
0.012988975,07-06-2016,6,1,8.06,20.29,19.97,94.19,9.81,29.19,29.98,0,,
0.367467777,04-05-2017,17,1,5.46,7.61,6.77,94.34,20.67,28.74,29.52,82.45,,
0.100355913,05-08-2016,13,0.92,10,15.68,10.69,73.08,8.76,29.16,29.95,1240.75,,
0.990084432,7-14-2017,13,0.01,10,25.95,16.7,55.28,9.8,29.34,30.13,4732.25,,
0.952142644,1-18-2017,10,1,8.57,3.12,1.9,92.83,9.71,29.4,30.21,886,,
0.019142221,8-20-2017,8,0.17,10,25.04,21.53,79.44,6,29.27,30.06,1075.5,,
0.120923974,10-15-2016,8,1,3.1,16.55,16.1,95.04,9.66,29.31,30.1,148.75,,
0.012634071,4-21-2017,11,0,10,12.17,4.06,56.92,8.44,29.28,30.07,3101.25,,
0.026383891,05-01-2017,11,1,10,10.95,6.28,68.88,23.36,28.73,29.51,951,,
0.299997538,10-25-2016,13,0.73,10,15.26,4.52,49.96,9.04,29.55,30.35,1423.75,,
0.930449494,07-01-2016,10,0.65,10,22.68,15.75,63.77,10.22,29.29,30.08,3406.75,,
0.531344162,2-24-2016,6,1,5.07,0.65,-0.11,90.34,25.62,28.72,29.51,0.68,,
0.92006032,4-30-2016,9,1,2.65,11.54,10.82,94.96,15.11,29.13,29.92,347.5,,
0.506905716,6-28-2017,14,0,10,27.83,16.77,49.28,17.36,29.14,29.93,1318.25,,
0.518009211,02-10-2017,8,0,10,-2.93,-5.82,78.72,18.72,29.28,30.07,77.53,,
0.450053217,04-12-2017,17,0,10,18.67,4.18,37.08,7.4,29.53,30.33,1539.25,,
0.298911091,3-13-2017,9,1,2.37,-1.62,-2.42,90.54,13.11,29.34,30.13,37.1,,
0.903207533,1-20-2017,14,1,3.7,10.02,9.7,98.04,7.15,28.84,29.63,349.25,,
0.539537604,06-03-2017,10,0.42,10,29.78,12.69,32.64,1.84,29.27,30.06,3940,,
0.493955715,10-03-2016,6,1,3.92,13.64,13.3,93.72,0.12,29.31,30.11,0,,
0.903260091,5-16-2016,8,0,10,14.44,3.26,45.04,11.2,29.41,30.21,2333,,
0.581467184,12-28-2016,9,0,10,1.17,-1.14,81.88,10.04,29.29,30.08,2081.25,,
0.207570588,04-12-2016,16,0,10,11.22,-2.97,36.24,5.96,29.51,30.31,3135.25,,
0.06648912,8-30-2016,12,0,10,26.89,23.79,77,0.24,29.31,30.11,1962.5,,
0.884765147,2-19-2017,9,1,0.52,8.7,8.85,99.45,2.18,29.28,30.08,829.75,,
0.230421733,6-29-2017,9,0,10,27.74,18.71,56.08,16.56,29.09,29.88,1099,,
0.762895224,10-13-2016,8,0,10,8.41,3.7,71.12,7.04,29.53,30.33,1746.5,,
0.041855249,04-04-2016,6,0.72,10,3.29,0.42,81.88,15.68,29.19,29.98,27.08,,
0.442675071,10-24-2016,6,0,10,6.37,6.8,93.8,8.4,29.49,30.3,0,,
0.086956388,7-25-2017,16,0.01,10,27.47,17.49,52.56,7.88,29.36,30.15,3000.75,,
0.414932593,6-14-2016,13,0.74,8.95,26.12,18.1,54.82,8.33,29.04,29.83,2043.5,,
0.872540259,03-11-2017,17,0,10,0.01,-18.74,22.64,7.04,29.63,30.43,190.68,,
0.568624382,6-23-2017,6,1,7.12,24.51,24.21,95.76,7.16,28.91,29.69,61.53,,
0.735344178,09-09-2017,14,0,10,24.67,13.79,51.08,9.72,29.52,30.33,4174.5,,
0.409467497,7-25-2016,17,0.75,10,27.5,22.87,72.67,6.33,29.17,29.99,878.25,,
0.733905791,12-05-2016,10,1,10,1.22,0.36,91.88,11.28,29.29,30.08,110.5,,
0.583995624,1-18-2017,11,1,10,3.71,1.82,86.8,11.4,29.39,30.19,1263,,
0.975646228,05-09-2017,16,0.03,10,23.16,17.06,76.49,11.8,29.06,29.86,2201.5,,
0.273048867,05-03-2016,8,0,10,13.69,6.98,62,10.44,29.2,29.99,2320.75,,
0.068978891,05-07-2016,14,0.7,10,23.46,13.76,59.76,15.4,29.01,29.8,3621.75,,
0.580005623,06-02-2016,17,0,10,27.13,9.77,31.88,6.8,29.21,30,1874,,
0.036297925,12-05-2016,9,1,10,0.9,0.21,93,8.44,29.28,30.07,75.4,,
0.112032783,3-18-2016,10,0,10,7.26,-2.3,50.48,8.68,29.33,30.12,3728.5,,
0.53002351,08-03-2017,16,0.01,10,25.6,20.41,68,7.28,29.12,29.91,1831.25,,
0.863854192,06-11-2017,12,0,10,31.26,16.03,38.8,17,29.21,30,4630.5,,
0.420842588,12-02-2016,17,1,10,4.02,2.09,84.56,5.36,29.47,30.27,0,,
0.940198096,8-15-2017,7,0.01,6.95,22,20.91,88.52,1.11,29.12,29.92,564.75,,
0.635120773,12-15-2016,14,0,10,-9.03,-18.66,42.04,8,29.66,30.46,1117,,
0.019737206,7-27-2016,7,0,9,23.1,20,84,3,29.22,30.04,840.75,,
0.396976926,04-03-2017,15,0.92,9.04,16.75,15.39,94.16,15.44,28.61,29.39,258.4,,
0.898355413,12-04-2016,6,1,9.96,0.7,-0.42,88.84,6,29.35,30.15,0,,
0.987212414,2-16-2016,12,0.56,8.08,1.29,-2.1,81.04,9.24,29.04,29.83,4632.5,,
0.260571553,12-15-2016,6,0,10,-14.39,-18.7,65.04,13.64,29.63,30.43,0.14,,
0.130635392,6-19-2016,9,0.63,10,27.87,20.68,62.92,5.44,29.45,30.25,2699.25,,
0.644024787,07-09-2016,9,0.28,10,23.49,18.2,70.8,8.96,29.26,30.05,3193.5,,
0.725608397,9-28-2016,7,0.99,10,12.63,9.85,81.4,11.8,29.03,29.82,190.53,,
0.606180949,05-02-2016,6,1,7.41,9.3,8.28,93.22,10.74,29.22,30.02,34.9,,
0.951655897,5-17-2016,14,1,9.84,13.74,9.09,68.36,7.32,29.39,30.18,859,,
0.894676866,02-01-2017,17,0.3,10,2.05,-2.59,37.41,8.28,15.47,30.16,3.1,,
0.349343535,2-28-2017,9,1,2.19,11.87,11.66,97.65,14.96,29.07,29.86,327.25,,
0.122202463,2-13-2016,9,0,10,-12.32,-19.86,53,9.36,29.81,30.62,3774,,
0.711535657,02-10-2017,16,0,10,8.64,3.63,68.88,14.6,28.95,29.74,417.75,,
0.242736607,6-25-2017,12,0.62,10,23.39,8.15,37.16,12.52,29.36,30.16,1550.25,,
0.631020643,03-12-2016,6,0.72,3.2,7.13,6.64,95.04,1.92,29.38,30.17,73.38,,
0.215488959,10-10-2017,8,0.95,9.08,20.21,18.68,91.12,7.84,29.3,30.09,407,,
0.336886418,12-03-2016,7,0.17,9.04,0.43,-1.72,84.76,5.44,29.57,30.37,212.3,,
0.254720825,01-11-2017,6,0,6.96,-0.86,-1.28,91.72,8.72,29.17,29.96,0,,
0.244127994,10-07-2016,16,0.01,10,16.83,8.44,55.28,11.52,29.37,30.17,971.25,,
0.318361765,9-16-2016,13,0.92,6.35,22.15,21.77,94.54,11.54,29.2,29.99,705,,
0.374525459,05-11-2017,6,1,2.86,14.27,13.45,95,8.31,29.12,29.92,122.23,,
0.346443376,02-01-2016,15,0,10,8.78,-0.2,51.76,2.04,29.23,30.02,1687.75,,
0.346293068,7-18-2017,13,0,10,29.6,17.52,44.76,3.44,29.29,30.08,4542.5,,
0.952506136,10-31-2016,16,0,10,18.58,14.29,21.62,9.04,8.52,29.96,932.75,,
0.149429117,1-24-2017,9,0.84,4.99,3.95,2.79,68.57,0,22.24,22.91,409,,
0.616305766,10-25-2016,17,1,10,12.88,5.93,62.44,8.4,29.51,30.31,128.83,,
0.314306866,10-05-2017,6,1,9.96,16.2,15.54,92.76,5.08,29.42,30.22,0,,
0.109728024,3-21-2017,9,0,10,9.79,2.64,64.49,9.24,29.4,30.2,2902.75,,
0.511889782,06-01-2017,10,0,10,24.69,4.38,25.56,7.56,29.32,30.12,4273,,
0.367147271,4-28-2017,16,1,5.3,12.93,12.4,94.45,11.41,29.05,29.84,213.65,,
0.60801363,11-17-2016,8,0,10,10.8,8.32,81.8,9.8,29.11,29.9,1233.5,,
0.668503325,6-25-2016,10,0,10,29.3,22.41,65.48,9.04,29.31,30.1,3803.5,,
0.344975631,12-15-2016,15,0,10,-9.15,-19,42.6,6.36,29.65,30.45,371.75,,
0.831147044,9-25-2017,16,0.14,10,32.05,15.06,35.16,6.96,29.13,29.92,1563.25,,
0.408209941,3-28-2017,10,1,10,9.89,5.34,76.16,8.07,29.31,30.1,3528,,
0.121380099,04-11-2017,13,0.85,10,13.4,6.32,59.69,8.85,29.44,30.24,2804.25,,
0.84051613,6-23-2016,11,0.58,10,26.24,13.54,44.86,11.97,29.09,29.88,3646,,
0.666019241,1-17-2017,7,1,5.92,6.46,6.47,97,12.84,29.09,29.88,11.96,,
0.589163005,3-22-2017,7,0,10,-1.72,-6.88,67.72,15.12,29.71,30.51,402.98,,
0.988260227,8-18-2016,13,0.74,10,29.36,23.46,69.44,8.32,29.25,30.04,3919.25,,
0.127698136,9-20-2017,12,0.01,10,32.49,21.89,54.04,10.84,29.14,29.93,3396.5,,
0.744455923,10-09-2017,14,0.15,10,27.98,14.87,45.44,3.2,29.12,29.91,3394,,
0.402811526,1-27-2017,11,1,10,-0.96,-3.92,76.04,15.64,29.16,29.95,337,,
0.491883544,06-05-2016,16,0.44,10,25.68,12.53,41.68,16.08,28.97,29.76,2757.75,,
0.157452845,9-27-2016,13,0,10,24.37,1.55,22.32,20.52,29.04,29.83,4078.25,,
0.77474567,9-24-2017,17,0,10,29.97,16.52,42.45,5.08,29.21,30,872.75,,
0.01042314,4-25-2017,8,0,10,19.61,10.9,56.32,11.64,28.94,29.73,2115.5,,
0.001050671,3-23-2016,17,1,10,16.45,10.93,67.88,19.36,28.96,29.75,95.5,,
0.257523503,2-26-2017,13,0,10,9.39,-7.72,28.28,25.52,29.25,30.04,3898.5,,
0.716501276,05-08-2017,6,0,10,7.78,2.04,66.32,6.12,29.34,30.14,211.3,,
0.343586865,6-16-2017,10,0,10,26.73,19.05,61.24,5.68,29.07,29.86,0,,
0.619551823,6-26-2016,13,0.41,10,32.61,25.77,67.12,8.22,29.2,29.99,3426.25,,
0.417820124,8-24-2017,8,0,9.04,20.37,14.43,67.16,4.36,29.31,30.11,1898,,
0.094222578,6-19-2016,6,0.16,7.55,22.05,17.64,74.92,4.28,29.45,30.25,305,,
0.349929418,03-01-2016,8,0.97,10,6.86,3.42,80.6,7.04,28.89,29.68,544.75,,
0.396786656,06-06-2017,16,0,10,25.36,7.02,30.28,17.36,29.18,29.98,3160.5,,
0.710696649,04-03-2016,6,0,10,-0.49,-3.95,72.31,7.96,29.29,30.08,30.71,,
0.250142687,9-28-2016,10,0.75,10,15.05,8.47,62.44,14.44,29.09,29.88,3241.75,,
0.661219812,9-19-2016,12,0,10,29.53,12.71,34.4,7.64,29.28,30.07,4531.25,,
0.977321223,2-24-2017,9,0.28,10,17.56,14.43,78.84,19.56,28.69,29.47,1323.75,,
0.339890988,10-27-2017,13,0.65,10,6.82,-1.14,56.44,16,29.09,29.88,3377.25,,
0.125137695,8-27-2017,15,0.65,10,26.69,14.33,44.76,4.72,29.27,30.06,3169.5,,
0.845144245,7-20-2017,11,0,9.96,29.02,25.61,78.8,8.64,29.24,30.03,2265.5,,
0.929466451,08-08-2016,10,0,10,26.32,21.45,69.76,4.06,29.23,30.02,3692.5,,
0.988222502,08-11-2017,10,0.39,10,24.86,19.13,68.76,7,29.23,30.02,2870.25,,
0.563139043,09-12-2017,8,0,10,16.9,12.71,70.96,11.96,29.18,29.97,795.25,,
0.624131047,10-17-2017,9,0,10,15.83,6,52.56,16,29.5,30.3,2848,,
0.859690193,07-09-2017,6,0.02,10,18.77,16.41,86.64,0,29.3,30.09,221.75,,
0.222134929,7-15-2016,16,0.42,10,25.33,17.46,60.96,13.72,29.23,30.02,3069.5,,
0.74665196,09-12-2017,14,0,10,25.25,10.23,36.92,14.6,29.06,29.85,3341.25,,
0.056343168,4-14-2016,13,0,10,18.88,0.42,27.96,13.68,29.38,30.18,3137.25,,
0.60611927,10-31-2016,6,0.14,10,6.66,5.62,92.84,7.44,29.35,30.15,0,,
0.683333206,6-26-2017,17,0.73,10,16.86,10.85,66.64,11.44,29.3,30.09,238.68,,
0.974060919,8-13-2017,13,0.29,10,25.83,13.23,44.36,3.48,29.25,30.04,4149.25,,
0.174416222,06-03-2016,7,0,10,21.66,12.71,53.08,2.12,29.29,30.08,1112.75,,
0.367015686,2-18-2017,15,0,10,20.23,5.76,37.44,13.36,28.96,29.75,2359.5,,
0.469993641,10-29-2016,17,0,10,22,15.96,63.28,9.4,29.17,29.96,111.5,,
0.897183206,05-07-2017,11,0,10,14.11,2.31,44.56,6.12,29.25,30.04,4713.75,,
0.618490677,09-10-2016,12,0.44,10,23.72,16.94,63.8,15.88,29.17,29.96,3035.75,,
0.778055799,7-25-2016,13,0,10,27.87,23.3,74,7,29.2,30.02,3196.5,,
0.305853835,02-08-2016,7,1,3.22,0.04,-0.73,92.82,10.85,28.89,29.68,44.17,,
0.374338737,3-29-2017,13,1,10,13.21,4.2,50.52,14.28,29.31,30.11,628.5,,
0.522933803,7-25-2017,12,0.42,10,26.26,18.07,58.28,5.36,29.39,30.18,4322.75,,
0.227760469,2-15-2017,13,0,10,5.23,-6.83,40.88,16.6,29.13,29.92,4510,,
0.107396409,3-17-2016,13,0.63,10,15.4,-2.51,28.12,16.88,29.12,29.91,4018,,
0.637082059,04-07-2016,10,1,10,5.47,0.49,72.16,20.16,28.94,29.72,1887.5,,
0.237696451,6-22-2016,9,1,9.69,19.75,19.44,95.46,7.19,29.19,29.98,356.75,,
0.445851902,09-09-2016,11,0.99,8.08,23.25,21.62,88.92,9.04,29.15,29.94,980.25,,
0.542899033,3-13-2017,15,1,5.2,-0.66,-1.76,88.72,11,29.3,30.09,89.1,,
0.960376656,08-01-2016,6,0,3,20.69,19.4,97,6,29.24,30.06,163.33,,
0.058157328,06-03-2017,16,0.28,10,31.43,12.63,29.8,4.68,29.16,29.95,2867,,
0.646491669,9-16-2016,16,0,10,24.72,21.43,79.96,7.08,29.15,29.94,1822.75,,
0.877509724,3-26-2016,14,0,10,15.44,3.72,46.36,10.44,29.28,30.08,4616.75,,
0.596375273,5-14-2016,13,1,10,9.69,1.76,57.64,18.8,29.28,30.07,2372,,
0.061497375,7-21-2017,16,0.33,10,31.67,27.01,69.23,5.24,29.13,29.92,1328.75,,
0.797974043,11-06-2016,12,0,10,18.08,7.53,49.36,6.2,29.55,30.35,3960.25,,
0.516731927,10-02-2016,11,1,10,19.18,14.61,71.45,5.67,29.3,30.09,2712.75,,
0.254394504,5-19-2017,13,1,8.46,14.34,12.98,90.47,13.03,29.21,30,1266,,
0.836583855,4-18-2017,13,0.46,10,24.68,11.15,40.92,14.12,29.28,30.07,0,,
0.70684101,09-04-2016,11,0.15,10,26.14,14.56,48.08,8.08,29.39,30.19,3495.25,,
0.297865225,3-31-2016,10,1,10,18.67,16.09,82.96,21.03,28.63,29.41,2661.75,,
0.177792017,8-24-2017,14,0.3,10,25.16,13.42,46.8,9.68,29.3,30.09,4055.75,,
0.953017809,5-19-2016,7,0,10,14.73,5.93,56.32,3.8,29.42,30.22,1103.25,,
0.243357225,7-30-2016,14,0.44,10,26.29,19.4,65,7,29.15,29.97,3658.25,,
0.733223658,2-24-2017,13,0.82,10,16.12,12.1,70.84,19.88,28.69,29.47,2076.75,,
0.217105503,12-02-2016,14,1,10,4.78,1.79,78.31,8.73,29.43,30.23,412.25,,
0.766375548,8-17-2017,16,0.81,10,28.02,20.26,60.92,9.2,29.02,29.81,2497.5,,
0.499025166,09-11-2017,10,0,10,20.97,10.58,50.92,7.64,29.44,30.24,3674.75,,
0.790381967,4-17-2016,16,0,10,26.71,2.54,19.6,6.84,29.49,30.29,2957.25,,
0.961294503,02-07-2017,12,0.9,9.96,15.87,13.26,82.51,18.53,28.62,29.4,1643.75,,
0.145681755,12-12-2016,12,0.05,10,-1.8,-4.8,23.65,10.57,9.32,30.12,3529,,
0.372942789,09-06-2016,7,0,9.98,25.15,23.65,88.05,8.78,29.33,30.12,538,,
0.809671277,01-11-2017,7,0,7,-0.54,-1.17,90.92,13.24,29.17,29.96,62.06,,
0.893641973,7-13-2016,9,0.97,5.78,23.21,20.64,89.86,9.45,29.19,29.98,675.5,,
0.395489472,10-23-2016,15,0.14,10,23.97,11.44,43.52,17.84,29.16,29.95,2717.5,,
0.221922877,05-08-2017,8,0.39,10,11.02,-0.96,40.96,10.44,29.36,30.15,2469,,
0.453548626,6-21-2016,8,0,10,24.24,16.58,61.44,7.28,29.28,30.07,2199,,
0.811881603,07-12-2017,7,0,10,25.53,22,77.2,12.68,29.17,29.96,808.5,,
0.407449136,8-28-2016,9,0.42,10,26.34,24.48,86.08,1.72,29.4,30.2,1255,,
0.144044569,3-28-2016,16,0.75,10,11.32,2.78,56.04,8.76,29.36,30.15,2975,,
0.186757125,5-21-2017,11,0.75,10,17.87,11.44,64.84,14.72,29.21,30,3553.25,,
0.964576104,3-28-2016,11,0.99,10,9.53,3.56,64.72,12.36,29.34,30.13,3158.75,,
0.818518303,3-29-2016,15,0,10,14.75,-0.17,35.24,12.16,29.43,30.23,4031.25,,
0.21976145,09-06-2016,8,0,10,27.26,24.21,81.36,12.04,29.33,30.12,1595.25,,
0.497025792,10-12-2017,6,1,1.21,14.59,14.53,100,0.89,29.36,30.16,0,,
0.317142881,11-22-2016,14,0,10,7.95,-0.37,54.96,12.96,29.4,30.2,1615.75,,
0.323863488,9-18-2017,12,0.55,10,27.8,19.36,59.84,2.16,29.25,30.04,3327.5,,
0.589584751,03-06-2017,11,1,3.42,13,12.58,95.54,19.19,29.17,29.96,452,,
0.206126913,6-15-2016,7,0.64,8.96,24.86,23.31,93.04,8.08,29.03,29.82,968.75,,
0.394485864,7-18-2017,6,0,10,19.11,14.52,66.59,0,29.28,30.07,310.5,,
0.768524475,08-10-2017,6,0.01,9.54,16.73,14.83,83.89,0.38,29.34,30.13,126.85,,
0.943082894,07-03-2016,10,1,7.84,16.73,16.27,94.28,7.8,29.27,30.06,517.25,,
0.371604394,05-03-2017,11,1,10,10.31,4.62,62.92,9.04,29.35,30.15,666,,
0.298324705,1-22-2017,17,1,4.89,7.41,6.85,93.62,17.8,28.79,29.57,0.3,,
0.548847187,2-18-2017,6,0,10,5.47,3.61,81.68,8.4,28.97,29.76,12.6,,
0.496856651,7-24-2016,7,0,3.25,26.51,24.4,91,7.5,29.16,29.98,736.5,,
0.351626198,9-28-2017,9,0,10,17.13,10.76,65.68,2.68,29.42,30.22,2993.5,,
0.097938524,11-18-2016,8,0,10,16.12,10.06,65.52,19.04,29.09,29.88,1271.75,,
0.424261126,07-04-2016,7,1,0.63,18.68,18.86,98.89,5.55,29.11,29.91,201.75,,
0.498429556,5-24-2017,10,1,3.96,14.43,14.16,93.72,9.21,28.75,29.54,619.75,,
0.419129357,8-19-2016,12,0.56,7.08,27.15,23.71,76.15,8.15,29.16,29.95,3352.25,,
0.997619579,10-02-2016,17,0.16,10,18.91,13.45,65.4,3.16,29.28,30.07,813.75,,
0.450429945,05-01-2017,17,1,10,9.88,7.35,80.72,26.4,28.82,29.6,719.5,,
0.089059613,8-20-2016,13,0.63,10,26.05,21.82,74.32,14.32,28.9,29.69,3076.25,,
0.28920161,07-08-2017,7,0.28,10,22.01,18.26,79.64,7.32,29.23,30.02,1020.25,,
0.561486927,8-13-2017,7,0,10,18.14,15.54,77.6,1.8,29.29,30.08,827.75,,
0.31134645,07-02-2016,8,0,10,16.05,12.12,76.08,6.08,29.37,30.17,687,,
0.959708136,03-06-2017,13,1,8.92,14.28,13.38,90.96,23.28,29.11,29.9,324.5,,
0.356096617,03-06-2017,12,1,4.92,13.59,13.2,93.84,22.96,29.14,29.93,470.75,,
0.406687377,4-20-2016,9,1,10,19.69,11.39,58.84,14.36,29.27,30.06,2109.75,,
0.083490444,01-11-2017,14,1,0.25,7.67,6.7,99.7,14.03,28.9,29.69,256.75,,
0.471494552,05-12-2017,8,0,10,15.96,9.8,67.12,6.8,29.16,29.95,0,,
0.864303243,05-02-2016,7,1,7.8,9.09,7.82,90.44,11.48,29.21,30,220.5,,
0.842392064,05-12-2016,15,0.14,10,20.3,13.28,61.8,14.6,29.17,29.96,1568.25,,
0.676936111,02-03-2016,13,1,9.74,1.58,0.39,88.58,21.59,29,29.79,310,,
0.205436466,02-04-2017,12,0.73,10,0.16,-11.01,41.2,18.76,29.48,30.28,1777.25,,
0.548987175,09-03-2017,11,0.01,10,26.04,14.96,49.24,1.08,29.26,30.05,4354.5,,
0.767243303,05-10-2016,15,0.31,10,20.92,16.46,75.88,12.16,29.09,29.88,1545.25,,
0.774959135,05-03-2016,17,1,10,17.22,6.6,47.6,10.04,29.07,29.86,1131.5,,
0.620768553,07-09-2017,15,0.54,10,30.08,20.12,54.2,9.08,29.2,29.99,3110.75,,
0.496462304,12-04-2016,9,1,6.85,1.56,-0.03,84.56,9.55,29.27,30.07,223.75,,
0.063095363,3-30-2016,6,0.59,10,5.65,1.3,71.96,10.92,29.2,29.99,8.63,,
0.384457916,05-07-2017,9,0,10,11.86,-0.7,40.88,6.6,29.26,30.05,3676.75,,
0.664729546,04-04-2017,17,0.55,10,12.35,8.76,76.8,6.68,29.09,29.88,764,,
0.230113442,11-24-2016,9,1,7,4.24,2.66,88.72,8.08,29.42,30.22,187.5,,
0.20506866,9-22-2016,14,0,10,31.93,14.25,33,6.76,29.22,30.01,2469,,
0.194819474,11-22-2016,10,0,10,4.77,-0.57,69.92,12.2,29.51,30.31,3167,,
0.011969509,01-07-2017,10,0.31,10,-11.38,-15.37,68.08,8.32,29.77,30.57,927.5,,
0.045517531,04-01-2016,16,0.91,10,9.57,5.11,75.41,19.12,29.03,29.82,1641.5,,
0.844777118,2-26-2017,14,0,10,9.02,-7.8,27.68,26.56,29.24,30.03,1705.5,,
0.83271955,5-17-2017,7,0.56,10,24.44,17.89,64.16,20.12,29.03,29.82,1004.25,,
0.79872716,03-03-2016,11,1,2.84,2.17,0.48,95.88,7.72,29.21,30,580.25,,
0.006861376,06-11-2016,8,0,10,28.43,21.6,66.12,10.52,29.22,30.01,2204.5,,
0.940410311,6-28-2017,17,0.14,10,28.1,17.82,52,18.12,29.1,29.89,695.5,,
0.334755363,06-08-2017,16,0,10,27.44,5.76,24.04,3.2,29.11,29.9,3032.75,,
0.412806978,2-22-2016,15,0,10,8.11,-0.06,55.92,4.28,29.29,30.08,2439.25,,
0.223412531,10-11-2016,11,0,10,23.09,9.96,43.2,8.92,29.4,30.2,2944.25,,
0.105016497,11-23-2016,17,1,2.12,8.11,7.98,97.46,5.96,29.14,29.93,0,,
0.677818145,6-25-2016,9,0,10,28.14,22.48,71.16,9.68,29.32,30.12,3098.25,,
0.30390843,11-13-2016,9,0,10,6.48,0.93,64.8,9.64,29.46,30.26,3514.5,,
0.134360677,08-03-2017,11,0.73,10,29.06,21.29,60.52,10.32,29.19,29.98,3959.5,,
0.320378652,6-29-2017,8,0,10,26.44,18.94,62.32,14.92,29.08,29.87,742.75,,
0.950606162,02-07-2016,14,0.28,10,8.98,2.42,62.4,18.88,29.01,29.8,2008.25,,
0.012947341,10-25-2016,9,0.14,10,9.53,5.39,75.8,7.72,29.62,30.42,1061.5,,
0.400475849,08-10-2016,17,0.56,10,30.16,22.99,59.23,1.7,29.24,30.04,1300.75,,
0.639073368,8-27-2016,11,0.43,10,28.65,24.13,74.64,7.28,29.29,30.08,4079.25,,
0.432136756,7-16-2017,10,0,10,27.1,21.15,66.44,4.72,29.23,30.02,3884,,
0.970438647,6-25-2016,6,0,9.84,21.91,19.67,86.16,5.04,29.31,30.11,241.5,,
0.94492858,4-26-2017,10,0.62,10,25.05,13.45,45.84,24.96,28.74,29.52,3613.25,,
0.810556285,11-20-2016,8,0,10,-2.85,-5.96,77.04,9.4,29.57,30.37,1820.75,,
0.6379998,5-15-2017,15,0,10,29.91,13.54,33.88,14.8,29.11,29.9,3803.5,,
0.889071222,8-14-2016,6,0,9.88,18.91,19.37,92.2,0,29.25,30.04,100.1,,
0.388338485,9-18-2016,12,0,10,26.96,11.86,37.4,4.6,29.2,29.99,4308.5,,
0.402451747,5-30-2017,9,0.14,10,22,8.9,41.84,15.8,29.24,30.03,3577.75,,
0.101334075,6-14-2017,16,0.28,10,28.55,21.5,60.16,16.2,29.07,29.86,1149.5,,
0.235520659,5-16-2016,12,0,10,18.27,3.63,36.04,10.8,29.37,30.17,3570.25,,
0.332572053,02-07-2017,10,0.97,10,16.2,13.41,79.73,17.15,28.62,29.4,1207.25,,
0.630531486,07-12-2017,9,0,10,28.91,24.29,73.68,11.44,29.18,29.97,2986.5,,
0.625070633,1-14-2017,14,1,3.44,-0.12,-0.52,95.72,6.72,29.63,30.43,447,,
0.349489186,11-06-2016,16,0,10,16.61,8.15,52.68,4.2,29.51,30.31,117.55,,
0.921707214,2-19-2017,15,0,10,19.47,6.86,42.72,4.48,29.28,30.07,2258.75,,
0.860832451,7-21-2016,15,0.12,10,32.01,26.82,72.8,9.4,29.26,30.05,2805.5,,
0.705247846,5-27-2017,10,1,9.84,18.73,17.49,87.96,5.08,29.13,29.92,1221.75,,
0.740166921,7-19-2016,14,0.44,10,30.22,23.3,65,5,29.39,30.21,3532.75,,
0.553480096,10-22-2017,12,1,10,21.72,17.01,75.6,16.84,29.17,29.96,682.5,,
0.365244869,04-08-2017,12,0,10,17.99,4.15,38.88,18.64,29.21,30,4645.25,,
0.12093788,4-29-2017,13,1,8.56,12.73,11.43,92.78,18.48,29.21,30,1159.25,,
0.527678462,7-19-2017,13,0.81,10,31.17,24.98,67.36,4.76,29.31,30.1,2746,,
0.682970192,4-26-2017,6,0.59,10,19.06,13.96,69.16,17.16,28.74,29.52,62.95,,
0.131313863,07-08-2017,14,0.44,10,27.33,14.53,45.28,10,29.25,30.04,4138.5,,
0.554083024,1-28-2017,15,0.99,10,1.56,-1.56,78.41,15.84,29,29.79,489.5,,
0.775545831,11-06-2016,17,0,10,13.71,8.59,66.4,0.28,29.51,30.31,0,,
0.956170622,03-01-2016,12,1,2.08,0.94,0.64,93.16,23.12,28.92,29.71,340.75,,
0.762146593,01-05-2017,9,1,7.16,-11.3,-14.02,78.19,8.07,29.29,30.08,122.43,,
0.5687332,01-11-2017,11,1,0.48,3.82,3.68,99.34,15.51,29.04,29.83,483,,
0.88899887,04-02-2017,7,0.39,8.96,7.15,6.03,89.2,6.64,29.4,30.2,210.5,,
0.335552504,05-04-2016,14,0.92,10,13.12,5.04,55.32,18.2,29,29.79,2432.5,,
0.509098108,5-22-2016,6,0,10,14.72,6.68,55.8,5.64,29.32,30.11,275,,
0.437293623,2-21-2017,10,0.92,5.72,13.94,12.87,93.56,3.12,29.17,29.96,700.5,,
0.590423151,8-15-2017,15,0.63,10,30.14,21.31,58.12,5.04,29.13,29.92,3400.25,,
0.575067086,4-21-2017,16,0,10,13.7,3.04,49.64,16.24,29.27,30.06,1589.25,,
0.942635705,7-17-2016,14,0.14,10,28.91,24.98,79.36,13.96,29.26,30.05,3551.5,,
0.333993468,12-01-2016,13,0.92,10,4.07,0.34,74.8,13.16,29.16,29.95,418,,
0.681236587,12-28-2016,14,0.6,10,5.47,0.58,66.4,13.16,29.07,29.86,220.6,,
0.712682693,05-04-2017,7,1,8.2,8.05,7.72,95.72,21.44,29.07,29.86,82.4,,
0.323636849,2-27-2016,12,0,10,8.94,3.33,68,15.64,29.24,30.03,4638.5,,
0.69759661,09-11-2016,14,0,10,24.74,10.46,40.28,3.52,29.37,30.17,4111.75,,
0.525742623,4-23-2016,6,0,10,5.98,3.63,81.08,5.56,29.36,30.16,106.15,,
0.545904057,06-07-2017,13,0,10,25.12,5.86,28,17.96,29.27,30.06,4714,,
0.044661392,02-02-2016,11,1,7.35,5.04,3.16,86.38,21.5,28.9,29.68,274,,
0.480295552,04-04-2017,14,0.97,10,13.13,9.65,82.05,9.27,29.03,29.82,2541,,
0.206546091,7-18-2016,11,0.28,10,24.67,24.03,91.68,2.2,29.38,30.18,694.33,,
0.455019421,05-08-2017,9,0.91,10,11.61,0.03,45.08,9.8,29.35,30.14,1293.75,,
0.824275514,9-30-2016,9,1,8.5,16.68,15.61,89.58,11.47,29.29,30.09,306,,
0.333433253,9-23-2017,15,0.38,10,33.24,18.93,42.88,5.96,29.24,30.03,2834,,
0.977492555,08-09-2016,6,0.97,10,19.85,16.9,79.22,3.33,29.22,30.01,107.35,,
0.203263609,08-05-2017,14,0.01,10,24.89,13.16,45.28,6.76,29.29,30.08,2739.5,,
0.183128271,05-12-2017,17,0,10,20.88,7.81,40.04,13,29.12,29.91,1519,,
0.160280234,01-09-2017,8,0,10,-5.95,-8.52,75.92,11.2,29.54,30.34,715.25,,
0.656332887,6-18-2017,9,0.97,10,24.31,19.92,73.84,14.42,28.95,29.73,734,,
0.125611227,1-14-2017,16,1,4.96,-0.22,-1.24,91.72,8.28,29.64,30.44,46.03,,
0.708386657,09-10-2017,10,0,10,20.77,9.28,48.36,3.12,29.61,30.41,3969.75,,
0.969629674,11-05-2016,16,0,10,15.23,9.36,64.81,3.8,29.53,30.33,779.5,,
0.547080837,08-04-2017,9,0.98,10,16.15,10.86,70.24,15.58,29.2,29.99,1743.25,,
0.520938358,03-01-2017,14,1,10,5.9,2.82,77.66,31.15,28.99,29.79,1305.75,,
0.495213688,10-17-2016,8,0.75,10,21.14,18.29,80.36,15.44,28.99,29.78,792,,
0.912347906,01-10-2017,10,1,3.81,6.89,6.09,95.47,22.61,28.81,29.6,57.83,,
0.303703708,09-12-2016,11,0,10,25.34,13.52,47.12,7.08,29.34,30.13,4327.5,,
0.318461332,3-17-2017,7,1,8.31,4.08,2.24,88.12,11.42,29.24,30.03,42.17,,
0.514613961,2-16-2017,11,0,10,5.8,-4.7,47.4,11.64,29.14,29.93,3577,,
0.146875372,06-05-2016,17,0.39,10,25.43,12.08,40.4,16,28.97,29.76,1842,,
0.473486514,02-02-2016,6,0.92,5.04,2.07,0.54,89.8,14.08,29.19,29.98,0,,
0.791673688,2-15-2017,16,0,10,5.22,-6.65,41.28,15.76,29.12,29.91,735.5,,
0.501526135,12-10-2016,17,0.04,5.36,-2.68,-5.03,21.42,5.84,8.54,30.41,0,,
0.376150857,5-30-2017,16,0.44,10,24.76,4.56,19.91,13.32,8.52,29.97,2785.75,,
0.90576168,08-11-2016,15,0.01,10,32.17,25.48,64.08,10.24,29.17,29.96,3188.75,,
0.293916259,09-07-2017,11,0.82,10,20.14,9.42,49.56,9.04,29.31,30.1,3635.75,,
0.327685324,08-09-2017,17,0.01,10,25.75,13.79,44.4,2.76,29.34,30.14,1591,,
0.232155497,2-24-2016,9,1,0.63,0.23,-0.12,94.37,25.88,28.67,29.46,72.93,,
0.773236789,1-13-2017,6,0,10,-5.65,-8.3,77.84,9.08,29.84,30.65,0,,
0.562377965,7-14-2016,14,0.39,10,29.63,20.96,55.22,9.89,29.13,29.92,4186.75,,
0.803833122,9-28-2016,11,0.97,10,14.85,7.99,59.26,15.44,29.11,29.9,3884.5,,
0.545942082,3-18-2017,16,1,10,5.19,0.78,71.51,14.11,29.46,30.26,568.25,,
0.982266896,07-01-2017,17,0.28,10,27.54,13.9,41.2,10.76,29.19,29.98,649.75,,
0.946514308,10-19-2016,12,0.58,9.7,19.99,11.34,54.92,7.68,29.27,30.06,1012.5,,
0.638183856,06-03-2016,6,0,10,18.86,12.85,62.44,1.16,29.29,30.08,365.5,,
0.165249666,9-19-2017,8,1,9.41,20.47,20.35,96.3,0.29,29.17,29.96,190,,
0.926186042,11-09-2016,10,0,10,10.38,6.67,75.6,9.36,29.56,30.36,3586.25,,
0.161687393,05-11-2017,17,1,10,16.34,12.66,77.88,9.04,29.11,29.91,0,,
0.761297019,07-04-2017,15,0.98,8.4,26.67,21.49,83.86,1.8,29.27,30.06,1257.75,,
0.405169537,11-24-2016,11,1,7.04,4.29,2.86,87.64,8.24,29.42,30.22,322.75,,
0.326447193,3-15-2017,16,0.28,10,-1.18,-8.1,57.4,10.04,29.57,30.37,2970.5,,
0.098674818,6-20-2016,11,0.42,10,31.53,21.98,55.12,14.88,29.34,30.13,3823.25,,
0.796765555,8-30-2017,13,0.46,10,25.65,16.84,57.92,6.72,29.28,30.07,2423.75,,
0.338015838,07-07-2016,8,0.99,5.97,22.75,22.1,91.18,7.53,29.08,29.87,1216.5,,
0.733165885,5-25-2017,15,0.97,10,18.51,13.62,73.93,11.84,28.91,29.69,3432,,
0.260881368,4-14-2017,13,0.3,9.96,27.24,14.02,43.76,7.56,29.33,30.12,3290.5,,
0.982953769,06-10-2016,17,0,10,32.32,17.97,39.96,13.48,29.16,29.95,1590.25,,
0.253691322,1-19-2017,11,0.65,5,5.47,4.32,90.28,10.12,29.16,29.95,634.5,,
0.800550833,04-06-2017,8,0.42,10,6.32,2.37,73.76,21.52,28.99,29.78,984.75,,
0.009092302,05-10-2017,10,0,9.92,22.5,16.82,71.08,6.6,29.16,29.95,3885,,
0.076720415,1-25-2017,11,0.98,9.08,7.85,5.41,82.74,20.72,28.76,29.54,726.5,,
0.041377509,04-07-2016,12,1,10,5.93,0.23,66.92,19.12,28.95,29.74,2072.5,,
0.161848742,09-06-2016,13,0.54,10,31.91,24.28,62.36,11.28,29.3,30.09,2261.75,,
0.16717059,10-24-2016,8,0,10,11,7.12,72.72,9.84,29.56,30.36,1269,,
0.958006445,3-31-2016,6,0.9,10,15.25,14.42,91.85,20.73,28.68,29.46,1.39,,
0.692317376,10-03-2016,8,1,4.88,16.46,14.91,88.68,0.2,29.33,30.12,462.5,,
0.400502823,02-08-2016,13,1,5.19,-4.24,-7.3,75.21,16.99,28.95,29.74,694.75,,
0.818925351,5-22-2017,10,0,10,19.43,9.96,52.4,10.68,29.29,30.08,4365.25,,
0.141576847,07-02-2017,16,0.3,10,30.31,17.41,44.24,7,29.25,30.04,921,,
0.003860908,11-18-2016,12,0.91,10,20.57,15.31,69.76,22.36,29.04,29.83,394.5,,
0.359903525,8-18-2016,16,0.49,10,29.14,23.59,68.88,8.12,29.21,30,2368,,
0.535253867,10-09-2017,7,0.62,5.24,16.18,15.73,96.69,1.34,29.11,29.91,92.03,,
0.000525264,04-03-2016,10,0,10,9.77,-0.63,47.92,19.36,29.2,29.99,4376.5,,
0.741612768,3-27-2016,13,0.28,10,19.32,4.62,37.72,14.44,29.07,29.86,1887.75,,
0.434453984,3-31-2017,6,1,1.93,5.67,5.45,98.04,13.71,28.88,29.66,0,,
0.627731209,8-24-2017,6,0,10,14.03,13.75,86.4,0,29.31,30.1,72.01,,
0.830430735,06-08-2016,11,0,10,22.54,6.56,34.64,5.56,29.25,30.04,4371.75,,
0.275742073,10-03-2016,15,0.83,10,21.9,12.39,53.88,0.24,29.26,30.05,2531.5,,
0.945300781,03-11-2016,12,0,10,12.18,6.3,65.16,7.28,29.56,30.36,4209.75,,
0.332722269,1-27-2017,13,1,9.04,-2.24,-4.5,80.44,16.68,29.15,29.94,389,,
0.214563191,2-22-2017,8,1,0,10.16,10.72,99.84,5.16,29.06,29.85,963.25,,
0.29736544,02-06-2016,13,0,10,6.66,-0.11,59.92,10,29.43,30.23,4026.75,,
0.699715494,08-02-2017,15,0.46,10,28.64,17.94,49.07,3.32,29.22,30.01,1869.25,,
0.472442529,8-17-2016,15,0.3,10,28.21,23.17,70.28,7.6,29.28,30.07,3286.75,,
0.31214203,5-31-2016,7,0,10,22.05,16.42,63.64,3.72,29.21,30,489.25,,
0.019243747,4-21-2016,12,0.75,9.92,19.42,13.97,68.07,7.08,29.05,29.84,3027.25,,
0.363304707,5-15-2017,7,0,10,20.47,14.84,69.84,1.96,29.18,29.97,1108.5,,
0.3933354,9-22-2016,16,0,10,30.17,15.06,37.04,7.64,29.2,29.99,1241.25,,
0.257051078,6-13-2016,13,0,10,31.36,16.97,41,2.67,29.15,29.94,4127.5,,
0.570590358,12-30-2016,11,0.14,10,0.54,-4.78,66.68,12.04,29.34,30.13,2642.5,,
0.211805959,05-09-2016,15,1,9.88,19.61,17.55,87.84,15.16,29.08,29.87,618.25,,
0.473067187,8-16-2016,7,0.99,3.34,22.47,22.17,96.7,6.08,29.27,30.06,214.25,,
0.08282115,4-13-2017,17,0.15,10,24.21,14.75,57.45,9.48,29.36,30.15,1290,,
0.473405117,7-23-2016,15,0.19,10,30.77,25.6,72,6,29.15,29.97,2427,,
0.706223595,11-11-2016,16,0,10,9.27,2.44,59.56,16.32,29.52,30.33,54.91,,
0.533511053,10-11-2017,16,1,5.64,15.65,15.15,97.96,6.12,29.31,30.1,211.2,,
0.967674108,8-13-2017,12,0.02,10,25.24,12.72,44.04,8.2,29.26,30.05,4143.5,,
0.113309648,8-31-2017,14,0.55,10,24.8,16.6,58.08,10.04,29.28,30.07,2140.25,,
0.862330968,9-29-2016,14,0.74,10,20.65,13.09,58.36,11.72,29.31,30.11,3036,,
0.424662947,5-23-2017,14,0.75,10,20.46,11.6,54.76,6.04,28.93,29.72,2154.75,,
0.328546611,3-24-2016,8,1,7.27,14.5,14.18,97.62,15.61,28.74,29.52,90.68,,
0.669889662,4-28-2016,6,0.96,0.96,12.13,11.09,99.84,5.04,28.98,29.77,100.65,,
0.369046332,05-03-2016,15,1,10,17.96,5.98,44.72,9.32,29.09,29.88,1179,,
0.946878706,10-20-2017,16,0,10,23.52,8.92,39.24,7.72,29.31,30.1,1161,,
0.901223698,2-27-2017,13,0.91,10,13.44,2.74,48.24,9.72,29.31,30.11,2202,,
0.484886509,3-16-2016,14,0.55,10,16.32,-0.23,31.92,24.24,29.04,29.83,3874.5,,
0.468915357,10-02-2017,7,0.41,10,18.44,12.55,69,9.6,29.39,30.19,191.1,,
0.000253282,9-18-2017,6,0.82,9.92,19.67,16.74,81.24,5.68,29.31,30.1,4.28,,
0.88375862,07-04-2016,12,1,9.12,22.02,20.29,83.96,1.07,29.09,29.88,861.5,,
0.406712451,05-11-2017,8,0.84,8.76,14.06,12.26,88.11,14.67,29.1,29.89,782.25,,
0.111044078,4-29-2016,14,0.97,9.81,14.18,8.78,71,1.92,29.28,30.08,3038.25,,
0.770421795,6-13-2017,12,0.54,10,33.32,21.79,48.44,9.6,29.17,29.96,3610.75,,
0.949879346,5-25-2017,8,1,8.84,13.93,12.72,89.04,15.2,28.84,29.63,727,,
0.664995294,8-24-2016,7,0.99,8.27,22.91,22.24,94.49,8.72,29.26,30.05,106.98,,
0.332579965,2-16-2016,11,0.24,7.08,0.02,-2.79,81.16,7.08,29.05,29.84,4465.75,,
0.012030297,1-27-2017,6,1,10,-1,-2.78,83.92,13.04,29.18,29.97,0,,
0.436637651,5-25-2017,12,1,9.92,16.56,13.8,79.08,11.4,28.9,29.68,1581.5,,
0.823680407,07-11-2016,6,0,10,21.29,19.35,88.92,4.8,29.22,30.01,197.68,,
0.417959821,09-01-2016,13,0.9,10,24.26,13.91,51.84,12.28,29.35,30.14,3743.75,,
0.275040374,5-13-2016,8,0.14,10,14.48,10.25,75.08,9.72,29.3,30.09,1675.5,,
0.520038581,01-12-2017,17,1,9.92,-2.27,-3.78,88.72,13.76,29.54,30.35,0,,
0.956117765,11-05-2016,8,0,10,9.43,6.63,77.32,4.08,29.62,30.42,737.75,,
0.247758507,07-04-2016,6,1,0.4,18.3,18.52,100,5.15,29.12,29.91,66.3,,
0.099912675,08-02-2017,11,0.43,10,27.67,19.5,59.16,1.2,29.27,30.06,3835.75,,
0.004995528,5-20-2017,11,0.51,10,19.54,17.44,89.66,22.54,29.1,29.89,2785.5,,
0.513531344,02-11-2016,13,0,10,-5.77,-15.09,47.92,1.2,29.51,30.31,4464,,
0.012618267,04-02-2016,10,0.63,10,8.51,0.24,56.16,35.88,28.86,29.64,4240.25,,
0.177525633,6-15-2017,12,0,10,28.87,18.84,51.52,10.04,29.08,29.87,0,,
0.992516891,02-05-2016,10,1,10,-1.58,-4.41,75.62,8.85,29.59,30.39,1127,,
0.286639032,4-23-2017,13,0,10,21.15,-2.19,19.8,12.84,29.26,30.05,4712.75,,
0.40469356,10-12-2017,8,1,0.96,14.68,14.59,100,1.96,29.38,30.17,228,,
0.118678658,3-24-2017,6,0,10,9.91,8.59,83.72,9.24,29.25,30.04,1.82,,
0.342715258,5-26-2017,9,0,10,20.63,15.74,69.84,11.6,29.03,29.82,2936.25,,
0.471949882,5-31-2017,7,0,10,19.67,9.66,52.72,7.88,29.24,30.03,1204,,
0.268971771,08-09-2016,10,0,10,27.25,20.77,66.23,0,29.23,30.02,3348.5,,
0.76730627,3-17-2016,16,0.4,10,14.73,-4.35,25.52,19.04,29.12,29.91,1731.5,,
0.234085043,3-24-2016,6,1,4.38,14.4,13.28,93.47,5.54,28.8,29.59,0,,
0.271059337,01-01-2017,15,0,10,4.77,-3.31,52.56,7.72,29.3,30.09,827.5,,
0.804416795,01-06-2017,16,1,5.8,-13.56,-16.48,71.76,7.4,29.52,30.32,9.61,,
0.623416807,03-02-2016,14,0,10,1.9,-11.34,35.6,6.08,29.34,30.13,2462.5,,
0.738710883,04-06-2017,14,1,10,10.63,3.5,61.96,21.32,29.11,29.9,2183.25,,
0.40234797,07-11-2017,6,0.99,10,24.61,22.11,85.52,8.36,29.11,29.9,146.23,,
0.981675597,10-05-2017,16,0.85,9.54,22.16,20.55,81.38,7.31,29.29,30.08,265.5,,
0.972435116,11-29-2016,14,0.74,10,13.25,9.14,73.8,13.72,28.76,29.54,735.75,,
0.1393408,6-29-2016,12,0,10,23.45,10.74,43.36,5.24,29.34,30.14,4620,,
0.987751946,08-09-2016,14,0.75,10,29.09,19.4,53,3,29.19,30.01,2940,,
0.144152381,07-01-2017,6,0,10,20.51,19.6,92.04,4.76,29.16,29.95,114.35,,
0.751334392,07-12-2017,13,0.53,10,31.42,25.47,67.93,7.28,29.17,29.96,3452.25,,
0.290992581,07-11-2016,17,0.19,10,28.86,21.7,61,14,29.13,29.95,1912.5,,
0.893577176,09-08-2017,8,0.14,10,18.3,11.34,62.12,5.64,29.41,30.21,1694.5,,
0.723094662,8-29-2016,12,0.01,10,29.65,23.03,65.96,1.72,29.43,30.23,4124.5,,
0.115378464,03-02-2016,15,0,10,2.41,-10.84,36.36,7.72,29.31,30.11,1918.5,,
0.158342459,2-13-2017,8,0,10,-1.09,-2.53,84.84,5.64,29.57,30.37,2262.25,,
0.131793611,10-05-2017,12,0.93,7.73,22.31,20.07,80.59,6.56,29.35,30.15,2092.5,,
0.392383159,06-06-2016,16,0.43,10,28.96,6.53,24.2,18.56,28.9,29.68,2875,,
0.545200017,5-13-2017,15,0,10,26.33,9.22,32.72,12.48,29.07,29.86,3903,,
0.237010475,5-19-2017,11,1,10,14.98,12.98,91.92,11.12,29.17,29.96,1907.25,,
0.835985117,8-30-2017,8,0,9.04,20.86,18.08,83.56,8.88,29.31,30.1,1866.25,,
0.011403975,01-09-2017,16,1,10,-0.18,-3.81,73.72,13,29.42,30.22,43.43,,
0.686415867,8-15-2016,7,1,5.22,21.51,21.47,98.34,6.78,29.28,30.07,74.65,,
0.382833951,7-30-2017,7,0,10,20.1,16.98,79.2,5.4,29.41,30.21,878.25,,
0.433949181,5-29-2017,10,0,10,26.68,7.53,28.32,15.68,29.1,29.89,4248.75,,
0.118243694,09-10-2016,10,0.97,10,22.41,19.85,85.07,13.14,29.14,29.93,1429.75,,
0.969080221,10-17-2016,6,0.73,9.04,18.81,17.64,88.8,10.92,29,29.79,0,,
0.021467523,3-31-2017,8,1,4.36,5.05,4.73,94.92,15.36,28.93,29.72,259.75,,
0.484676932,11-16-2016,10,0,10,12.31,7.67,68.92,0.96,29.17,29.96,3672.75,,
0.437508884,8-29-2017,13,0.54,10,25.59,17.54,61.04,2.04,29.24,30.03,3138,,
0.889980831,05-01-2017,9,0.92,10,12.43,7.27,67.52,21.76,28.71,29.49,1466,,
0.975406256,06-07-2016,11,0.64,10,21.35,8.06,41.88,15.52,29.09,29.88,3278.75,,
0.783374661,3-21-2017,15,0.99,10,9.37,4.12,77.46,10.8,29.41,30.21,1334.75,,
0.991951698,7-28-2017,12,0.44,10,26.61,19.3,60.52,13.08,29.15,29.94,3686.5,,
0.109342001,3-17-2016,14,0.64,10,15.42,-3.28,25.68,18.72,29.12,29.91,4355.25,,
0.372654031,2-27-2016,15,0,10,11.78,3.78,56.12,16.8,29.15,29.94,2664,,
0.123442959,09-01-2017,10,0.52,10,17.37,12.01,70.12,17.64,29.32,30.12,2867.25,,
0.538168077,1-18-2017,9,1,4.34,2.36,1.97,96.81,6.57,29.41,30.21,327.75,,
0.704895594,3-20-2016,17,0.91,10,6.32,-4.24,45.4,12.52,29.36,30.16,724,,
0.993910877,09-04-2017,13,0.25,10,31.77,20.54,49.44,21.16,28.98,29.77,3718.25,,
0.517925746,11-11-2016,14,0.16,10,12.6,3.66,54.84,19.52,29.48,30.28,1791.5,,
0.008747267,5-24-2017,7,1,3.37,13.73,13.71,96.23,7.85,28.77,29.55,294,,
0.894576222,1-16-2017,12,1,0.25,4.55,4.07,98.44,8.88,29.32,30.11,562,,
0.778596752,6-24-2016,7,0,9.96,20.66,17.72,80.8,6.64,29.26,30.06,1047,,
0.924406976,4-17-2016,7,0,10,17.08,8.77,58.28,3.32,29.6,30.4,836.25,,
0.940364185,4-23-2016,13,0.29,10,18.07,8.09,50.64,2.68,29.34,30.13,4110.75,,
0.48049282,07-04-2017,10,0,10,29.68,20.81,57.56,4.08,29.29,30.08,1231.75,,
0.663702815,8-19-2017,15,0.15,10,29.57,18.31,49.6,2.68,29.16,29.95,1694.5,,
0.928853104,9-26-2017,10,0.01,10,30.8,18.16,47.32,8.76,29.22,30.01,3430,,
0.093798907,09-07-2017,12,0.76,10,20.38,8.64,46.24,12.84,29.3,30.09,2957,,
0.633490385,06-04-2016,17,0.28,10,23.6,20.28,81.47,7.23,28.97,29.76,1662.5,,
0.847149881,3-15-2017,10,0,10,-4.45,-8.79,69.6,11,29.62,30.42,1061,,
0.072861086,2-25-2017,13,0.99,10,0.23,-6.42,60.85,21.04,29.16,29.95,3712.25,,
0.276993618,4-20-2017,13,0.52,10,26.02,17.69,57.61,16.04,29.07,29.86,1232,,
0.982664055,04-08-2017,15,0,10,19.98,5.08,35.6,21.04,29.13,29.92,3961,,
0.504994261,8-24-2016,12,0.3,10,29.14,24.82,76.48,17.56,29.2,29.99,3523.75,,
0.584281668,02-07-2017,13,1,6.52,14.09,12.21,87.86,20.96,28.63,29.42,1038,,
0.664433276,10-04-2017,13,1,10,23.6,21.13,85.05,8.55,29.48,30.28,1403.75,,
0.125495597,03-11-2016,16,0,10,14.11,7.26,60.16,8.6,29.48,30.28,982.5,,
0.356385753,1-22-2017,11,0.96,3.92,8.09,7.37,95.49,10.76,28.79,29.57,3460,,
0.489529314,8-26-2016,16,0.7,10,25.55,24.55,84.04,3.48,29.29,30.08,275.5,,
0.663571528,7-17-2017,12,0,10,27.4,17.21,50.56,8.6,29.25,30.04,4700.25,,
0.11516029,10-17-2016,11,0.14,10,26.93,19.29,62.88,21.32,28.93,29.71,4024.75,,
0.79959289,2-14-2017,11,0,10,8.42,2.53,66.96,11.88,29.12,29.91,4464.25,,
0.475564975,12-19-2016,10,0,10,-13.33,-17.08,70.12,5.52,29.97,30.78,2324,,
0.819999655,3-18-2017,11,1,10,4.66,0.66,70.62,19.23,29.41,30.21,1240.75,,
0.520933866,02-07-2017,17,1,4.69,9.47,8.05,90.39,15.54,28.78,29.56,3.05,,
0.480979834,10-23-2016,17,0,10,19.77,11.55,55.56,10.76,29.19,29.98,253.45,,
0.911798102,03-12-2016,9,0.72,4.08,10.27,8.35,90.62,6.19,29.36,30.16,664.75,,
0.422435732,9-25-2017,13,0.54,10,32.02,16.33,38.08,2.68,29.17,29.96,2434,,
0.274884639,5-30-2017,14,0.73,10,24.65,4.37,26.84,14.24,29.21,30,3484.25,,
0.744574088,9-26-2017,12,0.54,10,31.98,17.06,40.16,8.44,29.19,29.98,3459.25,,
0.385811896,10-02-2016,7,1,2.65,14.56,14.92,98.85,3.62,29.28,30.07,180.5,,
0.894390224,02-07-2017,16,1,4.42,10.49,8.92,88.01,21.19,28.74,29.52,163.65,,
0.055962826,04-08-2017,10,0,10,14.98,3.83,47.44,17.28,29.26,30.05,4352.75,,
0.138507848,2-14-2016,16,1,10,-6.58,-8.22,81,14.88,29.26,30.05,102.83,,
0.857886912,5-31-2017,17,0,10,24.47,4.34,19.95,14.04,8.52,30.01,2026,,
0.176913015,7-28-2016,11,0,10,26.43,21.1,74,0,29.08,29.9,4239,,
0.751086231,10-05-2017,8,1,9.06,16.74,15.99,88.55,2.51,29.42,30.22,60.15,,
0.085389647,04-03-2016,8,0,10,4.81,-3.36,54.64,15.2,29.26,30.05,2021,,
0.356071913,11-06-2016,6,0.14,8.28,5.04,5.06,93.96,0.12,29.58,30.38,52.2,,
0.931266587,2-18-2016,17,0.65,9.92,5.84,1.58,72.28,16.84,29.29,30.08,44.48,,
0.487502012,4-14-2017,7,0,9.92,14.47,10.9,80.64,7.12,29.4,30.2,662.5,,
0.106013931,9-18-2016,8,0,10,21.76,17.76,76.64,5.56,29.22,30.01,1793.5,,
0.0119011,02-08-2017,10,0.99,1.68,0.11,-1.1,92.41,7.28,29.11,29.9,401,,
0.125167711,8-16-2016,10,0.99,9.85,25.06,22.9,84.77,3.96,29.3,30.09,1871,,
0.241375957,09-01-2017,11,0.14,10,18.74,11.75,62.84,17,29.31,30.11,3835.75,,
0.576949387,10-10-2016,12,0,10,23.44,8.45,37.16,3.16,29.51,30.31,3788.5,,
0.079723397,08-04-2016,16,0,10,30.56,22.99,57.23,5.65,29.15,29.94,3026.75,,
0.431452062,6-24-2017,7,0,10,19.3,15.08,76.52,10.32,29.22,30.01,376.75,,
0.202768389,04-10-2017,8,0.03,10,19.37,13.46,67.56,9.2,29.11,29.9,1010.5,,
0.398462356,7-17-2016,9,0.24,10,25.17,21.92,82.84,8.52,29.32,30.11,2141,,
0.312492465,5-23-2017,15,0.73,10,19.5,11.93,56.04,4.08,28.92,29.7,1728,,
0.8971346,10-12-2016,7,0,10,16.76,14.3,83.88,9.56,29.23,30.02,297.7,,
0.514858446,9-17-2017,8,0,10,24.48,19.87,74.52,6.4,29.31,30.11,1540.25,,
0.26196396,5-22-2016,12,0,10,27.54,5.7,23.68,8.6,29.26,30.05,4405.25,,
0.439271695,12-31-2016,9,1,10,4.52,-1.87,60.92,19.44,28.91,29.7,434.25,,
0.833312935,11-25-2016,9,0.92,6.32,3.93,1.82,81.24,4.12,29.55,30.35,964.5,,
0.17386003,02-05-2017,11,0,10,5.51,-2.57,57,10.36,29.26,30.05,4491,,
0.349559279,10-14-2017,9,0.14,10,22.84,16.1,64.96,13.72,29.25,30.04,1856.75,,
0.50565027,9-25-2016,7,0.13,3.13,20.44,19.4,94.12,7.31,29.3,30.1,348.75,,
0.540672491,4-17-2016,17,0,10,25.95,2.79,20.6,7.4,29.49,30.29,1697.5,,
0.522281255,4-13-2017,9,1,10,18.46,8.52,57.08,7.96,29.47,30.28,1431.5,,
0.907902378,12-02-2016,15,1,10,4.57,1.88,79.72,6.48,29.45,30.25,85.28,,
0.950343965,10-19-2016,14,1,10,18.43,12.52,63.72,6.44,29.24,30.03,206.5,,
0.31423535,4-17-2016,13,0,10,26.67,3.38,21,9.72,29.53,30.33,4716.75,,
0.826630801,5-13-2017,9,0,10,20.28,9.2,46.8,3.76,29.18,29.97,3400.75,,
0.399791723,4-27-2017,17,1,10,10.13,6.34,75.8,9.8,29,29.79,740.25,,
0.46460804,02-06-2017,15,1,0.1,6.5,6.47,99.56,9.44,29.01,29.8,179.53,,
0.473143801,06-01-2016,6,0.92,9.88,19.96,18.89,89.88,6.72,29.18,29.98,188.25,,
0.309787715,5-24-2016,17,0.29,10,27.44,13.41,39.04,14.72,29.18,29.97,1576.5,,
0.421209729,10-23-2017,12,1,10,12.42,11.27,91.92,9,29,29.79,193.25,,
0.283206004,10-06-2017,13,1,10,21.6,19.74,87.72,5.76,29.19,29.98,942.25,,
0.357990391,3-24-2017,16,0.97,10,22.99,13.64,54.48,19.8,29.19,29.98,1186.75,,
0.527561243,6-16-2017,12,0.14,10,29.77,19.68,52.2,8.64,29.05,29.84,0,,
0.1697454,6-24-2016,11,0.74,10,26.32,20.44,68.2,4.6,29.29,30.08,3685.25,,
0.179710776,11-03-2016,12,0.98,9.08,17.26,14.15,81.01,9.81,29.4,30.2,2215,,
0.085284768,9-26-2016,7,0,10,14.79,13.66,90,7.04,29.29,30.08,114.43,,
0.806681456,09-11-2017,14,0,10,22.59,10.2,45.16,11.56,29.36,30.16,2929.25,,
0.640734698,2-17-2016,6,0,6.36,-2.16,-3.65,89.92,6.68,29.35,30.15,12.94,,
0.62339789,01-01-2017,9,0,9.88,-1.52,-3.6,85,5.44,29.35,30.14,2172,,
0.982229925,9-23-2016,17,0.02,10,29.86,19.7,56.85,7.36,29.24,30.03,570,,
0.941639338,7-26-2016,10,0.71,10,27,19.06,59.19,6.44,29.28,30.07,3108.75,,
0.489551573,02-09-2017,15,0,10,-7.36,-12.78,62.56,8.72,29.57,30.37,128.15,,
0.695709495,09-05-2016,17,0.8,10,29.83,23.98,68.28,8.08,29.28,30.07,1111.5,,
0.571206995,07-08-2017,12,0.43,10,26.77,15.95,51.24,7.88,29.26,30.05,3891,,
0.287281128,11-16-2016,9,0,9.88,9.54,7.08,80,0.12,29.16,29.95,3087.25,,
0.761285598,5-20-2017,6,1,1.93,12.74,12.41,98.24,14.49,29.2,29.99,79.7,,
0.481362588,01-04-2017,7,0.01,10,-9.66,-12.62,75.76,18.72,29.31,30.1,148.45,,
0.484935216,09-09-2017,8,0.52,10,17.68,13.54,75.32,12.16,29.57,30.37,1814.5,,
0.417404053,10-14-2016,13,0,10,19.75,7.34,42.96,9.88,29.38,30.18,4417.25,,
0.044935101,09-01-2016,9,0,10,22.1,14.98,63.68,13,29.36,30.16,2918.75,,
0.190629372,08-10-2016,9,0,10,28.07,21.97,67.22,5,29.31,30.11,2774.25,,
0.561392595,03-10-2017,14,0,10,3.47,-15.54,23.64,16.52,29.61,30.41,4232,,
0.359519042,9-15-2016,14,0.56,10,27.71,18.9,58,4.56,29.32,30.12,3969.25,,
0.686312819,3-19-2017,10,0.28,10,7.76,0.81,61.12,4.88,29.59,30.39,4105.75,,
0.590813637,3-27-2016,15,0.65,7.76,13.2,7.84,63.68,23.84,29.06,29.85,1032.75,,
0.560304215,10-03-2017,9,1,10,22.28,17.92,73.04,15.12,29.53,30.33,628,,
0.895237249,10-23-2017,17,1,10,11.92,10.97,93.68,6.76,28.93,29.72,113.68,,
0.724915283,2-21-2017,9,1,7.92,13.17,12.22,92.76,2.8,29.18,29.97,497.25,,
0.05627728,2-27-2017,14,0.83,10,14.1,3,45.92,11.32,29.3,30.09,1762,,
0.807226922,05-09-2017,11,0.62,10,23.04,15.93,65.84,6.48,29.1,29.89,4637.25,,
0.456192995,10-19-2017,16,0,10,24.79,12.73,47.49,0.36,29.36,30.15,1529.75,,
0.521869755,8-29-2016,16,0.01,10,30.59,23.68,61.8,4.28,29.36,30.16,1943.75,,
0.62361767,3-15-2017,11,0,10,-3.44,-9.38,63.12,12.69,29.62,30.42,1680.75,,
0.860756282,9-28-2017,8,0.28,10,15,10.12,74.6,6.16,29.43,30.23,1736.75,,
0.560430803,8-27-2017,10,0.91,10,23.84,15.74,60.56,3.96,29.35,30.14,2713,,
0.969708303,10-08-2016,8,0,10,11.74,3.51,54.2,6.04,29.52,30.32,1748.75,,
0.048591421,03-08-2017,16,0,10,14.3,-3.22,29.24,18.72,29.36,30.15,1323,,
0.561313681,09-04-2016,10,0.14,10,25.46,16.23,54.8,9.04,29.4,30.2,3436.75,,
0.787534659,8-28-2017,17,0.98,7.72,18.33,18.02,91.5,8.47,29.22,30.02,29.76,,
0.42472606,12-17-2016,14,1,6.4,-2.64,-3.2,91.88,9.28,28.94,29.73,211.75,,
0.136915171,4-21-2016,14,0.73,10,20.27,13.1,61,7.04,29.02,29.81,2867,,
0.130304442,2-23-2016,17,0.01,10,6.79,-0.56,57.2,15.84,29.12,29.92,35.09,,
0.747899023,1-19-2017,17,1,5.77,5.64,5.41,95.47,14.77,28.98,29.78,0,,
0.600808399,5-15-2016,16,0,10,13.76,-2.13,32,8.2,29.36,30.15,3096,,
0.617652383,8-28-2016,17,0.45,7.54,27.86,24.13,80.94,4.35,29.35,30.15,1551.5,,
0.509310871,1-13-2017,13,0.16,10,-1.11,-4.5,74.88,14.76,29.84,30.65,1826,,
0.243520037,05-12-2016,17,0.64,10,19.34,12.44,59.56,18.28,29.18,29.97,937.75,,
0.927888939,7-16-2016,16,0,10,25.66,16.51,54,0.17,29.31,30.11,2884.25,,
0.672101393,5-15-2017,8,0,10,23.37,15.37,61.8,3.24,29.19,29.98,2358.5,,
0.491748706,6-18-2016,17,0,10,29.74,11.03,27.84,7.4,29.39,30.18,1981.75,,
0.969901973,7-14-2017,12,0.16,10,25.99,17.5,58.88,11.2,29.34,30.14,3908,,
0.794705985,9-15-2016,17,0.17,10,25.99,19.44,65,6.04,29.31,30.1,613.25,,
0.082360388,4-16-2016,10,0,10,23.09,9.43,40.16,6.92,29.47,30.27,2761.5,,
0.265664091,2-19-2016,17,0,10,13.61,4.22,51.96,15.92,29.05,29.84,53.88,,
0.531992063,06-05-2017,8,0,10,26.66,17.45,55.04,4.72,28.99,29.78,2273.75,,
0.968107362,10-06-2017,17,1,10,21.04,20.14,94.16,6.92,29.11,29.9,52.68,,
0.7967285,3-17-2017,6,1,10,4.02,0.68,79.85,8.76,29.26,30.05,0,,
0.782041448,04-02-2016,7,0.99,10,2.53,-0.43,78.16,18.32,28.95,29.74,488.75,,
0.953190663,02-05-2016,14,1,10,-0.35,-4.03,74.76,7.36,29.57,30.37,1291.25,,
0.95783455,1-20-2017,12,1,9.06,9.19,8.82,94.11,4.92,28.85,29.64,480.25,,
0.578244425,8-17-2017,14,0.43,10,29.09,20.41,57.8,13.36,29.02,29.81,3199.5,,
0.826768852,07-05-2017,6,0,7.84,22.41,21.09,90,6.28,29.31,30.11,52.7,,
0.29594569,2-19-2016,11,0,10,15.27,8.8,65.6,26.24,28.93,29.72,3390.75,,
0.323898426,5-15-2016,14,0,10,13.38,-1.54,35.28,11.12,29.37,30.17,4456.5,,
0.626533119,6-21-2016,9,0,10,25.34,15.54,52.72,9.28,29.27,30.06,3184.75,,
0.983630268,10-09-2017,16,0.24,10,27.21,15.8,49.6,1.32,29.14,29.93,1736,,
0.641004142,2-25-2017,17,0.14,10,-0.72,-7.37,59.73,15.2,29.23,30.02,69.93,,
0.258248926,10-03-2017,11,1,10,24.97,18.59,63.44,15.24,29.52,30.32,2578.25,,
0.263244433,08-09-2016,11,0,10,28.4,20.28,60.12,0.96,29.22,30.01,3939.25,,
0.436001128,10-01-2016,15,0.5,10,19.52,14.96,76.24,1.84,29.19,29.98,934.5,,
0.79545053,7-21-2017,13,0.01,10,32.48,26.32,69.36,5.36,29.18,29.97,3842.75,,
0.556160188,8-18-2016,7,0.01,7.88,23.92,23.08,92.04,5,29.3,30.09,654.75,,
0.854774698,2-27-2017,11,0.29,10,12.29,2.12,48.36,11.12,29.35,30.14,3927,,
0.241966208,6-27-2017,11,0.28,10,21.97,8.34,40.72,0.12,29.36,30.16,1575.75,,
0.168631559,12-14-2016,16,0.28,10,-5.03,-12.96,51.47,20.76,29.39,30.19,3.4,,
0.358556051,08-06-2016,14,0,10,26.8,17.8,55,8,29.16,29.98,3869.75,,
0.489140118,03-09-2017,12,0.28,10,12.48,-4.05,30.8,9.68,29.29,30.08,4245.5,,
0.22438405,02-03-2016,14,1,9.89,1.1,-0.08,87.56,22.57,29.05,29.84,256.25,,
0.992443181,04-12-2017,16,0,10,19.63,3.3,32.88,6.36,29.52,30.32,2924,,
0.725345305,8-30-2017,12,0.75,10,24.87,16.91,62.24,6.2,29.29,30.08,3329.75,,
0.801777852,02-09-2016,14,1,4.71,-7.1,-10.81,72.08,20.12,29.09,29.88,642,,
0.716190314,05-09-2016,9,1,5.23,15.16,12.53,90.11,10.34,29.13,29.93,455.25,,
0.67714242,10-19-2017,10,0,10,19.71,11.4,59.48,1.4,29.39,30.19,3462.75,,
0.538424401,6-15-2017,16,0,10,31.43,15.51,35.59,5.24,29.06,29.85,0,,
0.394004377,3-23-2017,17,1,10,8.51,0.25,53.2,14.04,29.33,30.13,120.65,,
0.234721347,5-28-2017,13,0.64,10,25.85,17.25,56.64,15.08,28.95,29.74,2340.25,,
0.96358198,10-05-2017,11,1,10,20.54,19.23,88.08,6.72,29.38,30.18,1029.5,,
0.262359307,1-14-2017,6,1,4.22,-0.92,-1.15,95.56,3.44,29.67,30.47,0,,
0.768126193,06-11-2017,9,0,10,28.45,17.06,49,20.12,29.23,30.02,3297.75,,
0.809941049,8-28-2016,6,0,7.88,22.42,22.04,95.56,2.44,29.38,30.18,171.53,,
0.461063587,3-14-2017,16,0.87,4.56,-2.81,-6.13,78.18,12.22,29.49,30.29,211.75,,
0.4959185,3-25-2017,15,1,10,19.22,13.31,64.68,15.12,29.12,29.91,566.5,,
0.049366936,10-27-2016,17,1,10,9.94,6.96,81.68,2.16,29.46,30.26,123.38,,
0.371071519,03-10-2017,13,0,10,3.41,-13.75,26.92,16.24,29.61,30.41,4715.5,,
0.605852168,2-16-2017,8,0.78,10,-1.01,-3.51,79.6,3.64,29.19,29.98,2191.5,,
0.755364581,1-30-2017,17,0.14,10,1.18,-1.52,21.89,17.36,8.52,29.77,7.93,,
0.336493137,02-12-2016,9,1,10,-4.57,-6.4,80.2,12.92,29.39,30.19,352.5,,
0.353402843,03-05-2017,9,0.65,10,11.03,1.22,52.8,18.28,29.44,30.24,3272,,
0.651088196,02-03-2017,17,0,10,-2.85,-13.02,20.47,9.68,8.54,30.49,11.93,,
0.157676325,6-15-2017,14,0.62,10,30.47,19.53,48.28,4.08,29.08,29.87,0,,
0.106986554,06-04-2017,6,0.24,10,23.36,19.28,74.52,6.6,29.15,29.94,378.75,,
0.201293186,3-19-2017,6,0,10,-2,-1.85,95.72,0,29.56,30.36,1.69,,
0.501401355,02-01-2017,9,0.01,10,2.51,-0.01,82.84,7.96,29.3,30.09,1591.5,,
0.795236981,2-14-2016,17,1,4.38,-6.6,-8.24,84.19,14,29.26,30.05,6.85,,
0.768701649,02-06-2017,7,0,7.96,-1.03,-2.25,88.84,6.08,29.2,29.99,365.3,,
0.521487866,03-02-2017,12,0.62,10,4.05,-2.83,60.81,15.76,29.51,30.31,3299,,
0.696651427,03-10-2016,9,1,9.74,9.29,7.07,85.33,12.07,29.27,30.06,506.5,,
0.551310389,11-27-2016,12,1,3.55,3.88,4.07,93.92,15.23,29.24,30.03,586.5,,
0.031178234,8-29-2016,13,0.01,10,30.25,23.22,63.64,2.76,29.41,30.21,4073.25,,
0.794246458,8-15-2017,17,0.52,10,29.43,20.74,56.36,4.4,29.11,29.9,1646.75,,
0.090273041,05-10-2017,12,0.01,10,25.9,17.86,62.64,6.28,29.12,29.91,4583,,
0.324348804,03-05-2017,10,0.31,10,14.83,1.6,42.2,19.76,29.42,30.22,4114.25,,
0.207534149,10-08-2016,12,0,10,18.07,5.12,40.52,7.8,29.49,30.29,4701.5,,
0.083061303,7-28-2017,6,0.7,10,19.9,19.62,90.96,9,29.12,29.91,141.4,,
0.673421853,8-27-2016,12,0.54,10,29.51,23.86,70.64,7.32,29.27,30.06,3481.5,,
0.842917353,7-27-2016,6,0,7,20.07,18.9,90,3,29.23,30.05,158.4,,
0.692955874,04-07-2016,15,0.99,10,6.77,-0.19,63.44,16.2,29,29.79,3170.25,,
0.644807032,10-04-2017,6,0.89,10,19.61,18.7,85.08,5.68,29.53,30.33,0,,
0.309945733,04-11-2016,6,0.87,3.28,9.27,9.53,96.79,8.47,29.1,29.89,49.08,,
0.439386822,11-17-2016,9,0,10,14.18,9.71,75.52,11.88,29.11,29.9,2792,,
0.000918691,9-29-2017,17,0,10,20.95,5.9,19.95,11.56,8.53,30.22,901,,
0.324909017,9-21-2017,15,0.01,10,33.03,21.72,49.68,4.8,29.2,29.99,1437.25,,
0.608706676,02-02-2017,16,0,10,-2.76,-9.56,59.56,10.36,29.6,30.4,240.68,,
0.582503023,3-17-2016,6,0,10,4.13,0.87,72.72,10.12,29.13,29.92,0.78,,
0.338686911,8-26-2017,12,0,9.04,25.41,13.52,46.92,5.72,29.44,30.24,4339,,
0.837718104,4-15-2017,9,0,10,23.76,16.84,63.77,15.59,29.28,30.07,3128,,
0.265665721,5-31-2017,16,0,10,25.09,4.11,19.91,14,8.52,30,3210.25,,
0.732701535,10-09-2017,17,0.9,10,25.77,15.92,54.92,2.76,29.16,29.95,529,,
0.333326486,6-27-2017,6,0,10,14.07,12.1,86,0,29.36,30.16,76.5,,
0.738809724,03-10-2016,12,0.04,9.8,10.28,7.35,22.41,11.4,8.53,30.09,1300.25,,
0.999163909,11-04-2016,7,0.14,10,7.58,6.34,83.84,7.04,29.64,30.44,72.45,,
0.011386773,11-01-2016,12,0,10,24.71,14.74,50.56,19.04,29.17,29.96,2942.5,,
0.339774356,06-12-2017,11,0.44,10,31.34,19.99,47.64,12.76,29.22,30.01,4050,,
0.354007631,9-13-2017,14,1,10,20.9,16.6,74.72,0,28.95,29.74,1219,,
0.946568486,10-19-2016,17,1,10,16.9,12.82,73.4,8.4,29.25,30.05,20.56,,
0.764297676,6-14-2016,12,0.63,9.76,26.08,13.89,45.8,7.54,24.16,29.85,4218.5,,
0.239674778,8-28-2017,10,0,10,22.99,17.8,73.28,5.44,29.25,30.04,3066,,
0.029993126,10-22-2016,14,0,10,16.6,5.23,44.36,10.44,29.27,30.06,3747.75,,
0.275113121,11-09-2016,16,0,10,11.31,5.22,61.04,5.72,29.48,30.28,100.1,,
0.432088421,11-27-2016,9,1,0.24,2.43,2.57,99.43,9.5,29.31,30.11,427.75,,
0.946972437,10-19-2016,16,1,10,17.51,12.67,69.72,7.44,29.24,30.03,139.45,,
0.09145128,2-26-2017,7,0.7,10,-4.43,-7.44,76.76,9.28,29.3,30.09,713.5,,
0.059212036,08-05-2016,17,0.08,10,27.11,22.98,74.33,5.33,29.12,29.91,1583.5,,
0.116240638,11-09-2016,6,0,8.4,4.19,3.63,88.88,10.32,29.52,30.32,40.2,,
0.516489225,6-17-2016,10,0,10,26.57,16.24,49.84,9.84,29.26,30.05,3886.5,,
0.562246795,1-30-2017,8,0,9.88,-9.04,-8.59,88.64,3,29.25,30.04,232.5,,
0.772252795,8-19-2017,9,0,10,25.26,19.08,69.68,3.56,29.17,29.96,2627.5,,
0.663751064,7-26-2017,7,0,10,21.81,18.79,84.2,6.04,29.31,30.11,896.75,,
0.458327306,11-26-2016,9,0.14,5.04,3.94,3.18,90.16,6.36,29.59,30.39,2638.25,,
0.147503049,10-23-2017,6,1,5.12,11.83,11.34,97.04,17.96,29.02,29.81,0,,
0.087092766,7-17-2017,14,0.75,10,28.25,17.94,49.24,5.68,29.22,30.01,4321.75,,
0.792522657,8-31-2017,13,0.64,10,24.6,17.44,61.92,11.56,29.29,30.08,2987.25,,
0.368419294,03-08-2017,17,0,10,12.7,-2.02,35.32,11.6,29.35,30.15,196.48,,
0.491005334,3-30-2017,9,0.99,3,12.34,11.04,98.44,10.36,28.85,29.64,340.5,,
0.762227382,8-14-2017,14,0.15,10,28.33,17.51,48.84,3.48,29.06,29.85,2787,,
0.5759243,09-05-2016,7,0.39,10,21.8,19.86,89.88,6.76,29.36,30.15,534.75,,
0.226347184,05-06-2016,16,0,10,26.08,6.85,26.68,12.28,29.09,29.88,2802.25,,
0.865006128,07-09-2017,13,0.72,10,29.5,17.78,49.28,9,29.24,30.03,4054.25,,
0.809481016,12-06-2016,6,1,5.73,1.52,1.01,93.97,5.5,28.95,29.74,0,,
0.423636694,04-07-2016,7,0.98,10,3.99,1.06,78.88,23.12,28.9,29.68,460.75,,
0.578240665,05-06-2017,17,0.31,10,15.22,5.82,51.92,13.76,29.06,29.85,1590.75,,
0.880560821,5-17-2017,9,0.45,10,26.59,16.94,53.4,23.6,28.99,29.78,3038,,
0.77172882,07-11-2016,12,0.41,10,29.65,23.87,65,13,29.22,30.01,3180.25,,
0.069610781,07-05-2016,9,0.74,10,25.32,22.06,80.4,4.76,29.16,29.95,2483.75,,
0.885599607,4-28-2016,17,1,10,17.53,13.83,76.37,9.32,29.12,29.91,449,,
0.972563214,3-27-2017,9,0.74,9.96,11.67,10.41,88.44,7.48,29.16,29.95,573.25,,
0.124646717,07-05-2016,8,0.97,10,24.68,21.74,81.77,2.96,29.15,29.94,1194,,
0.549483198,06-10-2017,9,0,10,26.81,13.64,43.8,18,29.17,29.96,3388.25,,
0.127415747,1-22-2017,16,1,2.75,7.7,7.47,95.77,14.07,28.78,29.56,73.05,,
0.101324151,7-14-2016,8,0,10,23.44,21.15,84,9.92,29.17,29.96,1360.5,,
0.465324982,5-21-2016,15,0,10,25.13,3.56,24.48,16.2,29.28,30.07,3606.75,,
0.054086465,11-30-2016,14,1,10,3.48,0.26,76.84,14.76,28.88,29.66,164.75,,
0.027780654,8-30-2017,17,0.02,10,24.47,16.05,21.06,6.96,8.53,30.06,1609.5,,
0.617954585,10-06-2017,8,1,3.74,19.94,19.48,96.84,5.76,29.27,30.06,52.73,,
0.234236217,10-05-2016,12,0.24,10,26.73,17.25,53.92,12.08,29.19,29.98,3637.75,,
0.362030161,1-15-2017,15,0.91,7.04,1.2,-0.21,88.49,6.08,29.54,30.34,136.1,,
0.571832242,5-22-2016,15,0.29,10,28.85,5.7,22.28,12.8,29.2,29.99,3558.5,,
0.511344061,6-15-2017,6,0.04,10,21.11,19.77,87.84,8.04,29.12,29.91,0,,
0.758083453,6-23-2017,14,0,10,27.26,14.37,44.64,13.96,28.96,29.75,1180.5,,
0.719227061,09-09-2016,15,1,8.4,25.04,22.78,88.52,4.48,29.09,29.88,285.5,,
0.346238525,10-14-2016,12,0,10,18.83,8.38,49,10.48,29.41,30.21,4532.25,,
0.132256342,9-23-2016,15,0,10,31,19.7,51.33,7.68,29.23,30.02,2847.75,,
0.897212494,5-28-2016,13,0.01,10,25.6,20.26,69,18.84,29.17,29.96,2929.5,,
0.797415648,9-18-2017,13,0.75,10,28.32,19.43,57.56,1.08,29.23,30.02,3466.75,,
0.377333449,9-13-2017,15,1,10,20.96,17.05,78.56,4.16,28.96,29.75,526.25,,
0.272095269,8-19-2017,17,0.52,10,28.01,18.47,52.16,3.4,29.16,29.95,1080.25,,
0.957333914,2-15-2016,14,1,2.77,-0.85,-1.11,92,6.27,29.06,29.86,653.5,,
0.110914401,05-05-2017,13,0.54,10,15.82,6.57,53.44,22.44,28.98,29.77,4516.25,,
0.687407919,08-06-2017,14,1,10,21.77,17.46,76.84,8.04,29.23,30.02,1414.25,,
0.716492704,10-28-2016,17,0,10,16.71,13.95,80.76,10.8,29.28,30.07,146.3,,
0.549495266,01-04-2017,14,0.64,10,-5.78,-10.55,66.92,14.76,29.31,30.1,1488.25,,
0.222647603,1-25-2017,6,0,9.04,5.34,3.44,89.88,8.04,28.73,29.51,0,,
0.177314114,04-06-2016,9,1,4.78,8.95,6.25,80.89,13.6,28.87,29.66,129.1,,
0.119878665,05-08-2016,9,1,8.08,11.59,9.18,85,2.24,29.21,30,706.5,,
0.970295283,12-10-2016,13,0.04,10,-2.25,-8.7,21.42,7.04,8.54,30.45,1081.5,,
0.334185112,03-02-2016,17,0.99,10,2.24,-7.6,46.72,8.12,29.31,30.1,53.77,,
0.789248183,9-26-2017,17,0,10,30.12,16.3,42.36,4.76,29.14,29.93,592.25,,
0.265018331,07-02-2017,11,0,10,28.69,15.95,44.64,8.76,29.31,30.1,1512,,
0.778684472,07-08-2016,7,0.45,10,24.42,23.06,89.04,5.68,29.11,29.9,965.25,,
0.893583441,05-04-2016,16,0.92,10,12.56,5.13,56.44,13.96,29.03,29.82,937.75,,
0.270833165,7-27-2017,6,1,9.04,23.41,23.42,97.84,2.84,29.15,29.94,271,,
0.463324314,07-03-2016,13,1,8.84,17.8,17.34,96.84,8.04,29.24,30.03,567.25,,
0.209664315,8-24-2017,9,0,9.04,22.81,14.75,59.08,6.64,29.31,30.11,3012,,
0.505162616,10-05-2016,6,0.65,10,18.61,16.02,83.76,8.84,29.18,29.97,0.29,,
0.313765433,2-29-2016,7,0,10,0.35,-0.63,88.8,8.68,29.2,29.99,1114.5,,
0.090736816,03-03-2016,14,1,1.89,3.37,1.74,95.78,6.81,29.16,29.96,425.5,,
0.985797374,7-26-2017,13,0.54,10,29.86,23.61,69.36,5.04,29.26,30.05,3459.75,,
0.267849398,10-17-2016,16,0,10,27.75,18,51.64,22.56,28.82,29.6,1520.75,,
0.862640735,5-29-2016,10,0.62,10,26.75,16.54,53.36,12.68,29.28,30.07,3404.5,,
0.365415886,06-02-2016,14,0,10,27.58,10.38,32.8,7.16,29.24,30.03,4328,,
0.974116526,02-08-2017,13,1,1.36,-1.05,-1.6,93.33,11.46,29.13,29.93,46.93,,
0.022362021,12-13-2016,16,0,10,-7.04,-15.09,21.26,12.76,8.53,30.21,1.22,,
0.987944292,1-23-2017,16,1,10,4.35,2.98,86.96,10.84,28.97,29.76,28.59,,
0.736901778,12-29-2016,16,1,10,2.78,-2.26,68.53,19.52,29.22,30.01,24.74,,
0.266131093,04-12-2017,6,0,8,4.6,3.9,91.56,0.24,29.56,30.36,66.68,,
0.87477365,8-18-2017,8,0.14,10,22.94,18.91,75.68,10.92,29.14,29.93,1874.75,,
0.082905274,10-14-2016,15,0,10,20.43,7.18,39.64,9.2,29.37,30.17,3111.25,,
0.085198056,5-27-2017,8,1,2.3,16.5,16.53,98.23,11.45,29.11,29.91,988,,
0.322377661,3-26-2016,9,0.28,10,7.6,3.61,75.8,10,29.38,30.18,2967,,
0.795747911,03-12-2016,13,1,9.96,14.24,10,73.2,9.92,29.27,30.06,1284.75,,
0.972530428,9-26-2016,11,0,10,21.03,4.02,32.08,17,29.28,30.07,4667,,
0.1322114,5-28-2016,11,0.28,10,24.02,19.96,74.52,15.6,29.19,29.98,2289.25,,
0.70079378,3-25-2017,12,1,10,19.2,12.26,64.53,8.6,29.15,29.94,1110.25,,
0.131205049,2-28-2016,9,0,10,12.26,6.22,64.08,24.16,28.91,29.7,3573,,
0.02624958,10-17-2017,12,0,10,19.84,5.73,40.36,15.88,29.45,30.25,4517,,
0.865363079,6-27-2017,14,0.14,10,23.94,7.56,35.08,2.04,29.31,30.11,1521.25,,
0.761836769,06-12-2017,7,0,10,26.68,19.53,62.56,13.08,29.25,30.04,1049.75,,
0.200328198,7-19-2017,16,0.96,10,31.79,25.44,67.08,4.12,29.28,30.07,3039.25,,
0.862453442,05-02-2016,17,1,10,13.7,7.93,65.8,8.32,29.2,29.99,440,,
0.57893007,02-05-2017,14,0,10,7.72,-1.76,50.4,10.6,29.26,30.05,3331.5,,
0.008063687,1-19-2017,13,1,7,6.19,5.05,88.88,7.76,29.09,29.88,140.25,,
0.091106851,06-12-2016,15,0.41,10,27.57,3.95,22.23,10.33,29.27,30.07,3330.5,,
0.295650857,06-01-2016,12,0.65,10,24.15,20.42,77.92,4.48,29.19,29.98,2348.25,,
0.312477462,9-25-2017,15,0.3,10,32.24,14.38,32.4,4.84,29.14,29.93,1753,,
0.986684797,9-24-2017,11,0,10,31.28,17.58,43.8,5.64,29.29,30.08,4034,,
0.356063632,10-02-2017,14,0.29,10,28.61,10.72,32.52,12.68,29.36,30.16,3710.5,,
0.763608174,11-01-2016,16,0,10,24.19,15.83,56.56,10.28,29.16,29.95,1037.5,,
0.603788039,3-13-2017,10,1,4.04,-1.4,-2.58,88.85,13.73,29.33,30.12,52.58,,
0.393826016,3-28-2016,13,0.83,10,11.02,3.34,57.64,13.44,29.34,30.14,2452.25,,
0.523374621,2-19-2017,8,1,0.1,8.22,8.33,99.47,5.15,29.27,30.06,493.5,,
0.504885242,10-18-2016,16,0.63,10,25.94,17.88,59.28,10.64,29.01,29.8,1435.25,,
0.933441989,09-12-2017,12,0,10,24.95,10.37,40.52,16.68,29.11,29.9,4456.5,,
0.270857462,07-10-2017,8,1,8.92,21.46,17.71,76,18.24,29.09,29.88,135.75,,
0.819123656,3-19-2017,7,0,10,1.02,0.11,89.8,0,29.58,30.38,406.88,,
0.575005508,5-22-2017,12,0,10,21.65,9.16,42.72,11.76,29.24,30.03,4711,,
0.162724303,12-10-2016,8,0.04,10,-4.88,-7.86,21.7,7.32,8.54,30.55,384,,
0.736055,4-16-2017,10,0.31,10,18.15,16.94,86.88,10.52,29.21,30,804,,
0.804399388,3-27-2017,12,1,10,15.58,11.66,84.01,6.12,29.1,29.89,1388,,
0.828574907,2-20-2016,14,0,10,20.16,4.63,36.44,9.8,29.12,29.91,3505.75,,
0.151444928,5-24-2017,13,1,7.24,15.63,14.07,88.97,8.58,28.73,29.52,561.25,,
0.27879758,03-04-2016,16,0.01,10,4.48,-2.06,61.92,6.68,29.35,30.14,996,,
0.921281071,08-07-2016,10,0,10,25.73,17.02,58.22,7.22,29.29,30.08,3829.25,,
0.878749543,7-15-2017,7,1,10,18.46,16.16,80.28,2.68,29.39,30.19,788.25,,
0.16106181,08-02-2017,13,0.31,10,28.64,18.11,50.24,1.16,29.24,30.03,2761.75,,
0.327447727,07-09-2017,16,0.43,10,29.63,20.83,57.56,8.12,29.19,29.98,1972.25,,
0.422583635,2-20-2017,17,0,10,18.48,11.6,61.4,11.16,29.21,30,48.56,,
0.451823865,07-03-2016,15,1,9.96,18.66,17.93,93,9.32,29.21,30,591.75,,
0.320516926,7-13-2016,16,0.72,10,28.16,24.55,78.65,9.45,29,29.79,1155.25,,
0.719202548,11-08-2016,10,1,4.92,13.11,12.92,95.76,5.12,29.42,30.22,301.75,,
0.72983352,04-10-2016,8,1,10,5.44,-0.77,64.53,21.32,29.15,29.94,283.5,,
0.680747459,04-12-2017,10,0,10,14.76,4.94,50.44,5.64,29.6,30.4,4003,,
0.355984372,03-06-2016,16,0,10,11.92,3.99,54.92,20.24,29.24,30.03,440.25,,
0.36055896,6-13-2017,13,0.63,10,33.45,21.38,47.48,8.72,29.16,29.95,3695.25,,
0.807717441,12-05-2016,17,0,7.04,1.61,1.05,95.84,4.76,29.17,29.96,0,,
0.320274879,04-01-2017,8,0,10,5.99,3.3,79.84,8.64,29.42,30.22,1885.75,,
0.113444582,12-11-2016,15,0.08,2.11,1.52,1.38,25.17,7.8,9.3,29.84,30.32,,
0.776753232,06-01-2017,7,0,9.04,20.63,7.2,39,5,29.32,30.11,1176.25,,
0.985140875,3-23-2016,10,0.28,10,18.62,10.54,58.44,18,29.01,29.8,3780.75,,
0.032210294,09-10-2016,15,0.62,10,23.52,12.94,48.4,15.08,29.17,29.96,3715.5,,
0.40080301,09-04-2016,12,0,10,26.64,15.04,48.92,7,29.38,30.17,4079.75,,
0.164225356,04-05-2017,7,0.98,7.42,7.39,7.12,95.62,18.57,28.96,29.74,122.5,,
0.976307595,12-12-2016,8,0.04,9.92,-3.36,-5.45,22.09,12,8.53,30.08,247.75,,
0.821934301,02-12-2016,6,1,7.6,-6.22,-7.53,87.08,4.54,29.39,30.19,0.2,,
0.185786619,3-16-2017,9,0,10,0.47,-6.78,56.64,7.4,29.58,30.38,3001,,
0.02357217,11-11-2016,15,0.53,10,11.04,2.37,53.72,18.76,29.51,30.31,536.75,,
0.330400102,3-23-2016,14,1,10,18.43,10.61,59,15.2,28.96,29.75,809,,
0.167183301,04-12-2016,12,0,10,9.36,-3.22,41.08,5,29.56,30.36,4705.75,,
0.527409076,06-03-2017,8,0,10,26.7,17.12,52.56,2.12,29.27,30.06,2096,,
0.132257329,9-24-2016,8,0.9,3.27,21.87,20.17,89.08,7.08,29.36,30.16,893.25,,
0.44624453,7-24-2017,17,0.16,10,25.45,17.79,59.44,11.24,29.23,30.02,2078.25,,
0.782723392,02-07-2017,9,0.99,9.96,15.44,13.86,87,14.76,28.62,29.4,782.5,,
0.756380643,12-04-2016,17,1,3.53,0.51,0.94,99.68,6.36,29.1,29.89,0,,
0.035763926,3-29-2017,6,1,7.96,8.44,7.44,94.64,16.88,29.36,30.16,5.38,,
0.094136615,9-14-2016,8,1,7.8,21.18,20.17,92.88,6.72,29.42,30.22,634.5,,
0.353448812,2-18-2016,7,0.14,4.32,-0.52,-1.52,89.96,9.4,29.57,30.37,391.5,,
0.230957508,11-02-2016,16,0.9,10,22.76,19.51,88.89,6.28,29.3,30.09,442.25,,
0.082922385,01-08-2017,6,0,10,-18.06,-19.08,82.84,3.72,29.9,30.71,0,,
0.515896092,1-21-2017,7,0.7,1.6,6.97,6.48,98.28,6.52,28.77,29.55,91.64,,
0.661137355,03-04-2017,12,0,10,9.2,-3.1,42.92,15.6,29.61,30.41,4728.5,,
0.156315084,01-10-2017,11,1,10,8.73,7.67,96.15,26.71,28.76,29.54,107.35,,
0.178885227,10-19-2017,6,0,10,10.98,9.39,89.84,4.6,29.34,30.14,0,,
0.155448764,3-25-2017,16,1,10,17.23,14.78,80.88,11.28,29.13,29.92,364,,
0.064539989,4-23-2017,11,0,10,18.75,-0.06,27.36,13.32,29.29,30.08,4713.75,,
0.040037716,8-31-2016,11,0.78,10,27.2,22.72,75.84,5.88,29.24,30.03,2823.25,,
0.89627145,6-25-2017,11,0.73,10,22.85,8.92,40.84,12.72,29.36,30.16,1556.25,,
0.452875136,4-20-2016,16,0.74,10,17.07,11.62,68.4,10.96,29.19,29.98,617.5,,
0.65704459,11-27-2016,13,1,3.32,4.57,4.08,93.8,12.84,29.21,30,670.25,,
0.78770455,9-21-2016,13,0,10,31.29,14.92,35.56,2.2,29.36,30.16,4233.5,,
0.537646429,05-11-2016,8,1,1.37,17.66,17.57,99.68,4.6,29.25,30.04,1298.25,,
0.759022184,9-27-2017,17,0,10,20.54,9.98,49.56,9.04,29.31,30.11,526,,
0.615433183,06-01-2017,16,0,10,27.27,2.85,19.2,2.92,29.24,30.03,3074.25,,
0.692102311,2-18-2016,15,0.39,9.96,7.19,1.8,67.24,20.24,29.37,30.17,1408.5,,
0.162992351,10-06-2016,11,0.64,10,27.53,18.59,57,2.32,29.31,30.11,2013.25,,
0.867277717,8-18-2017,7,0,10,21.01,18.73,82.52,6,29.12,29.91,690.5,,
0.239594977,2-14-2016,15,1,6,-6.62,-8.43,84,16.74,29.27,30.06,562.25,,
0.003579157,10-12-2017,12,1,9.84,17.41,15.31,87.4,1.32,29.35,30.14,751.5,,
0.138494458,3-16-2017,16,0,10,6.95,-4.1,43.52,9.48,29.44,30.24,2966.5,,
0.129570089,1-19-2017,14,1,3.87,5.82,5.16,93.34,7.11,29.07,29.86,104.5,,
0.737818027,10-12-2016,15,1,7.5,17.23,16.73,93.61,15.82,29.22,30.01,540,,
0.586011558,8-23-2016,13,0.01,10,26.16,17.97,58.08,9.36,29.39,30.19,4209.75,,
0.3392557,4-20-2016,10,1,9.96,21.77,10.99,49.28,12.08,29.26,30.05,2151.25,,
0.012914363,02-12-2016,14,1,10,-2.96,-8.59,63.07,23.04,29.39,30.19,1646.25,,
0.155656028,09-12-2016,15,0,10,26.68,13.65,42.84,9,29.27,30.06,3435.75,,
0.180985247,10-11-2016,9,0,10,19.56,11.06,57.48,8.24,29.44,30.24,2462.75,,
0.870886571,5-24-2016,13,0.43,10,25.32,7.19,25.74,13.85,29.19,29.99,4259,,
0.829719059,8-15-2016,8,1,5.57,21.84,21.87,97.86,7.96,29.27,30.07,96.2,,
0.289321101,02-05-2017,9,0,10,2.26,-3.28,67.84,11.44,29.22,30.01,3232,,
0.733119266,10-13-2016,10,0,10,10.81,4.04,59.64,3.16,29.54,30.34,4051.75,,
0.834151374,09-02-2017,15,0,10,23.23,9.36,40.4,5.68,29.2,29.99,3812,,
0.637859393,07-07-2016,7,0.75,6.24,21.86,21.85,92.8,2.96,29.09,29.88,778.25,,
0.947643545,7-29-2017,14,0.28,10,24.94,13.74,47.12,9.4,29.31,30.11,4613.25,,
0.051743206,2-26-2016,12,1,10,1.32,-5.04,61.88,9.52,29.48,30.28,2671.75,,
0.622424122,9-24-2016,12,0,10,29.92,20.14,56.08,3.72,29.33,30.12,4148,,
0.577154534,10-06-2017,12,1,9.04,21.3,19.93,90.84,5.44,29.21,30,642.75,,
0.496717326,04-11-2016,15,0,10,10.03,0.07,49.28,19.72,29.2,29.99,3364.5,,
0.085504135,2-29-2016,16,0,10,14.09,2.68,20.83,16.2,8.52,29.93,1135,,
0.635064275,01-08-2017,7,0,10,-18.42,-19.35,83,5,29.92,30.73,114.98,,
0.871182513,4-25-2016,6,0.41,10,17.23,12.01,68.28,9.8,29.03,29.82,79.47,,
0.651744097,8-29-2016,11,0,10,28.9,22.42,68.08,4.04,29.44,30.24,3732,,
0.395957369,08-06-2016,6,0,10,19.74,17.99,81.24,6,29.2,29.99,180.05,,
0.022638667,06-06-2017,13,0,10,25.57,8.14,31.92,16.08,29.18,29.97,4717.5,,
0.008531744,03-12-2016,12,1,8.04,13.64,10.08,77.69,7.69,29.3,30.09,959,,
0.377922772,12-18-2016,8,0,10,-14.92,-17.28,79.84,15.04,29.59,30.39,957.5,,
0.473413636,08-03-2017,8,0.42,10,24.81,21.72,80.92,5.2,29.23,30.02,1741.75,,
0.286358778,04-07-2017,6,0,10,1.8,-0.76,79,12.24,29.31,30.1,26.93,,
0.553362508,2-17-2016,15,1,9.92,1.4,-2.43,78.43,5.77,29.49,30.29,275,,
0.276439614,08-08-2017,10,0,10,24.2,11.32,44.04,6.68,29.42,30.22,3952.5,,
0.622476637,12-18-2016,7,0,10,-14.67,-16.62,79.84,16,29.53,30.33,136.39,,
0.091360357,09-08-2016,17,0.01,10,24.81,23.35,88.84,4.4,29.12,29.91,476,,
0.891595038,06-04-2016,8,1,4.13,17.03,17.05,95.37,9.51,29.11,29.91,98.25,,
0.13080765,1-13-2017,17,0.5,10,-1.26,-3.97,81.6,14.32,29.83,30.63,0,,
0.691862018,4-25-2017,10,0,10,23.4,10.94,43.56,15.28,28.92,29.7,3804,,
0.699577272,10-12-2016,8,0.14,10,18.73,14.5,73.96,12.2,29.23,30.02,1111,,
0.083669742,04-03-2017,16,0.82,10,17.56,16.13,91.12,15.26,28.59,29.37,1409.5,,
0.028749434,6-30-2016,11,0.01,10,24.85,15.08,55.2,7.36,29.25,30.04,3306.5,,
0.181655356,2-18-2016,14,0.82,9,7.19,2.06,68.2,22,29.4,30.2,2528,,
0.36243117,01-02-2017,11,1,0.66,5.61,5.4,99.47,9.54,29.21,30.01,559.75,,
0.508508232,12-31-2016,6,0,10,2.78,-3.24,60.6,15.4,28.89,29.67,0,,
0.101361535,10-25-2017,12,1,10,8.91,3.79,71.2,6.76,29,29.79,1153,,
0.533107993,11-11-2016,9,0,10,10.98,5.55,69.36,14.2,29.42,30.22,1897.25,,
0.012636118,9-13-2017,16,1,10,20.69,17.04,78.68,5.36,28.97,29.76,554.25,,
0.673623715,8-25-2016,9,0.38,10,25.88,22.44,80.84,8.96,29.28,30.07,2809.75,,
0.045796819,05-02-2017,10,0.64,10,12.69,6.74,68.72,21.6,29.02,29.81,3586,,
0.097695568,4-16-2017,6,0.82,10,15.43,15.44,96.72,10.76,29.16,29.95,7.29,,
0.337739435,09-10-2016,17,0,10,21.35,12.57,53.52,11.8,29.22,30.01,1378,,
0.932549641,5-18-2017,13,0.44,10,31.08,15.64,37.04,19.56,29.06,29.85,3589.25,,
0.128480274,08-03-2016,15,0.22,10,30.22,22.01,56.52,4.53,29.23,30.02,3087.25,,
0.459278383,12-29-2016,15,1,10,3.38,-2.15,67.41,18.51,29.21,30,106.3,,
0.292018496,02-01-2017,14,0.56,10,4.99,-3.15,55.41,13.15,29.31,30.11,3065,,
0.538616902,7-18-2017,17,0,10,28.98,18.84,50.12,4.4,29.27,30.06,1939.75,,
0.502972529,7-15-2016,15,0.28,10,25.76,18.04,60.4,9.24,29.24,30.03,3932.5,,
0.427407539,04-07-2017,14,0,10,12.85,-2.31,34.28,13.4,29.31,30.11,4713.75,,
0.056388712,1-15-2017,17,1,5.64,0.63,-0.04,91.88,5.76,29.51,30.31,0,,
0.294887668,7-20-2017,13,0,10,31.42,25.95,72.24,8.52,29.19,29.98,4357.5,,
0.008015426,8-24-2017,10,0,10,24.06,13.08,48.52,7.04,29.3,30.1,3736.25,,
0.295065025,3-19-2016,16,1,10,7.07,-0.48,55.92,9.04,29.33,30.12,291,,
0.493602973,1-31-2017,17,0.02,10,3.81,0.58,21.89,8.4,8.52,29.94,1.66,,
0.972961026,03-09-2017,6,0,10,0.8,-3.62,72.69,6.2,29.34,30.14,150.34,,
0.783092671,12-30-2016,14,0.83,10,2.43,-3.7,64.28,11.8,29.27,30.06,1895,,
0.743060158,10-18-2017,9,0,10,16.3,7.56,56.64,9.48,29.42,30.22,2808.25,,
0.218959772,10-28-2016,16,0,10,18.03,14.39,76.4,12.72,29.28,30.07,999,,
0.043328892,5-22-2017,15,0.14,10,22.13,8.65,38.84,13.84,29.2,29.99,3944.25,,
0.028863643,3-22-2017,17,0,10,4.46,-4.82,50.56,13.12,29.64,30.44,1552.75,,
0.987094679,2-22-2016,8,0,10,1.3,-1.34,80.92,7.4,29.37,30.17,2398.25,,
0.49014753,10-12-2016,12,1,9.04,19.93,17.65,82.85,11.88,29.22,30.01,821.5,,
0.848061102,6-18-2016,15,0.21,10,29.95,13.52,33.17,9.12,29.39,30.19,3673.25,,
0.465217213,10-20-2016,12,1,10,15.03,13.76,89.54,9.69,29.29,30.08,989.5,,
0.038210832,05-09-2017,6,0.82,10,11.05,8.89,79.28,8.52,29.12,29.91,69.23,,
0.600743865,4-29-2016,7,0.92,4.62,10.78,9.65,86.73,8.42,29.26,30.05,264.25,,
0.698853252,8-22-2016,11,0.43,10,24.12,15.64,56.8,2.56,29.41,30.21,4041,,
0.7062138,06-02-2017,12,0,10,28.46,5.44,22.08,2.88,29.3,30.09,4655.75,,
0.731910478,8-28-2017,14,0.53,10,27.16,16.76,53.04,6.52,29.18,29.97,3398.25,,
0.745708922,10-22-2017,11,1,10,22.1,16.75,71.44,20,29.17,29.96,1624.75,,
0.663482881,02-07-2016,10,0,10,5.85,0.49,66.92,19.24,29.11,29.9,3874.25,,
0.783151426,2-24-2017,6,0.41,10,15.11,13.98,86.88,22.32,28.68,29.46,22.65,,
0.103564326,10-08-2016,10,0,10,15.9,3.81,44.28,9,29.51,30.31,3973,,
0.817853383,08-07-2017,7,0.92,10,19.62,17.71,86.04,6.52,29.22,30.01,465.5,,
0.824358877,10-04-2017,8,1,10,22.42,19.29,80.04,7.44,29.54,30.34,266,,
0.384523207,05-06-2016,13,0.89,10,23.03,5.02,30,6.72,29.17,29.96,4008.25,,
0.450630824,5-18-2017,12,0.43,10,30.54,17.14,42.68,18.72,29.06,29.85,4224.5,,
0.685265462,11-27-2016,8,1,0.24,1.97,2.44,99.84,8.08,29.31,30.11,317.75,,
0.351551681,03-02-2017,10,0.52,10,2.1,-2.35,71.68,16.64,29.5,30.3,4565,,
0.351311103,11-26-2016,13,0.65,10,8.53,5,75.97,12.41,29.51,30.31,1975.5,,
0.766101767,8-28-2017,6,0.91,9.96,17.72,17.07,91.8,1.16,29.26,30.05,41.38,,
0.028643248,7-21-2017,6,0.31,10,23.13,22.04,94.68,5.68,29.22,30.01,103.25,,
0.723732641,07-08-2017,13,0.29,10,27.11,15.19,47.28,8.6,29.25,30.04,4005,,
0.01337052,7-18-2016,17,0,10,28.08,24.14,79.92,6.36,29.37,30.17,1318.75,,
0.404719506,03-10-2017,10,0,10,1.56,-11.29,38.36,16.4,29.6,30.4,4708.25,,
0.433816756,7-22-2016,17,0,10,28.62,22.8,67,0,29.18,30,1905.5,,
0.189890724,10-11-2017,11,1,4.8,15.7,15.32,98.08,10.48,29.27,30.06,487.25,,
0.036442669,01-11-2017,16,1,0.3,11.11,10.16,99.6,11.55,28.87,29.65,18.76,,
0.698447419,02-03-2016,8,0.98,10,2.47,0.23,80.04,15.23,28.88,29.67,327.75,,
0.9954134,2-17-2017,12,0,10,18.64,4.02,37.52,13.12,28.94,29.73,4523.75,,
0.308961604,5-28-2016,6,0.29,10,21.2,19.26,85.92,12.16,29.14,29.93,217.38,,
0.198741782,07-02-2016,10,0,10,17.92,12.71,69.48,2.2,29.39,30.18,1752.75,,
0.394180386,10-29-2016,9,0,10,21.51,16.06,69.76,16.56,29.22,30.01,1681.25,,
0.992141686,2-21-2016,12,0.42,10,9.88,3.29,65.64,7.76,29.28,30.07,4376,,
0.734932067,09-08-2017,12,0,10,25.19,9.53,36.52,2.88,29.42,30.22,4592.5,,
0.516632099,08-08-2017,15,0.29,10,26.23,13.33,43.28,5.72,29.37,30.17,3839.75,,
0.428967134,7-27-2016,16,0,10,28.51,21.7,65,6,29.13,29.95,2627,,
0.288004215,7-29-2017,17,0.14,10,24.61,14.38,49.44,11.28,29.3,30.09,2074.75,,
0.39454678,01-01-2017,11,0,10,2.13,-2.81,69.24,6,29.35,30.14,3840.25,,
0.069469217,01-05-2017,13,0.83,10,-10.16,-14.23,68.08,5.84,29.24,30.03,206.5,,
0.171206499,8-21-2016,13,0.43,10,23.43,15.5,58.8,10.12,29.22,30.01,4582.75,,
0.03885682,12-03-2016,15,0.98,10,2.6,-1.34,75.54,6.04,29.52,30.32,624,,
0.167648486,05-05-2017,12,0.43,10,15.03,7.01,57.44,22.68,28.99,29.78,4151.5,,
0.197775476,10-25-2016,12,0.99,10,14.35,5.26,56.12,7.96,29.57,30.37,2262.5,,
0.779685276,02-06-2017,14,1,0.25,6.38,6.5,99.72,10.04,29.02,29.81,182.75,,
0.999043182,6-29-2016,13,0,10,24.11,10.13,40.4,4.6,29.34,30.13,4600.25,,
0.81377378,04-04-2017,15,0.97,10,12.86,9.4,78.46,9.61,29.04,29.83,1701.5,,
0.984458623,03-07-2016,13,1,10,13.87,9.82,80.88,11.56,29.12,29.91,2303,,
0.362344887,01-05-2017,12,0.83,9.51,-10.46,-14.21,70,7.46,29.26,30.05,263.25,,
0.376509811,02-05-2017,15,0,10,7.55,-2.01,49.76,9.4,29.28,30.07,1862.5,,
0.658767891,7-13-2016,13,0.69,10,26.77,6.6,31.13,8.9,29.1,29.9,2987,,
0.338253853,2-28-2016,8,0,10,9.32,4.64,69.96,18.44,28.93,29.72,2474.5,,
0.621835626,9-15-2017,16,0,10,30.73,15.87,39,8.28,29.2,29.99,1958,,
0.882892253,6-26-2016,16,0.96,9.56,26.87,23.04,79.79,6.21,29.2,30,118.48,,
0.146831815,5-21-2017,6,0.92,10,15.38,12.98,83.76,13.4,29.19,29.98,172,,
0.253514911,3-23-2017,15,1,10,9.12,-1.29,46.88,13.72,29.38,30.18,715,,
0.389916383,8-14-2016,10,0,10,24.58,20.95,78.16,0,29.3,30.09,1879,,
0.472764645,3-30-2016,14,0.99,9.16,12.6,10.82,87.1,11.82,28.96,29.75,244.25,,
0.929660128,10-15-2016,17,0,10,22.03,16.91,70.08,12.52,29.19,29.98,404,,
0.112498649,08-11-2016,14,0.01,10,32.18,25.29,64.16,9.56,29.18,29.97,3447.75,,
0.083432223,7-24-2017,14,0.66,10,26.22,18.72,60.48,9.48,29.23,30.02,2959.25,,
0.779372093,08-12-2016,15,0,10,29.99,25.51,73.16,12.16,29.02,29.81,1896.25,,
0.708298368,10-17-2017,17,0,10,15.41,5.92,54.13,6,29.39,30.19,414.93,,
0.931073524,07-05-2017,14,0.01,10,29,21.73,62.84,5.76,29.28,30.07,697.5,,
0.06388277,10-02-2017,9,0.75,10,22.49,12.05,51.44,10.24,29.41,30.21,1357.25,,
0.926215788,10-02-2016,6,1,3.18,14.09,13.9,96.92,3.39,29.27,30.06,1.02,,
0.393103078,10-17-2016,12,0,10,28.24,19.2,56.92,22.56,28.89,29.68,4219.75,,
0.876682934,8-28-2016,16,0.72,10,30.12,23.44,69.4,9.48,29.35,30.15,1897.5,,
0.580721426,10-24-2017,12,1,9.04,6.86,5.37,91.32,14.4,28.97,29.76,887,,
0.646533547,04-08-2017,8,0,10,10.49,3.26,60.2,11.76,29.29,30.08,1940,,
0.400274551,7-15-2017,8,1,10,19.67,16.96,80.68,0.96,29.39,30.19,1145.75,,
0.06463638,5-19-2016,9,0,10,18.48,3.34,36,1.2,29.41,30.21,3284.75,,
0.714537007,4-27-2016,7,1,4.64,11.46,9.53,87.28,17.68,29.01,29.8,190,,
0.396635205,9-14-2017,16,0.01,10,26.39,16.82,54.52,5.32,29.12,29.91,2011,,
0.048317439,11-07-2016,9,0,10,13.47,8.35,70.4,6,29.53,30.33,3363.25,,
0.984665856,09-08-2017,14,0.14,10,25.89,9.56,34.52,1.08,29.39,30.19,4149.25,,
0.751872846,7-22-2017,7,0.72,6.8,22.49,21.41,91.69,11.16,29.16,29.95,512.5,,
0.593248974,07-02-2017,6,0,10,19.18,17.28,83.6,0,29.3,30.09,71.83,,
0.610667611,9-13-2017,10,1,5.14,18.02,17.45,94,5.08,28.99,29.78,677,,
0.821083613,01-08-2017,13,0,10,-9.16,-16.02,54.8,6.72,29.86,30.67,2509.5,,
0.182713044,05-08-2017,13,0.73,10,15.87,5.86,51.92,9.4,29.29,30.08,2226,,
0.126838373,5-28-2016,9,0.91,10,22.43,19.73,82.64,15.44,29.18,29.97,672,,
0.854230368,8-26-2016,15,0.47,10,27.24,24.02,78.93,5.37,29.29,30.09,981.25,,
0.199930075,03-05-2017,7,0,10,2.77,-0.78,76.84,8.76,29.47,30.27,1023.25,,
0.669278797,08-10-2016,6,0,9.77,21.85,20.91,87.47,0.17,29.3,30.09,102.88,,
0.37451387,8-26-2017,10,0,10,23.63,13.4,52.72,8.12,29.46,30.26,3741.75,,
0.44589963,11-29-2016,15,0.75,10,12.96,9.66,78.28,15.52,28.76,29.54,679.25,,
0.696694584,04-02-2017,9,0.7,10,9.94,6.38,74.32,11.4,29.38,30.18,1744.75,,
0.218321709,3-24-2017,11,0,10,24.34,13.89,50.64,21.48,29.22,30.01,4486.5,,
0.440266668,8-22-2016,17,0.15,10,24.17,16.55,60.72,5.72,29.36,30.16,1719.25,,
0.000558456,3-23-2016,13,1,10,18.24,10.54,60.36,17.16,28.97,29.76,1391.75,,
0.962976191,8-31-2016,7,0.01,9.8,22.36,21.13,86.12,3.64,29.26,30.05,681.75,,
0.071898991,03-12-2017,7,0,10,-4.28,-11.22,55.84,0.2,29.66,30.46,240.85,,
0.623844031,8-16-2017,17,0.14,9.96,26.91,24.1,81.04,9.64,29.11,29.9,469.25,,
0.082220606,10-10-2016,7,0,10,10.82,8.6,86.32,2.2,29.54,30.34,372.88,,
0.133208262,06-05-2016,7,0.64,10,19.21,17.02,85.67,14.48,28.95,29.74,1102,,
0.783322838,09-02-2016,16,0.43,10,23.85,13.11,48.8,8.12,29.36,30.16,2663,,
0.69872321,2-24-2016,11,1,1.8,0.47,-0.1,92,29.69,28.67,29.45,195.75,,
0.060988888,1-20-2017,11,1,9.86,8.82,8.84,97.86,7.68,28.89,29.68,722.25,,
0.786341097,7-14-2016,10,0,10,25.97,23.04,82.76,8.56,29.15,29.94,3277.25,,
0.60994679,9-30-2016,17,0.04,10,18.14,16.96,22.57,10.8,8.52,30.01,165.68,,
0.710705161,01-07-2017,15,0.73,10,-6.46,-10.77,66.72,14.76,29.74,30.54,648.25,,
0.133183563,4-25-2017,14,0,10,26.52,10.39,34.64,21.12,28.82,29.6,3883.25,,
0.328386475,07-12-2017,11,0.7,10,30.7,25.56,72.77,12.46,29.19,29.99,4360.75,,
0.672463289,4-15-2017,6,0,10,17.39,14.62,76.72,8.12,29.29,30.08,57.48,,
0.6391684,10-30-2016,12,0.64,10,17.65,10.81,62.44,13.64,29.33,30.12,2565,,
0.20852901,12-06-2016,17,0.3,10,1.55,0.24,22.13,9.88,8.52,29.93,0,,
0.498155768,10-28-2017,17,1,10,3.59,-0.79,73.72,8.4,29.18,29.97,20.49,,
0.753425633,04-11-2016,14,0,10,9.8,0.93,52.84,17.76,29.2,29.99,4490.25,,
0.742802351,10-04-2016,15,0.43,10,26,13.38,43.56,11.32,29.17,29.96,3013,,
0.973841336,10-05-2016,14,0.64,10,27.68,16.03,46.12,12.84,29.18,29.97,2518.25,,
0.554669469,10-06-2016,6,0.83,9.04,19.98,18.54,88.8,3.52,29.3,30.09,9.48,,
0.937645164,2-24-2017,11,0.66,10,19.38,13.88,69.6,24.67,28.68,29.46,1401.75,,
0.30516728,11-11-2016,10,0,10,12.15,6.86,69.56,16,29.44,30.24,2388.25,,
0.647037199,9-15-2016,12,0.39,10,27.25,18.61,56.8,5.12,29.37,30.17,4064.25,,
0.306140647,4-19-2016,7,0,10,18.59,10.5,59.52,4.36,29.39,30.19,610.5,,
0.368196119,10-07-2016,7,0,9,17.83,16.1,87.72,4.4,29.24,30.03,268.15,,
0.615452064,10-10-2017,15,1,10,24.04,15.47,60.08,7.12,29.2,29.99,493.25,,
0.135195462,10-19-2017,17,0,10,21.52,13.94,63.09,0.28,29.36,30.16,315.6,,
0.122291794,07-12-2016,16,0,10,28.09,22.29,69.23,7.33,29.11,29.9,1939,,
0.450260064,3-18-2017,10,1,10,4.19,0.19,71.3,17.03,29.41,30.21,1358.25,,
0.758407597,3-29-2016,10,0,10,11.74,1.42,50.12,10.84,29.54,30.34,4286,,
0.629767726,06-04-2017,9,0,10,28.74,19.27,54.28,9.8,29.12,29.91,3173,,
0.226271041,08-03-2016,14,0,10,29.64,22.2,65,7,29.21,30.03,4076,,
0.741480523,05-02-2016,16,1,10,13.74,8.78,70.15,7.46,29.2,29.99,632.5,,
0.723834144,5-24-2017,15,1,8.56,15.33,14.19,88.15,11.31,28.73,29.51,751.25,,
0.756934198,10-23-2016,12,0,10,22.86,11.03,45.56,16.36,29.17,29.96,4296.75,,
0.842905077,4-29-2016,17,0.35,9.85,14.26,8.87,23.61,5.57,9.31,30.06,925.25,,
0.147758762,06-05-2017,7,0,10,23.77,17.97,68.44,4.76,28.98,29.77,1242.5,,
0.819751075,05-03-2017,6,0,10,6.92,4.59,82.76,1.2,29.36,30.16,294.1,,
0.22124917,2-18-2017,16,0,10,18.74,5.83,39.68,9.76,28.97,29.76,789.25,,
0.14099826,4-19-2016,8,0,10,20.51,10.47,52.53,4.72,29.39,30.19,1025.75,,
0.468944644,09-04-2017,7,0,10,19.2,16.46,78.64,8.32,29.1,29.89,499.5,,
0.264412405,2-28-2017,17,0.35,10,17.47,16.11,24.68,17.77,9.28,29.64,22.38,,
0.633760094,2-22-2016,14,0.3,10,7.75,0.12,56.69,7.77,29.3,30.1,3634.75,,
0.773546441,6-21-2016,17,0.01,9.6,27.44,16.87,50.28,9.96,29.16,29.95,1958.75,,
0.029619154,11-06-2016,7,0.14,5.12,6.14,6.15,93.96,0.24,29.59,30.39,841,,
0.669916941,9-14-2017,10,0.65,10,22.05,17.41,74.81,2.46,29.14,29.93,2433,,
0.737294119,11-08-2016,14,0.77,7.07,14.21,13.44,91.14,8.65,29.37,30.17,473.75,,
0.153049789,01-05-2017,16,0.78,4.85,-10.73,-13,77.84,5.89,29.27,30.07,11.61,,
0.411845886,4-18-2017,16,0.45,10,24.58,13.2,46.2,17.2,29.21,30,0,,
0.541497985,10-18-2017,16,0,10,20.68,7.33,43,13.2,29.31,30.1,1724,,
0.841818836,8-31-2017,10,0.82,10,22.94,18.8,76.76,9.72,29.34,30.13,2837.75,,
0.523486488,08-01-2016,8,0,6,22.87,20.6,90,8,29.24,30.06,1000.25,,
0.072827305,3-24-2017,8,0,10,16.91,11.41,71.48,17.76,29.23,30.02,1510.25,,
0.897309006,2-13-2016,13,0,10,-7.85,-17.36,44.84,7.68,29.77,30.57,4592.75,,
0.271048967,06-09-2016,17,0,10,28.68,15.62,42.84,12.44,29.15,29.94,1725.5,,
0.773051957,12-31-2016,11,0.18,10,5.85,-0.31,61.92,19.84,28.93,29.72,1719,,
0.272012622,4-22-2016,8,0,10,15.95,11.71,73.84,12.56,29.15,29.94,2277.25,,
0.215812872,4-28-2017,11,0.83,10,13.11,11.02,83.32,17.32,29.12,29.91,1265.75,,
0.761256781,10-01-2017,6,0,10,8.15,5.79,80.96,5.36,29.47,30.27,13.65,,
0.201317284,09-07-2016,16,0.45,10,30.88,22.87,59.08,13.04,29.2,29.99,1760,,
0.786986997,03-03-2017,17,0,10,2.06,-8.57,44.32,2.04,29.76,30.56,144.7,,
0.553576918,5-25-2017,17,0.14,10,18.77,13.66,72.4,8.2,28.92,29.71,1741.25,,
0.022423384,5-26-2017,7,0,7.96,17.27,14.92,85.92,5.48,29.09,29.88,1096.75,,
0.285622896,11-05-2016,13,0,10,17.01,8.71,53.76,5.36,29.55,30.35,3095.25,,
0.188612634,6-16-2017,16,0.52,10,29.82,18.99,51.48,11.18,28.98,29.77,0,,
0.971234592,7-24-2016,8,0,5,28.32,25,85,8,29.16,29.98,1622,,
0.870678403,07-04-2016,10,1,7,21.54,19.94,87.12,5.76,29.09,29.88,1211,,
0.415703823,8-20-2016,7,1,5.72,23.6,23.35,96.88,9.72,28.93,29.72,304.25,,
0.469594729,09-07-2017,13,0.74,10,20.49,8.33,43.28,13.64,29.29,30.08,2576.75,,
0.382377779,5-29-2016,15,0.29,10,28.62,14.13,40.04,12.76,29.25,30.04,3331,,
0.508992745,2-13-2017,17,0,10,5.31,-1.42,60.85,5.72,29.36,30.16,19.08,,
0.123900604,04-08-2016,6,1,10,4.27,3,87.15,10.57,29.05,29.84,8.92,,
0.079992456,2-20-2017,12,0,10,19.66,11.69,59.56,20.4,29.29,30.08,3985,,
0.046566309,4-22-2016,10,0.28,10,18.16,11.78,67.32,13.24,29.19,29.99,4488.5,,
0.069841629,7-25-2016,6,0,10,22.01,20.6,90,7,29.19,30.01,246.45,,
0.946479084,06-08-2016,9,0,10,20.86,7.97,42.04,5.97,29.25,30.04,3246.25,,
0.330000624,12-08-2016,13,0.04,10,-4.92,-8.9,21.58,19.68,8.54,30.37,721.75,,
0.091270687,4-20-2017,6,0.01,10,20.52,16.76,21.89,17.16,8.52,29.92,0,,
0.149659046,08-04-2016,6,0,9.88,21.72,19.53,79.64,1.59,29.22,30.01,86.23,,
0.099578559,8-14-2016,15,0,10,23.48,21.66,84.96,6.04,29.28,30.07,860.25,,
0.173949748,03-01-2017,8,1,6.17,8.68,7.96,89.87,24.17,28.8,29.59,284.75,,
0.50143579,10-29-2016,10,0,10,23.72,15.64,59.36,20.32,29.22,30.01,1830.5,,
0.508441416,03-05-2017,14,1,10,17.09,7.22,49.6,23.68,29.32,30.12,1361.25,,
0.660379352,7-26-2016,8,0,10,25.24,18.9,71,8,29.25,30.07,1643.5,,
0.737105402,9-30-2017,13,0,10,21.03,5.12,34.84,8.04,29.55,30.35,4543.75,,
0.996063782,10-31-2016,8,0,10,9.31,7.48,88.24,7.48,29.35,30.15,571.5,,
0.479794142,4-25-2017,7,0,10,16.45,10.67,69.88,8.64,28.95,29.74,749,,
0.161312569,11-28-2016,16,1,7.62,9.74,8.78,86.43,24.62,28.54,29.32,1,,
0.468146657,8-31-2017,16,0.02,10,23.82,15.57,21.3,12.44,8.53,30.06,1847.25,,
0.368129552,6-25-2016,8,0,10,26.48,22.12,77.64,8,29.33,30.12,2148,,
0.195820797,10-02-2016,8,1,4.78,15.25,15.41,95.81,4.33,29.29,30.09,292.5,,
0.612573018,8-15-2017,10,0.75,10,27.12,21.93,70.54,5.11,29.15,29.94,3342.75,,
0.021840942,6-15-2017,7,0.14,10,21.54,19.89,84,7.4,29.12,29.91,0,,
0.772077809,8-23-2017,12,0.29,10,24.35,10.97,40.52,12.92,29.29,30.08,4404.75,,
0.264719721,3-27-2017,10,0.8,6.8,13.53,10.9,90.49,7.08,29.16,29.95,1226.25,,
0.831406556,4-22-2017,13,0,10,16.08,0.75,34.48,21.32,29.31,30.1,3900.25,,
0.312458796,04-05-2016,16,0.54,10,9.71,-3.34,39.84,17.04,29.42,30.22,2096.5,,
0.872111588,10-20-2016,17,1,9.96,12.35,10.61,83.44,9.84,29.31,30.11,52.98,,
0.742924242,02-03-2017,8,0.32,10,-6.88,-11.86,21.46,9.04,8.54,30.47,646.75,,
0.830719723,6-27-2016,11,0,10,28.43,15.34,43.22,11.67,29.31,30.1,4344.75,,
0.228630612,8-20-2016,6,1,4.46,23.15,22.94,97,8.73,28.95,29.74,14.65,,
0.895429996,12-08-2016,15,0.04,10,-5.45,-9.24,21.58,16.16,8.54,30.41,169.23,,
0.277577929,8-19-2017,12,0.54,10,28.52,17.8,51.32,3.52,29.18,29.97,3963.5,,
0.772550548,5-26-2017,8,0,10,20.03,15.76,74.92,9.04,29.1,29.89,1991.5,,
0.885178479,12-04-2016,10,1,2.4,1.4,0.53,89.68,8.08,29.25,30.04,283,,
0.722286593,6-25-2017,14,0.72,10,23.7,8.63,38.04,15.6,29.34,30.14,1442.75,,
0.014882261,11-27-2016,7,1,0.39,1.61,1.92,97.66,7.3,29.31,30.11,89.8,,
0.428122451,3-16-2016,8,0,10,10.68,6,73.16,24.48,28.95,29.74,1534.75,,
0.884691059,4-28-2016,13,0.91,10,19.37,13.66,72.8,7,29.06,29.85,1736.75,,
0.02758701,04-05-2016,6,0,10,-2.35,-5.63,72.12,5.96,29.64,30.44,38.13,,
0.793390502,5-13-2017,11,0,10,22.85,10.35,43.68,7.4,29.16,29.95,4651.25,,
0.846763995,3-31-2016,15,0.29,10,17.48,13.69,21.18,26.44,8.5,29.45,3015.5,,
0.853013755,10-02-2016,14,0.99,10,21.07,13.45,59.56,4.36,29.27,30.06,1751.75,,
0.587260357,09-07-2017,14,0.54,10,21.2,8.24,41.96,10.96,29.28,30.07,3796.25,,
0.506443273,11-30-2016,7,0.28,9.04,0.59,0.16,89.8,5.68,28.88,29.66,367.18,,
0.108270173,10-27-2017,8,0.98,10,5.04,-0.09,69.04,13.16,29.1,29.89,328,,
0.526461694,10-08-2016,6,0,10,5.14,3.46,75.88,2.16,29.49,30.29,1.75,,
0.663291881,11-03-2016,11,0.97,5.55,16.83,14.41,88.39,9.22,29.4,30.21,1762.5,,
0.013294829,12-29-2016,12,0.15,10,3.86,-1.33,69.04,24.16,29.18,29.97,3596.25,,
0.216675635,9-29-2016,13,0.84,10,19.77,13.6,63.2,11.88,29.32,30.11,2059.75,,
0.263934329,2-26-2016,11,0.98,10,1.33,-5.34,61.04,8.96,29.5,30.3,2593.5,,
0.112997121,4-13-2017,6,0.14,10,9.94,6.49,77.32,7.16,29.48,30.28,61.48,,
0.878415259,04-07-2016,8,1,10,4.24,0.95,78.88,20.76,28.91,29.69,1170.75,,
0.47046735,2-25-2017,10,1,9.85,-2.39,-6.72,71.35,22.04,29.13,29.92,2373.25,,
0.130205589,07-03-2017,10,0,10,29.54,17.38,46.52,5.32,29.28,30.07,1290,,
0.107656345,11-14-2016,13,0,9.65,16.91,7.94,52.39,14.35,29.12,29.91,3283.25,,
0.797258514,12-19-2016,15,0,10,-7.45,-12.58,63.72,8.04,29.83,30.64,705,,
0.332273873,10-25-2017,13,0.74,10,10.36,3.96,65.16,5.36,28.98,29.77,1210.5,,
0.800359648,3-31-2017,14,1,6.88,5.88,4.73,90.28,15.04,29.1,29.89,611.5,,
0.407128624,8-22-2016,6,0,9.92,14.35,14.36,92.04,0,29.39,30.19,68.73,,
0.31314123,08-12-2017,12,0.52,10,24.64,12.53,46.2,8.64,29.29,30.08,4679.75,,
0.77774392,8-23-2016,17,1,10,24.19,20.07,73.12,6.36,29.36,30.16,623.5,,
0.405437269,04-05-2017,9,0.96,10,9.75,7.96,90.34,19,28.84,29.63,1902.25,,
0.088581533,08-09-2017,14,0.64,10,26.83,13.64,42.08,6.68,29.36,30.16,4065.5,,
0.759840106,4-14-2016,14,0,10,19.74,-0.12,25.96,14.64,29.36,30.16,3137.5,,
0.173564996,09-07-2016,13,0.75,10,32.15,24.02,60.6,14.04,29.22,30.01,2858.25,,
0.287835593,4-23-2017,10,0,10,17.19,0.35,31.36,10.96,29.31,30.1,4509.75,,
0.86599151,03-08-2016,16,0.42,10,21.09,13.66,60.28,17.92,29.1,29.89,876.5,,
0.611843878,6-27-2016,14,0,10,28.38,10.57,31.83,11.88,29.26,30.05,4023.25,,
0.488867889,08-05-2016,11,0.94,10,27.37,23.33,76,6.78,29.15,29.95,3324.75,,
0.473580645,8-18-2017,6,0,10,18.74,17.96,88.2,5.56,29.1,29.89,84.9,,
0.291326821,03-01-2016,17,1,10,-2.42,-5.68,75,20.44,29.17,29.96,34.12,,
0.28626967,12-29-2016,17,1,10,2.2,-2.41,69.56,17.8,29.24,30.03,0,,
0.959508836,04-11-2017,17,0,10,13.83,5.32,53.8,8.12,29.44,30.24,1467.25,,
0.919916286,6-16-2017,6,0,10,21.39,17.18,75.56,2.12,29.13,29.92,0,,
0.915418212,8-24-2016,8,1,5.72,23.29,22.65,97.38,12.7,29.25,30.04,34.8,,
0.151007023,8-22-2016,14,0.44,10,25.17,15.6,52.64,4.6,29.39,30.18,4289.5,,
0.007268455,04-04-2016,17,0.91,10,4.93,-1.58,65.24,13.72,29.45,30.26,1487,,
0.01067295,09-09-2016,13,0.98,10,25.08,21.93,85.49,2.77,29.14,29.93,1447.75,,
0.471105652,3-13-2017,7,1,1.26,-1.97,-2.27,94.3,10.07,29.34,30.14,0.48,,
0.489212286,02-07-2017,15,1,4.12,10.81,9.69,90.56,22.44,28.7,29.48,185.75,,
0.549113598,4-16-2017,13,1,10,19.92,17.53,86.76,11.96,29.24,30.03,1322.5,,
0.211383407,11-15-2016,6,0.33,2.14,2.52,3.26,96.77,4.9,29.12,29.91,17.29,,
0.171012652,04-06-2017,7,1,9.08,4.71,2.75,85.85,19.27,28.97,29.76,165.08,,
0.430871627,3-30-2016,16,0.04,10,13.04,11.21,23.88,14.47,8.91,29.71,95.53,,
0.770141394,04-11-2017,14,0.65,10,13.64,6.29,58.8,11,29.44,30.24,2860.75,,
0.084509581,04-01-2017,13,0.14,10,13.09,4.18,53.56,9.08,29.41,30.21,4712.5,,
0.343016582,7-15-2016,6,0,10,20.73,19.48,88.08,3.52,29.21,30,182.68,,
0.935731667,10-18-2016,9,1,10,23.04,18.97,76.16,16.46,28.95,29.73,249,,
0.600348867,10-02-2016,10,0.92,9.92,17.6,15.15,78.65,4.31,29.31,30.1,1948.5,,
0.264711925,9-24-2017,10,0,10,30.01,18.53,50.36,4.08,29.31,30.1,3551,,
0.574448613,7-19-2017,8,0.91,10,25.58,23.32,92.68,0.96,29.34,30.14,1185.25,,
0.137129015,08-01-2017,12,0,10,28.16,19.17,54.12,4.6,29.29,30.08,2385.25,,
0.180089971,9-22-2017,7,0,9.96,23.05,20.62,86.16,0.12,29.31,30.1,422.75,,
0.680790841,4-26-2017,16,0.92,10,19.65,14.72,65.4,15.55,28.74,29.52,426.9,,
0.868338667,5-27-2017,14,0.64,10,22.68,17.85,73,2.74,29.08,29.88,3877.5,,
0.341589258,11-11-2016,11,0.28,10,13.23,6.36,60.72,19.16,29.45,30.25,3185.5,,
0.445576965,01-03-2017,12,1,5.27,4.38,4.46,98.35,14.77,28.98,29.77,206,,
0.90761442,12-03-2016,8,0.02,10,0.75,-1.83,81.64,8.64,29.55,30.35,958.25,,
0.111149726,10-19-2016,6,0,4.56,10.87,11.89,94.8,5.68,29.28,30.07,0,,
0.987271477,07-01-2016,16,0.39,10,24.98,12.54,44.12,8.08,29.3,30.09,3165.75,,
0.968062204,1-24-2017,16,1,10,4.71,2.38,84.32,7.12,29.04,29.83,58.35,,
0.73478582,07-09-2016,10,0.53,10,24.41,17.54,64.44,9.8,29.27,30.06,4097.5,,
0.790046849,8-23-2017,6,0,10,13.79,12.83,86.16,7.24,29.28,30.07,79.71,,
0.085835245,10-24-2016,11,0,10,15.3,6.54,56.4,8,29.57,30.37,4207,,
0.459418097,10-14-2016,17,0,10,15.53,8.72,57.2,3.8,29.36,30.15,498.25,,
0.475800351,6-24-2017,10,0.64,10,22.56,13.95,56.84,15.28,29.26,30.05,1218.25,,
0.499437083,05-03-2016,10,0.14,10,16.34,6.77,52.36,9.08,29.19,29.98,4247,,
0.420697456,8-27-2017,7,0.46,10,17.05,14.32,83.04,4.92,29.36,30.16,593.25,,
0.728499633,10-05-2016,17,0.14,10,24.46,16.34,57.04,5.76,29.2,29.99,648.75,,
0.182320425,11-04-2016,12,0,10,15.32,7.2,57.68,5.72,29.62,30.42,4318.75,,
0.317101973,6-17-2017,13,0.54,10,28.76,20.24,55.72,12.16,28.92,29.7,1480,,
0.695847182,03-02-2016,6,0,10,-8.53,-10.32,75.24,6.04,29.38,30.18,94.71,,
0.123435428,8-16-2017,10,0.54,10,28.51,23.13,70.72,8.36,29.21,30,1449.25,,
0.844928676,2-17-2017,8,0,10,7.29,1.93,68.64,8.24,28.97,29.76,2192.5,,
0.722676794,4-26-2016,15,0.28,10,21.13,10.88,52.44,14.2,28.99,29.78,765.25,,
0.360033643,11-25-2016,7,1,4.8,3.43,1.6,89.2,4.92,29.53,30.33,59.37,,
0.403469461,12-06-2016,13,0.08,5.88,2.67,1.23,24.68,14.19,9.3,29.81,539.75,,
0.238418469,07-07-2016,6,0.83,1.21,20.62,21.19,97.74,3.37,29.1,29.9,279,,
0.956222446,10-10-2017,9,0.82,10,20.9,18.17,84,12.4,29.3,30.09,1186.5,,
0.21660643,06-06-2017,15,0,10,25.86,7.49,30.28,15.32,29.18,29.97,4077.75,,
0.238074112,3-27-2016,6,0,10,3.85,2.23,81.36,3.8,29.2,29.99,13.19,,
0.28942316,06-08-2017,10,0,10,24.27,7.96,33.72,0.28,29.23,30.02,4174,,
0.86506441,01-05-2017,7,1,4.14,-11.71,-14.18,81.08,9.59,29.28,30.07,4.99,,
0.614430222,06-02-2017,17,0,10,28.97,5.41,21.32,5.04,29.23,30.02,1886.5,,
0.272756225,3-17-2016,12,0.29,10,15.52,-2.45,28.64,21.4,29.14,29.93,4517.75,,
0.252343849,8-14-2016,11,0.14,10,24.92,21.26,74.76,2.8,29.29,30.08,1930.25,,
0.602758158,06-02-2017,15,0,10,29.58,5.36,20.32,8,29.25,30.04,3833.5,,
0.165678767,9-22-2016,6,0,9.84,16.62,15.78,90.12,0.24,29.3,30.09,13.7,,
0.636864168,8-26-2016,7,0.42,4.44,22.88,21.78,93.2,6.72,29.34,30.14,788.25,,
0.712813816,6-29-2016,14,0,10,24.65,9.86,37.88,6.36,29.31,30.11,4445.5,,
0.3500611,9-18-2016,15,0,10,28.44,10.97,32,2.56,29.17,29.96,3121.5,,
0.923757311,12-10-2016,11,0.04,10,-3.23,-8.28,21.62,5.12,8.54,30.52,1224.5,,
0.031750365,11-03-2016,17,0,10,14.71,12.33,78.08,6.68,29.44,30.24,142.1,,
0.904195397,08-06-2017,17,0.63,10,22.09,17.79,74.52,8.4,29.19,29.98,1214.75,,
0.807885036,5-24-2017,9,1,4.19,13.96,13.81,93.77,8.61,28.77,29.55,497.75,,
0.314194389,10-20-2016,14,0.89,10,15.56,12.19,78.28,15.82,29.27,30.07,1378.75,,
0.018804127,11-10-2016,16,0,10,13.43,7,61.84,15.4,29.26,30.05,91.39,,
0.791318709,1-15-2017,7,0.39,4.68,-1.68,-2.91,93,2.16,29.62,30.42,52.33,,
0.220938761,9-29-2017,8,0.14,9.96,18.66,10.33,59.2,12.16,29.4,30.2,1747.75,,
0.334864651,7-16-2016,15,0.28,10,25.66,16.52,54.72,1.16,29.32,30.11,3551.25,,
0.192854926,8-16-2017,12,0.81,9.92,27.79,23.16,69.04,10.64,29.19,29.98,969.25,,
0.192838761,06-07-2017,14,0,10,25.45,5.86,27.04,17.68,29.26,30.05,4628.5,,
0.569922627,09-05-2017,12,0.29,10,21.41,8.59,43.16,18.48,29.15,29.94,4172.25,,
0.222539245,09-07-2016,10,0,10,30.73,24.8,68.72,10.92,29.29,30.08,3502.5,,
0.25816475,1-29-2017,13,1,9.96,-1.96,-5.93,73.92,14.44,29.06,29.85,356.5,,
0.908438729,02-01-2016,12,0,10,6.16,1.26,68.96,0,29.26,30.05,4236.5,,
0.589178029,09-10-2017,12,0,10,22.69,7.38,36.88,7.6,29.58,30.38,4709.5,,
0.817628784,01-07-2017,14,0.54,10,-6.75,-11.16,65.84,14.04,29.72,30.52,1314.75,,
0.186047903,10-27-2016,10,1,8.08,10.3,8.67,88.32,8.84,29.44,30.24,671,,
0.746824809,4-15-2017,11,0.62,10,26.1,14.34,47.56,22.4,29.25,30.04,4407.25,,
0.66296673,7-17-2017,8,0,10,22.31,15.23,61.72,8.6,29.26,30.05,2144.75,,
0.189628814,06-09-2017,12,0.89,10,29.48,12.7,34.08,14.4,29.08,29.87,4030.5,,
0.449744944,12-13-2016,11,0.17,8.76,-4.13,-6.5,30.01,17.59,11.38,30.18,84.53,,
0.407886007,10-22-2017,9,0.82,10,21.1,16.18,73.76,20.68,29.2,29.99,667,,
0.102928959,06-09-2016,10,0.54,10,26.34,11.82,38.16,8.52,29.28,30.07,3459.5,,
0.874508325,4-20-2017,8,0,10,24.13,17.49,21.46,21.68,8.52,29.91,0,,
0.303631118,9-20-2017,11,0,10,31.33,22.55,60,10.8,29.15,29.94,3640.75,,
0.10287909,2-16-2016,14,0.93,7.22,2.39,-1.11,81.12,8.56,29.04,29.83,3569.25,,
0.957556279,12-09-2016,16,0.04,10,-3.82,-8.04,21.38,8.08,8.54,30.54,4.88,,
0.70880326,03-03-2017,8,0,10,-3.05,-8.17,65.8,7.08,29.8,30.6,2744,,
0.900128839,5-25-2016,7,0,10,22.18,17.51,76.12,9.8,29.27,30.06,1020.5,,
0.723110318,4-24-2017,10,0,10,21.2,0.69,24.6,9.68,29.17,29.96,4327.25,,
0.988496384,4-18-2016,8,0,10,21.54,7.92,41.56,3.72,29.53,30.33,2152.5,,
0.272244211,06-12-2016,17,0,10,29.29,12.22,34.64,15.24,29.27,30.06,1711,,
0.181409808,6-21-2016,12,0,10,27.1,16.19,48.2,12.92,29.25,30.04,4368,,
0.10602274,05-08-2016,14,0.31,10,17.03,10.96,69.72,7.08,29.16,29.95,2723.75,,
0.59939656,7-16-2017,8,0,10,24.21,19.48,72.08,0.12,29.24,30.03,2115.5,,
0.694742629,11-03-2016,16,0,10,17.05,12.94,74.08,7.6,29.42,30.22,1071,,
0.197559293,04-01-2016,17,0.83,10,9.39,4.78,71.96,16.8,29.03,29.82,1171.25,,
0.442081266,7-24-2017,16,0.42,10,26.13,18.24,58.08,10.2,29.23,30.02,938.75,,
0.166754154,04-10-2016,6,0,10,3.96,-2.24,64.48,18,29.18,29.97,22.45,,
0.159271725,5-24-2017,17,1,8.78,15.82,13.76,83.67,12.67,28.73,29.51,956,,
0.932382349,03-04-2017,10,0,10,5.62,-5.81,45,18.44,29.67,30.47,4563.75,,
0.174209615,6-25-2017,9,0,10,21.42,9.14,45.2,14.16,29.37,30.17,1184,,
0.290595863,10-07-2017,16,1,4.68,16.8,15.37,91.19,20.68,28.86,29.65,47.83,,
0.225870405,1-16-2017,14,1,0,5.54,5.28,98.35,8.38,29.26,30.05,203.75,,
0.808979355,6-22-2017,16,0.99,9.96,26.23,22.6,74.88,16.33,29.01,29.8,497.5,,
0.513308535,02-11-2017,15,0.62,10,18.15,13.38,74.6,5.96,29.03,29.82,1249,,
0.494299614,6-19-2016,16,0.44,10,31.2,21.78,55.34,7.22,29.36,30.16,2786.25,,
0.071949729,05-08-2016,17,0.9,10,17.45,11.31,64.81,5.44,29.15,29.94,793,,
0.043720033,02-05-2017,8,0,10,-0.02,-3.81,72.64,10.16,29.2,29.99,1691.75,,
0.015528868,1-26-2017,14,1,10,0.45,-1.54,82.39,16.15,29.14,29.93,543,,
0.981569865,3-22-2017,14,0,10,5.45,-5.83,43.92,14.28,29.68,30.48,4713,,
0.310834987,10-24-2016,12,0,10,16.04,5.77,49.8,7.76,29.56,30.36,4419.25,,
0.318945273,01-03-2017,7,1,2.03,5.46,5.55,99.58,3.5,28.97,29.77,18.18,,
0.078588447,5-27-2016,16,0.54,10,26.14,19.67,63.07,17.51,29.07,29.86,1143,,
0.49135727,11-17-2016,15,0,10,22.53,12.12,49.52,18.12,29,29.79,562.75,,
0.155054095,9-23-2017,12,0.27,10,32.63,19.74,47.24,3.8,29.3,30.09,4022.25,,
0.763014365,04-01-2016,11,0.92,9.04,9.44,4.4,71.56,22.88,29,29.79,1206.5,,
0.83021996,10-12-2017,11,1,7.08,16.28,15.29,94.54,3.38,29.36,30.16,1049.5,,
0.050871684,7-22-2017,10,0.01,10,24.29,22.45,88.35,8.42,29.02,29.82,561,,
0.935029984,03-10-2016,16,0.06,10,10.17,7.41,23.29,5.99,8.93,30.09,186.75,,
0.26228825,4-14-2017,12,0.14,10,25.75,13.41,47.4,4.84,29.35,30.15,3363.75,,
0.009508374,11-12-2016,6,0,10,-1.36,-0.58,93,1.84,29.66,30.46,36.65,,
0.712506193,12-08-2016,8,0.04,7.72,-6.37,-9.38,21.93,18.76,8.54,30.33,457.5,,
0.325696458,04-08-2016,9,1,8,5.08,2.8,85.55,19,29.07,29.86,948,,
0.534473013,10-12-2017,16,1,10,17.57,14.59,81.47,5.81,29.33,30.12,718.25,,
0.874136018,12-13-2016,12,0.24,8.85,-5.27,-8.07,26.16,12.77,10.06,30.17,118.85,,
0.129541192,02-03-2017,13,0,10,-1.49,-13.4,20.43,12.92,8.54,30.47,4414,,
0.300375401,02-12-2016,12,1,6.12,-3.54,-6.09,79.08,18.08,29.39,30.19,555.75,,
0.666843243,4-15-2017,17,0,10,25.24,11.44,40.48,20.2,29.16,29.95,1169,,
0.724078771,9-24-2017,9,0,10,28.33,18.93,57.48,2.04,29.31,30.11,2753.5,,
0.773858893,8-28-2016,15,0.53,10,31.2,22.69,57.88,1.24,29.34,30.14,3254,,
0.475227053,4-27-2016,15,1,3.36,15.14,13.27,90.84,16.28,28.96,29.75,547.25,,
0.240980233,12-16-2016,7,1,10,-8.25,-13.48,64.04,15.96,29.42,30.22,33.75,,
0.873096249,3-14-2017,15,1,5.03,-2.33,-5.71,76.9,15.27,29.48,30.28,414,,
0.067063394,08-09-2017,6,0,10,15.58,14.71,88.92,0.2,29.42,30.22,124.25,,
0.820450898,04-09-2016,11,0,10,1.95,-9.58,42.24,6.48,29.48,30.28,4711,,
0.782679795,9-28-2016,15,1,10,15.15,9.96,69.88,10.52,29.18,29.97,895.25,,
0.407733781,7-26-2016,14,0,10,27.33,20.6,65,5,29.22,30.04,3591.25,,
0.186618456,06-04-2017,13,0.54,10,31.58,17.27,39.92,8.52,29.04,29.83,3707.25,,
0.009561936,2-25-2017,9,0.9,10,-2.95,-7.36,71.66,23.07,29.11,29.9,2534.25,,
0.511822266,10-08-2016,14,0,10,19.48,5.26,36.64,7,29.45,30.25,4038,,
0.641559812,5-14-2016,15,1,10,10.71,2.08,54.84,18.16,29.27,30.06,2206.25,,
0.443805858,2-13-2017,13,0,10,6.85,-3.09,48,9.64,29.46,30.26,3871,,
0.256613671,9-22-2017,12,0.43,10,32.93,20.56,46.56,3.76,29.28,30.07,3142.75,,
0.423148454,5-26-2017,10,0.01,10,21.68,16.53,71,15.4,28.99,29.79,1351.5,,
0.093071857,02-08-2017,15,1,1.11,-1.98,-2.5,93.8,14.27,29.15,29.94,20.15,,
0.203014943,10-18-2017,14,0,10,22.19,6.42,36.08,17.92,29.32,30.11,3782.25,,
0.491669547,02-10-2017,17,0,10,7.65,3.28,70.88,9.04,28.97,29.76,23.82,,
0.453532407,10-01-2017,10,0,10,18.96,5.67,41.6,10.92,29.43,30.23,3355.5,,
0.860881038,6-18-2016,9,0,10,26.85,12.59,38.04,8.72,29.41,30.21,3071.25,,
0.388502229,1-21-2017,15,0,10,16.67,11.06,66.72,11.2,28.73,29.51,1267,,
0.674847666,10-14-2016,14,0,10,20.34,7.24,41.32,7.8,29.37,30.17,3962.25,,
0.588346879,8-18-2017,12,0,10,27.65,17.47,51.72,8.68,29.14,29.93,4087,,
0.349588166,1-27-2017,17,1,10,-2.61,-5.62,77.64,18,29.15,29.94,0,,
0.16929039,04-05-2016,15,0.15,10,9.48,-3.73,38.56,12.12,29.47,30.27,3825.25,,
0.891791718,06-08-2016,6,0,10,14.68,11.93,80.28,4.28,29.24,30.03,303.5,,
0.351178644,10-19-2017,7,0,9.04,12.11,10.15,87.48,4.92,29.36,30.16,159.33,,
0.275862734,8-18-2016,17,0.14,9.96,28.27,23.84,73.04,6.72,29.2,29.99,1273.75,,
0.359814139,02-07-2016,16,0.14,10,7.12,2.37,70.68,13.28,29.03,29.82,334.75,,
0.2123142,05-06-2016,12,0.38,10,22.21,3.92,28.04,7.6,29.19,29.98,4373.75,,
0.867606601,08-06-2016,16,0.14,10,26.81,17.01,53.36,8.76,29.17,29.96,2793.5,,
0.387107983,7-15-2017,14,0.31,10,24.88,17.49,60.72,3.08,29.33,30.12,4432.5,,
0.460450023,09-03-2016,9,0,10,21,16.06,72.36,6.4,29.41,30.21,2934.5,,
0.82752586,4-14-2017,14,0.43,10,26.93,14.03,44.13,8.8,29.3,30.09,2781.5,,
0.111564003,02-06-2016,16,0,10,7.07,0.93,62.8,7.48,29.39,30.19,514.75,,
0.263944712,3-26-2016,13,0,10,14.29,3.58,48.8,10.48,29.3,30.09,4708,,
0.580146151,2-23-2016,14,0,10,9.41,-0.52,49.28,16.28,29.17,29.96,2509,,
0.808735392,9-22-2016,13,0,10,31.69,14.96,34.6,5.08,29.23,30.02,3928.25,,
0.996760075,10-18-2017,7,0,10,8.15,6.02,85.53,5.8,29.42,30.22,229.63,,
0.520929771,06-12-2017,13,0.29,10,33.1,19.12,43.36,11.48,29.18,29.97,3912.5,,
0.706134844,10-12-2016,16,1,8.4,14.18,13.47,92.58,14.6,29.25,30.04,137.65,,
0.24901032,11-06-2016,13,0,10,18.86,7.56,46.04,8.12,29.53,30.33,3458.25,,
0.445241478,03-11-2017,13,0,10,0.43,-18.18,23,7.72,29.65,30.45,2771.5,,
0.006532451,3-23-2016,7,0,10,13.35,8.94,72,15.2,28.99,29.78,250.98,,
0.03492437,06-07-2016,7,0,10,17.96,11.04,62.56,15.32,29.07,29.86,1134.75,,
0.156491336,07-09-2016,16,0.44,10,26.34,17.29,53.52,6.76,29.27,30.06,2056.5,,
0.478937568,9-21-2017,8,0,10,26.58,23.08,81.04,5.44,29.27,30.06,1660.5,,
0.067005653,4-14-2017,10,0.14,10,23.51,14.09,54.44,8.72,29.39,30.19,3212.5,,
0.092687867,03-10-2017,6,0,10,-1.79,-10.19,50.68,15,29.53,30.33,195.18,,
0.50026785,4-27-2017,8,1,10,7.94,5.8,83.78,19.3,28.84,29.63,666.25,,
0.671720661,09-05-2017,11,0,10,20.66,7.68,42,16.88,29.16,29.95,4587.25,,
0.324649331,6-25-2017,7,0,10,18.45,10,57.24,8.28,29.36,30.16,379,,
0.852202691,6-21-2016,16,0.01,10,27.96,17.09,50.24,10.64,29.17,29.96,3023.5,,
0.772402131,06-01-2016,15,0.63,10,26.31,20.07,67.16,4.81,29.15,29.94,1970.5,,
0.365040919,1-17-2017,10,1,3.42,6.11,5.97,96.85,14.5,29.14,29.93,552.5,,
0.575581718,10-22-2017,17,1,7,12.35,11.55,94.62,15.35,29.22,30.01,33.05,,
0.455561639,8-30-2017,15,0.55,10,25.66,16.77,56.44,4.8,29.27,30.06,2297.25,,
0.60040224,1-23-2017,11,1,10,3.94,2.66,89,14.96,28.97,29.76,446,,
0.656833103,1-25-2017,16,1,10,4.95,1.68,75.16,19,28.83,29.61,38.6,,
0.151895056,04-03-2016,12,0,10,15.15,2.44,43.6,24,29.1,29.89,4703.25,,
0.858725294,03-11-2017,7,0.31,10,-4.17,-15.29,41.48,9.68,29.68,30.48,1016.5,,
0.538039729,3-20-2016,15,1,10,6.89,-4.42,43.2,15.2,29.34,30.14,1469.75,,
0.110838532,06-10-2016,9,0,10,29.75,21.29,59.48,9.4,29.27,30.06,2941.75,,
0.618529784,6-26-2017,15,0.44,10,22.6,10.32,43.88,17.88,29.3,30.09,1280,,
0.28071586,10-07-2017,6,0.02,10,20.26,16.76,80.04,11,28.96,29.75,0,,
0.898481263,2-22-2016,7,0.03,10,-1.01,-2.24,86.54,3.77,29.39,30.18,804,,
0.205528945,6-25-2017,13,0.42,10,23.91,8.84,38.12,13,29.35,30.14,1580.5,,
0.501695855,09-06-2017,15,0.41,10,18.29,7.83,48.72,12.76,29.24,30.03,3226.25,,
0.461692528,8-19-2016,11,0.66,7.08,26.44,24.21,81.48,7.28,29.18,29.97,1593.75,,
0.44386684,2-26-2016,17,1,10,-0.07,-3.22,76.16,9.2,29.41,30.21,45.44,,
0.345047676,8-27-2016,16,0.53,10,29.41,24.38,70.8,6.68,29.25,30.04,1736,,
0.105971513,4-16-2017,11,0.91,10,18.71,17.12,86.88,12.72,29.23,30.02,1202,,
0.277211147,10-11-2017,12,1,9.68,16.42,15.18,93.48,9.72,29.27,30.06,560.5,,
0.061505538,6-18-2017,12,0.15,10,26.65,16.33,53,13.72,28.95,29.73,1576.75,,
0.176837156,8-18-2016,11,0.55,10,28.84,23.19,70.72,7.68,29.29,30.08,2485.25,,
0.273180254,01-12-2017,9,1,5.29,0.51,0.03,92.71,11.59,29.22,30.01,161.5,,
0.08584186,08-04-2017,17,0.73,10,20.99,12.5,56.28,11.92,29.22,30.01,1638,,
0.302842321,12-11-2016,9,0.08,8.15,1.28,-2.47,23.08,12,9.31,30.01,110.95,,
0.169751174,11-19-2016,8,1,10,2.02,-1.48,73.84,21.8,29.4,30.2,412.5,,
0.854153474,06-10-2017,17,0,10,29.34,11.98,31.92,16.92,29.08,29.87,1930.5,,
0.411249391,08-10-2016,10,0.39,10,29.11,21.9,59.44,3.22,29.31,30.11,3553.25,,
0.70654375,8-25-2017,17,0,10,22.33,12.1,50.32,8.52,29.42,30.22,1534.75,,
0.058128465,08-08-2017,7,0,10,17.53,12.05,65.32,7,29.41,30.21,831.75,,
0.186593724,10-08-2017,7,0.44,6.61,13.41,13.21,98.3,2.92,29.06,29.86,289.9,,
0.710864916,6-30-2016,16,0,10,25.35,15.96,21.06,9.28,8.52,29.94,2776.75,,
0.585850396,7-26-2017,8,0,10,24.17,20.07,79,7,29.3,30.09,1950.5,,
0.571163934,10-04-2016,9,0,10,22.1,14.36,59.64,10.68,29.27,30.06,2803.25,,
0.718853814,10-16-2017,15,0.14,10,18.11,4.33,40.36,8.76,29.47,30.27,3031,,
0.697959375,06-01-2016,17,0.28,10,26.17,19.61,64.16,4.92,29.14,29.93,1458.75,,
0.241936104,5-26-2016,9,0.83,8,18.48,18.47,93.15,12.85,29.2,29.99,80.05,,
0.378933946,03-05-2016,8,1,2.5,3.14,2.22,91.77,11.08,29.27,30.06,983,,
0.662586372,2-24-2016,16,1,1.62,0.87,0.25,92.15,26.26,28.72,29.51,65.43,,
0.389293342,03-08-2017,8,0,10,6.29,-0.41,60.32,17.8,29.33,30.12,2858,,
0.36548916,12-31-2016,12,0.03,10,8.02,-0.84,53.52,19.24,28.93,29.72,3599,,
0.131305455,8-13-2016,8,1,6.71,25.48,24.31,91,7.82,29.06,29.85,520,,
0.459217671,3-16-2017,15,0,10,7.18,-4.69,41.56,10.24,29.46,30.26,4023.25,,
0.554704316,7-23-2017,9,0.72,10,27.22,24.81,83.89,11.81,29.04,29.83,1436,,
0.224397272,06-10-2017,7,0,10,23.51,13.95,53.96,13.4,29.17,29.96,1091.5,,
0.983374535,8-17-2016,10,1,7,24.8,23.16,87.61,5.54,29.34,30.14,1627.25,,
0.578673566,10-04-2016,6,1,9.04,15.54,14.18,90,5.08,29.28,30.07,2.58,,
0.358709124,08-03-2017,17,0,10,25.21,21.06,73.36,6,29.11,29.9,1490,,
0.056945457,01-01-2017,7,0,8.96,-5.94,-6.74,89.12,3.76,29.29,30.08,140.1,,
0.287273985,02-06-2016,7,0.79,5.68,-3.21,-3.66,91.04,4.28,29.52,30.32,228.13,,
0.93516196,8-19-2016,10,1,5.84,25.26,23.76,87.11,8.27,29.19,29.98,1415,,
0.419594936,11-21-2016,9,0,10,-0.17,-4.54,70.28,2.04,29.53,30.33,3118,,
0.414557835,08-06-2016,11,0.65,10,26.84,18.36,56.56,5.96,29.21,30,3284.75,,
0.685769927,04-08-2016,12,1,10,5.81,1.69,76,24.52,29.09,29.88,1459.5,,
0.837571917,02-04-2017,14,0.28,10,1.34,-10.8,38.8,18.44,29.37,30.17,2723.5,,
0.082416125,2-23-2016,11,0,10,6.94,-0.95,56.64,16.72,29.26,30.05,4261.25,,
0.954880893,02-11-2017,17,1,10,15.57,13.6,85.68,2.12,29.04,29.83,9.28,,
0.761456008,8-13-2017,11,0.01,10,24.29,12.48,47,1.2,29.28,30.07,4335.5,,
0.908532032,8-25-2017,6,0,10,13.69,11.41,85.04,6.4,29.43,30.23,76.23,,
0.076889655,03-08-2016,13,0.01,10,20.32,12.5,60.36,21.52,29.14,29.93,3184,,
0.846106346,5-16-2016,7,0,10,11.74,2.9,53.16,10.16,29.41,30.21,1111.5,,
0.021365149,3-15-2017,14,0.42,10,-1.47,-8.28,56.64,10.8,29.57,30.37,4206.75,,
0.768062335,9-26-2016,10,0,10,20.21,5.23,35.72,14.4,29.29,30.08,4201.25,,
0.860651466,09-09-2017,10,0,10,22.19,14.07,58.36,10.56,29.57,30.37,3918.75,,
0.273815334,11-01-2016,15,0,10,25.55,15.04,49.32,13.8,29.15,29.94,2347.5,,
0.373225165,8-13-2016,11,0.84,7.55,25.59,22.79,79.32,11.12,29.09,29.88,2438,,
0.80828455,10-29-2016,13,0,10,26.41,15.5,50.72,19.08,29.16,29.95,3727.75,,
0.426668225,10-29-2016,8,0,10,19.91,15.65,76.44,17.76,29.22,30.01,1092.25,,
0.054334204,09-09-2017,13,0.01,10,25.01,13.97,51.72,11.6,29.54,30.34,4498.25,,
0.968400157,7-23-2016,11,0.44,10,29.45,24.4,75,6,29.2,30.02,3540.5,,
0.918653049,2-22-2017,6,1,0.01,6.88,7.34,97.28,1.92,29.08,29.87,8.85,,
0.231221454,8-21-2016,9,0.52,10,20.58,16.66,77.6,10.04,29.18,29.97,3072.75,,
0.806297852,10-14-2017,8,0.92,10,20.34,15.47,73,10.44,29.28,30.07,528.5,,
0.322313862,5-18-2016,7,0,10,10.99,3.72,59.72,9.04,29.43,30.23,1104,,
0.847857981,02-03-2016,10,1,10,3.13,1.02,81.88,19.4,28.94,29.73,205,,
0.786976036,4-26-2017,17,1,10,18.32,16.56,84,5.76,28.7,29.48,223.55,,
0.750296346,8-29-2017,17,0.42,10,24.52,18.29,66.41,7.04,29.22,30.01,1486.25,,
0.082652231,4-23-2016,11,0.73,10,15.9,8.75,58.7,6.19,29.36,30.16,3859.75,,
0.744890009,10-20-2017,10,0,10,22.54,12.84,54.32,8.76,29.41,30.21,3327.75,,
0.814379095,12-29-2016,8,0,10,0.49,-1.69,83.64,13.68,29.16,29.95,1156,,
0.235066673,3-18-2016,9,0,10,6.77,-2.03,53,10.76,29.31,30.11,2927.75,,
0.859920144,06-02-2017,7,0,10,21.83,9.01,42.84,0,29.34,30.13,1195.5,,
0.682617551,03-09-2017,17,0.7,10,10.57,-2.63,40.92,14.08,29.27,30.06,39.62,,
0.438262267,1-30-2017,6,0,9.92,-11.23,-11.46,90.72,1.08,29.21,30,0,,
0.378590385,09-06-2016,10,0.29,10,30.24,25.05,72,10.84,29.34,30.13,3444.5,,
0.885377032,1-18-2017,12,1,10,4.02,1.82,83.16,8.4,29.36,30.16,1700.75,,
0.514310712,9-16-2017,9,0,10,26.17,19.84,65.52,6.72,29.34,30.14,2778.75,,
0.833781218,8-24-2016,11,1,10,28.05,25.13,82.12,17.12,29.22,30.01,1105.25,,
0.599998737,8-29-2016,10,0,10,27.91,22.67,72.2,8,29.45,30.25,3415.25,,
0.448338491,10-01-2017,11,0,10,20.74,5.58,37.88,12.84,29.4,30.2,4271.25,,
0.332921179,09-12-2016,17,0,10,23.9,14.82,55.36,5.8,29.26,30.05,1226.25,,
0.735548991,07-09-2017,17,0.28,10,29.82,21.47,58.76,8.96,29.17,29.96,1481.75,,
0.331391408,3-29-2016,11,0,10,12.91,0.78,43.6,8.08,29.52,30.32,4679.5,,
0.943700963,9-28-2017,12,0.28,10,21.29,10.8,51.36,6.28,29.39,30.18,4601.25,,
0.858226144,4-28-2016,14,0.99,10,19.18,13.13,69.33,5,29.07,29.86,1601,,
0.293034959,6-14-2016,8,0,10,26.04,22.81,83.16,6.64,29.1,29.89,1661,,
0.690339312,5-14-2016,11,1,10,9.09,1.88,60.88,21,29.29,30.08,2342,,
0.71422181,6-18-2017,14,0.15,10,26.8,15.79,49.44,16.2,28.95,29.74,1385.25,,
0.479410344,3-27-2017,8,0.39,7.32,10.69,10,90.8,5.76,29.15,29.94,610,,
0.177696372,9-19-2016,13,0,10,30.13,11.94,30.52,9.92,29.27,30.06,4452.25,,
0.675922443,12-31-2016,15,0,10,6.04,-0.85,21.02,14.12,8.51,29.77,885,,
0.596950364,09-11-2017,12,0,10,23.01,9.59,42.76,10.44,29.41,30.21,4157.75,,
0.745961037,2-19-2016,14,0,10,17.42,5.62,45.2,27.92,28.96,29.75,3598.25,,
0.564613022,3-14-2017,6,0.78,9.92,-7.78,-7.85,91.68,7.72,29.45,30.25,0,,
0.093398962,7-24-2016,13,0,10,31.63,25,70,10,29.14,29.96,3725.25,,
0.588229023,06-09-2016,12,0.84,10,25.77,14.44,48.48,8,29.24,30.03,1417.75,,
0.185683998,03-09-2016,10,1,10,17.85,13.98,76.71,11.99,29.16,29.95,965,,
0.956960403,10-08-2017,13,0.01,10,25.74,11.02,40.28,11.72,28.98,29.77,4323.75,,
0.40786008,7-17-2016,7,0.42,10,21.71,20.19,87.84,8,29.32,30.11,755,,
0.445229924,6-14-2017,11,0.63,10,32.47,21.98,51.72,12.52,29.13,29.92,3811,,
0.252410424,3-29-2016,17,0,10,13.22,0.58,40.52,10.2,29.39,30.19,1482.75,,
0.152481733,9-14-2016,7,0.98,3.52,20.42,20.07,96.56,6.37,29.39,30.2,155.5,,
0.537814356,04-04-2017,8,1,5.53,11.21,10.59,93.39,12.65,28.91,29.7,512.5,,
0.595705656,9-27-2017,7,0.3,10,18.52,14.73,74.6,13.48,29.3,30.09,379.43,,
0.462164543,6-13-2016,12,0,10,30.45,15,39,0,29.17,29.99,4181.25,,
0.392202627,02-10-2016,15,0.38,10,-6.67,-12.92,59.04,10.52,29.27,30.06,880.25,,
0.473478622,07-08-2016,11,0.44,10,28.81,23.75,73.77,9.29,29.08,29.87,3891.75,,
0.260851637,10-03-2016,13,1,10,21.19,12.5,57.28,0.2,29.28,30.07,2183.25,,
0.655404673,08-03-2016,17,0.39,10,28.19,22.02,59.66,5.33,29.21,30,1194.5,,
0.539312141,10-04-2016,8,0,10,19.64,14.37,69.6,8.76,29.28,30.07,1681.75,,
0.106661172,10-22-2017,6,0.31,10,17.65,14.57,80.68,13.2,29.19,29.98,0,,
0.199471667,2-21-2016,9,0,10,5.67,2.14,79.53,10,29.26,30.06,3465,,
0.861837184,5-23-2017,13,0.92,10,20.22,11.28,53.64,5.08,28.95,29.74,1830,,
0.75227899,08-09-2016,13,0.69,10,29.33,19.88,51.89,5.11,29.22,30.01,1866.75,,
0.092456775,10-28-2017,15,1,10,4.18,-0.04,74.6,12.16,29.14,29.93,338.5,,
0.017917451,12-16-2016,14,1,10,-4.78,-11.41,58.72,15.68,29.17,29.96,167.25,,
0.86306629,2-20-2017,8,1,0.24,8.01,8.05,99.47,8.73,29.34,30.14,881.75,,
0.155536275,11-18-2016,7,0,10,13.45,8.58,72.64,12.56,29.09,29.88,408.75,,
0.1597758,08-10-2016,16,0.21,10,30.67,21.95,55.94,3.12,29.25,30.05,2567.75,,
0.494002415,5-21-2016,7,0.32,10,15,8.23,58.55,7.04,29.31,30.1,665,,
0.227264876,06-09-2016,16,0,10,29.44,14.7,37.28,13,29.15,29.94,2743.75,,
0.271749704,3-14-2017,12,1,2.28,-3.12,-5.32,83.76,4.44,29.5,30.3,351.25,,
0.736464937,5-28-2017,16,0.42,10,25.38,12.39,42.32,18.2,28.99,29.78,2866.75,,
0.224749996,8-21-2017,16,0.24,10,28.69,22.74,66.6,7.72,29.24,30.03,1643.75,,
0.802795396,9-24-2016,15,0.62,10,30.45,19.93,51.92,7.8,29.29,30.08,2507.75,,
0.208962341,12-18-2016,13,0.44,9.84,-12.51,-14.92,81.12,10.32,29.73,30.53,2063,,
0.795978338,5-13-2017,16,0,10,26.41,8.68,30.36,14.68,29.07,29.86,2966.75,,
0.57252825,4-25-2016,8,0,10,22.29,12.6,52.6,15.36,29.01,29.8,2024.5,,
0.901601695,6-19-2017,6,0.16,10,19.6,16.34,79.52,7.96,29.09,29.88,94.13,,
0.439419974,11-15-2016,16,0,10,12.69,7.12,65.76,7.12,29.12,29.91,84.93,,
0.082460577,6-18-2016,8,0,10,25.14,12.7,43.04,10.76,29.41,30.21,2175.5,,
0.542423396,9-15-2016,13,0.56,10,27.61,18.96,57.52,5.8,29.35,30.14,3208.75,,
0.428944049,09-01-2017,9,0.28,10,15.91,11.62,75.2,17.04,29.32,30.12,2299,,
0.431168492,6-24-2016,12,0.75,10,26.97,20.14,63.83,1.82,29.29,30.08,2828.5,,
0.370434539,10-18-2016,13,1,10,25.63,19.95,68.16,12,28.97,29.76,590.5,,
0.767180651,2-22-2016,10,0.41,10,4.11,-1.27,65.72,10.68,29.37,30.17,3160.5,,
0.318045636,02-12-2017,12,0.29,10,10.46,3.35,61.8,29,29.35,30.14,4637.25,,
0.891629912,8-15-2016,14,1,6.68,24.2,23.41,94.5,13.53,29.16,29.96,817.25,,
0.100781417,4-18-2017,17,0.55,10,24.04,13.66,49.92,16,29.19,29.98,0,,
0.621676599,9-24-2017,14,0.53,10,33.26,15.27,32.84,5,29.22,30.01,3499.5,,
0.871720904,10-09-2017,9,1,1.08,18.8,18.49,98.12,0.26,29.15,29.94,959,,
0.885249139,12-31-2016,14,0,10,7.01,-0.57,56.96,15.12,28.96,29.75,1905.5,,
0.161524865,10-08-2017,11,0,10,23.52,13.16,53.44,10.16,29.05,29.84,4300.25,,
0.810478219,01-06-2017,17,0.73,10,-14.99,-18.01,69.8,5.12,29.54,30.34,0,,
0.807374774,3-27-2017,13,1,10,15.61,11.65,80.17,7.6,29.09,29.88,1858.5,,
0.603266434,07-06-2016,15,0,10,21.99,2.95,21.66,6.96,29.07,29.86,2437.5,,
0.734703564,5-30-2017,12,0.54,10,24.09,5.11,29.48,16.96,29.23,30.02,2810.25,,
0.02651369,9-21-2016,16,0,10,29.38,19.62,59.93,13.68,29.35,30.14,1801.5,,
0.932068387,7-29-2016,11,0.94,10,26.18,22.79,76.67,6,29.15,29.94,2478.25,,
0.086081132,9-15-2016,6,0.96,2.46,17.98,17.64,97.92,7.04,29.41,30.21,21.4,,
0.778516242,10-13-2017,12,0,10,22.93,15.28,63.64,13.68,29.31,30.11,4224.5,,
0.298405188,11-04-2016,11,0,10,14.63,7.19,60.56,4.72,29.64,30.44,4099.25,,
0.89496697,12-10-2016,7,0.04,9.04,-5.22,-8.02,21.93,6.4,8.54,30.54,77.01,,
0.532942594,07-01-2016,15,0.01,10,25.15,11.98,43.48,8.76,29.3,30.09,3090,,
0.776748975,7-15-2017,12,1,10,23.29,16.87,64.64,0.2,29.36,30.15,2913.5,,
0.830799922,08-12-2017,15,0.14,10,25.1,12.39,44.56,9,29.27,30.06,3771.75,,
0.532377617,12-02-2016,6,1,10,2.28,0.44,85.72,8.32,29.35,30.15,0,,
0.457447573,07-08-2017,6,0,10,19.26,17.35,87.12,6.6,29.21,30,205.68,,
0.958292852,07-10-2016,17,0.02,10,27.34,18.99,57.89,5.67,29.22,30.01,1931.75,,
0.144618909,4-27-2016,8,1,5.64,12.17,9.62,81.2,17.28,29,29.79,357.25,,
0.607604322,8-17-2016,6,1,0.04,21.48,21.73,98.93,3.21,29.34,30.14,29.75,,
0.174443466,8-17-2017,13,0.81,10,28.44,21.14,62.36,14.81,29.03,29.82,3580.75,,
0.015221697,3-30-2016,8,1,10,9.05,2.28,63.8,14.12,29.15,29.94,366.5,,
0.261306448,08-10-2016,15,0.42,10,31.08,21.99,56.04,3.64,29.27,30.06,2502.5,,
0.254856546,5-14-2017,8,0,10,23.79,13.31,50.64,14.72,29.17,29.96,2386.5,,
0.216313215,6-24-2017,9,0.53,10,21.71,14.99,63.88,12.6,29.23,30.02,1032,,
0.0278817,9-22-2016,9,0,10,27.32,17.68,55.44,7.08,29.31,30.11,2883.25,,
0.42196224,10-01-2017,17,0,10,21.29,7.2,38.6,6.36,29.31,30.1,819.25,,
0.878451325,02-03-2017,10,0.15,10,-5.06,-11.95,21.06,12.12,8.54,30.51,3659.25,,
0.638849823,09-04-2016,17,0,10,25.84,17.5,63.36,6,29.33,30.12,1424.5,,
0.679790665,9-15-2016,9,0.03,9.96,22.21,18.65,76.64,6.76,29.42,30.22,1248.75,,
0.748108901,3-15-2017,6,0,10,-9.86,-12.79,72.88,9.64,29.58,30.38,0,,
0.268342458,07-11-2017,17,0.01,10,29.03,25.61,80.64,8.84,29.14,29.93,1748.5,,
0.780499593,6-20-2016,16,0.64,10,32.32,21.96,53.84,13.36,29.25,30.04,2464,,
0.088325019,7-16-2016,6,0,9.92,18.15,16.32,86.16,6.92,29.34,30.14,146.58,,
0.49212514,5-29-2017,7,0,10,20.87,13.09,58.64,6.4,29.09,29.88,1194.5,,
0.075138663,4-18-2016,13,0,10,27.62,3.88,20.32,8.52,29.45,30.25,4383.75,,
0.031431198,12-15-2016,16,0,10,-9.51,-18.86,45.44,2.84,29.65,30.45,15.18,,
0.196006987,03-03-2016,16,1,1.17,3.37,1.81,96,7.81,29.17,29.96,75,,
0.797817722,8-27-2016,7,0.83,10,23.42,22.41,93.52,5.4,29.31,30.1,529.5,,
0.495834061,05-04-2017,6,1,4.96,8.2,7.9,94.92,21.92,29.08,29.88,5.01,,
0.269679991,9-19-2017,17,0.14,10,26.24,20.32,71.25,0.12,29.11,29.9,1070,,
0.682551467,05-09-2017,7,0.52,10,12.4,9.29,79.48,13.04,29.11,29.9,432.75,,
0.841877227,05-05-2016,15,0.15,10,18.86,5.74,41.88,9.08,29.17,29.96,2366.25,,
0.897368162,11-02-2016,12,0.99,7.12,23.15,17.01,74.81,5.04,29.34,30.13,2250.5,,
0.669862689,2-24-2016,14,1,0.82,0.54,-0.11,92,28.91,28.66,29.45,220.25,,
0.333259592,8-28-2016,13,0.16,10,30.87,23.91,63.64,5.96,29.37,30.17,3681.25,,
0.837219897,4-13-2017,12,0.43,10,24.18,12.08,45.64,7.4,29.4,30.2,4545.25,,
0.641206291,8-15-2016,16,1,5.26,23.47,23.23,95.58,12.68,29.15,29.94,336.75,,
0.135561058,7-29-2017,12,0.03,10,23.93,12.95,47.76,11.92,29.31,30.11,3445.25,,
0.947212375,4-13-2016,17,0,10,15.24,-0.09,34,8.68,29.4,30.2,1789.75,,
0.700339241,6-19-2016,14,0.41,10,31.46,21.78,53.34,6.44,29.39,30.19,3405.5,,
0.718992807,12-30-2016,8,0,10,-2.45,-5.16,79.28,8.4,29.35,30.15,1177.5,,
0.543746073,9-20-2016,14,0.03,10,31.63,19.18,45.28,0.24,29.31,30.1,3268.25,,
0.287307569,2-23-2016,10,0,10,5.22,-1.2,64.88,15.32,29.27,30.06,3986.25,,
0.756900927,03-05-2016,11,1,8.12,6.16,1.96,74.39,14.61,29.29,30.08,1907.75,,
0.759196414,10-16-2016,8,0.93,7.18,18.13,17.66,93.93,12.21,29.18,29.98,110.6,,
0.753880386,7-21-2016,9,0.02,10,29.33,25.82,75.22,8.11,29.31,30.11,1789.75,,
0.033960381,7-23-2016,10,0,10,28.96,23.9,74,7,29.2,30.02,3294,,
0.394931721,10-11-2016,15,0,10,25.47,7.6,30.56,9.6,29.3,30.09,3083,,
0.72947909,10-03-2017,14,1,8.88,22.57,20.74,90.84,11.76,29.51,30.31,895.25,,
0.183065367,2-23-2016,16,0,10,7.9,-0.29,55.76,16.4,29.15,29.94,299,,
0.343423342,6-23-2017,17,0,10,26,13.28,44.76,9.84,28.97,29.76,543,,
0.201419078,05-09-2016,14,1,10,20.41,17.25,86.37,13.76,29.09,29.88,1824.25,,
0.7169741,4-21-2017,12,0,10,12.51,3.58,54.28,10.64,29.28,30.07,2561.75,,
0.469975995,6-21-2017,8,0.01,10,23.58,18.36,73.12,4.04,29.18,29.97,760.75,,
0.030042288,6-17-2016,12,0.21,10,28.4,16.94,45.82,10.47,29.24,30.03,4497.75,,
0.629271914,9-18-2017,7,0.04,9.88,20.22,17.15,83.28,6,29.3,30.09,278.25,,
0.269501532,10-07-2016,14,0,10,17.76,10,58.6,12.48,29.35,30.14,3152.5,,
0.910402161,3-16-2016,17,0.14,9.88,14.45,-1.46,32.52,18.84,29.06,29.85,1336.75,,
0.090614401,3-30-2016,9,1,10,11.39,3.45,58.68,17.32,29.13,29.92,544.75,,
0.665444756,03-05-2016,7,1,1.63,2.36,2.05,95.7,7.23,29.26,30.05,270.38,,
0.006522901,3-26-2017,9,1,8.4,14.73,12.98,86.53,12.08,29.08,29.87,1419.25,,
0.993733946,10-13-2016,11,0,10,11.98,4.32,58.2,3.8,29.53,30.33,4607.25,,
0.122133175,10-16-2016,14,1,10,22.61,19.48,75.68,7.96,29.12,29.91,1295,,
0.961264884,4-26-2016,16,0.46,9.96,18.11,10.2,60.15,14.04,28.99,29.78,162.13,,
0.24813982,5-30-2017,6,0.01,10,16.21,9.57,62.12,7.68,29.23,30.02,299,,
0.151313296,1-25-2017,12,1,7.12,6.31,4.52,82.76,19.72,28.76,29.54,424.5,,
0.777434641,2-13-2016,7,0,10,-14.93,-20.09,62.16,6.08,29.79,30.59,503,,
0.523338618,10-24-2016,15,0,8.08,16.34,4.35,43.56,6.08,29.55,30.35,1910.75,,
0.952483258,06-06-2017,9,0,10,21.72,10.24,48.84,14.68,29.22,30.01,3574.75,,
0.107315154,07-04-2016,16,1,10,24.21,21.34,82.84,0,29.07,29.86,1564,,
0.487878316,6-19-2017,16,0.29,10,27.13,10.85,34.88,18.76,29.11,29.9,1059,,
0.916242482,04-10-2017,6,0.99,9.63,17.56,11.48,63.81,15,29.1,29.89,66.75,,
0.978424844,4-13-2016,12,0,10,13.6,0.46,39.12,6.76,29.47,30.27,3926.5,,
0.696460705,2-24-2016,12,1,1.03,0.5,-0.08,92,29.57,28.66,29.44,273.25,,
0.796995474,09-11-2016,13,0.01,10,24.21,10.73,42.32,0.24,29.39,30.19,4475.25,,
0.167864455,5-23-2017,16,1,10,18.49,13.1,67.16,6.68,28.9,29.69,644.25,,
0.46685199,06-12-2016,6,0,10,24.99,19.2,71.44,7.6,29.28,30.07,303.75,,
0.036112911,1-28-2017,9,1,10,-0.82,-2.64,84.08,13.12,29.03,29.82,462.25,,
0.099528011,07-01-2017,14,0.62,10,28.31,16.31,46.2,13.2,29.2,29.99,1307.5,,
0.435250714,02-02-2016,16,1,4.68,12.79,11.72,95.2,17.96,28.71,29.49,115.5,,
0.692385361,07-03-2017,17,0.01,10,30.46,18.52,46.72,6,29.22,30.01,527.25,,
0.056629494,12-13-2016,8,0.11,1.55,-1.94,-2.86,27.4,7.59,10.05,30.14,16.44,,
0.831682484,06-12-2016,11,0,10,29.67,17.99,48.23,8,29.3,30.09,4043,,
0.050538771,8-29-2016,17,0,10,29.64,24.08,67.64,2.76,29.36,30.16,1347.75,,
0.416697365,06-04-2016,11,1,9.58,18.3,17.85,94.38,7.96,29.07,29.86,477.5,,
0.185528268,12-30-2016,15,0.14,10,2.46,-4.14,60.92,12.4,29.24,30.03,935,,
0.380269428,10-21-2017,15,0.01,10,24.99,15.44,56.36,14.44,29.24,30.03,2158.5,,
0.147380153,09-09-2016,16,1,7.34,24.67,23.52,92.94,4.56,29.07,29.87,354.5,,
0.142136621,07-11-2016,9,0.11,10,27.79,23.84,77.49,10.73,29.22,30.01,3005.25,,
0.777914829,10-01-2016,17,0.7,10,18.37,14.71,78.56,6.2,29.2,29.99,810.25,,
0.264783591,2-14-2016,11,1,1.12,-7.58,-9.21,85.38,16.96,29.4,30.2,749,,
0.182894452,9-21-2017,9,0,10,28.98,23.46,72.44,5.08,29.27,30.06,2701.75,,
0.886217608,08-04-2016,9,0,10,27.92,21.92,66.77,0,29.21,30,1958.75,,
0.908858891,07-07-2017,10,0.56,10,30.32,22.6,62.84,13.44,29.11,29.9,2403,,
0.398596056,4-17-2017,8,0,10,15.56,6.08,50.87,5.72,29.39,30.18,1159,,
0.664674248,5-20-2016,13,1,10,19.58,5.29,36.76,10.24,29.28,30.07,1408.75,,
0.312533105,1-28-2017,16,1,10,1.02,-1.56,80.45,13.36,29.02,29.81,46.1,,
0.573521579,06-10-2017,16,0,10,30.23,11.47,29.56,18.96,29.08,29.87,3029,,
0.029675885,1-13-2017,8,0,10,-5,-8.12,75.92,13.2,29.86,30.67,758.75,,
0.954449304,02-09-2016,16,1,3.84,-7.5,-10.8,76.26,18.68,29.14,29.94,184.88,,
0.814862987,10-16-2016,12,1,9.96,20.25,18.64,87.12,9.36,29.16,29.95,970.25,,
0.676280909,5-16-2017,9,0,10,26.45,16.86,54.12,18.76,29.1,29.89,3076.25,,
0.849395391,8-16-2016,16,0.01,10,27.68,22.62,71.44,3.12,29.29,30.08,1788.25,,
0.150013586,01-07-2017,16,0.96,10,-7.28,-11.27,67.64,12.2,29.74,30.54,83.08,,
0.570834615,06-04-2017,8,0,10,27.67,19.78,61.44,10.04,29.14,29.93,1902,,
0.02706807,11-30-2016,6,0,10,0.91,0.21,88.04,5.36,28.87,29.65,1.85,,
0.766544209,2-26-2016,6,0,10,-3.15,-4.36,84.16,7,29.46,30.26,67.42,,
0.139375249,04-10-2017,11,0.29,9.85,19.02,13.81,67.03,21.41,29.12,29.91,687.5,,
0.13498405,9-13-2017,6,1,10,17.66,15.55,84,4.44,28.98,29.77,1.32,,
0.505455911,2-28-2016,16,0.04,10,16.05,9.1,21.38,20.08,8.51,29.54,18.88,,
0.584268398,3-17-2016,8,0,10,9.44,1.43,57.12,14.8,29.14,29.93,1584.75,,
0.942857134,9-21-2017,6,0,4.68,21.01,20.74,96.72,1.2,29.23,30.02,10.85,,
0.139854612,05-09-2017,10,0.14,10,21.18,14.48,66.56,6.52,29.1,29.89,3969,,
0.669399522,5-31-2016,15,0.04,9.85,28.84,15.41,22.35,7.23,9.3,29.93,2638.75,,
0.140459965,6-16-2016,8,0.28,10,25.27,19.62,70.28,9.48,29.05,29.84,2138,,
0.493867253,06-08-2016,14,0,10,24.64,5.99,29.04,6.4,29.21,30,4217.5,,
0.779665241,11-01-2016,8,0,10,18.75,14.7,71.92,11.76,29.18,29.97,559.5,,
0.382745655,10-20-2017,8,0,10,16.29,12.54,79.04,6.2,29.44,30.24,1256,,
0.524277702,6-13-2016,17,0,10,30.97,17.2,39,0,29.06,29.88,1681.5,,
0.33295757,8-24-2016,15,0.43,10,29.37,24.55,72.88,12.16,29.19,29.98,2663,,
0.546912776,08-06-2017,13,1,10,21.76,18.03,80.92,7.32,29.23,30.02,1883.5,,
0.407927188,5-28-2017,7,0.59,6.71,19.33,18.14,89.11,1.95,28.95,29.74,655.25,,
0.887358523,6-16-2017,14,0.53,10,30.81,19.97,49.48,10.6,29.03,29.82,0,,
0.295011817,5-18-2017,16,0.31,9.96,30.29,15.51,40.89,12.92,29.06,29.85,1074.75,,
0.405444393,10-07-2017,17,0.82,9.04,16.8,15.15,89.88,14.08,28.87,29.65,35,,
0.622334755,9-27-2016,10,0,10,21.83,3.11,27.96,15.44,29.12,29.91,4046.75,,
0.081680031,9-13-2017,12,0.99,10,20.9,17.27,80.73,0.23,28.97,29.76,2421.75,,
0.97881049,09-12-2017,7,0,10,14.44,12.17,83.64,8.36,29.2,29.99,297.5,,
0.097895138,04-12-2016,10,0,10,7.71,-3.56,44.72,8.72,29.57,30.37,4497.75,,
0.819641075,10-21-2017,14,0.28,10,24.65,15.28,56.96,15.76,29.27,30.06,1171.75,,
0.223699853,2-27-2016,8,0,7.88,0.65,-0.89,85.48,9.28,29.29,30.08,2483.75,,
0.739184712,09-05-2016,16,0.52,10,31,23.24,60.64,8.12,29.27,30.06,2193.75,,
0.969916773,9-29-2016,17,0.03,10,18.75,15.16,21.34,11.76,8.53,30.14,737.75,,
0.163780231,6-24-2016,14,0.5,10,28.05,19.56,45.89,3.44,22.36,30.07,3301.75,,
0.840696324,09-08-2016,11,0.85,9.58,24.62,24.3,95.85,5.73,29.15,29.94,571.25,,
0.719274496,11-01-2016,14,0,10,25.96,14.61,46.56,14.88,29.15,29.94,3046.25,,
0.456600389,03-02-2016,8,0,10,-5.15,-10.15,64.8,6.72,29.42,30.22,2782,,
0.481466728,7-29-2016,15,0.44,10,26.86,20,63,9,29.08,29.9,2857.5,,
0.93025638,3-25-2017,9,0,10,17.96,14.28,75.44,17.04,29.16,29.95,625.75,,
0.360836125,2-18-2017,7,0,10,6.18,3.83,78.8,6.48,28.97,29.76,264.5,,
0.885679257,7-23-2017,6,0.29,9.92,24.76,24.48,71.2,8.36,22.22,29.86,60.86,,
0.1187196,03-09-2017,7,0,10,2.72,-3.06,66.36,8.44,29.34,30.14,1226,,
0.529565252,07-10-2017,10,0.9,10,22.56,19.5,76.96,8.92,29.07,29.86,252.5,,
0.68684501,8-14-2016,7,0,9.96,20.72,20.12,89.16,0.96,29.26,30.05,388.25,,
0.958698968,04-02-2016,11,0.98,10,9,-1.26,49.72,37.28,28.87,29.65,3880.25,,
0.35648511,7-26-2017,11,0,10,28.65,22.95,71.36,6.72,29.28,30.07,3781.75,,
0.314781607,5-14-2017,12,0,10,28.07,11.16,32.92,17.76,29.12,29.91,4624.5,,
0.472375874,09-01-2017,15,0,10,20.86,11.99,54.04,14.68,29.29,30.08,3618,,
0.374065965,11-19-2016,15,1,10,3.16,-3.5,61.08,21.4,29.48,30.28,231.75,,
0.747296924,7-28-2016,8,0.75,10,21.8,20,90,5,29.1,29.92,135.53,,
0.327087525,04-01-2017,15,0.14,10,13.79,4.4,51.08,6.2,29.39,30.19,3347.25,,
0.09284309,5-25-2016,17,0,10,27.85,17.48,53.28,15.68,29.12,29.91,1326.5,,
0.812477222,09-01-2016,15,0.39,10,23.91,14.6,55.2,16.6,29.34,30.14,3054.75,,
0.662523331,6-27-2017,9,0,10,20.49,8.45,45.6,2.56,29.38,30.18,1168.25,,
0.905535168,6-26-2016,14,0.85,9.28,30.85,24.64,67.93,9.64,29.19,29.99,3279.5,,
0.05645327,08-09-2017,9,0,10,24.49,14.27,51.84,6.36,29.43,30.23,3030.25,,
0.437264047,02-07-2016,8,0,10,2.96,-0.76,71.08,16.6,29.15,29.94,1249.5,,
0.664288407,9-15-2017,8,0,9,21.36,18.95,85.28,6.08,29.27,30.06,1746.75,,
0.982240593,7-29-2016,7,0.84,2.5,21.77,21.12,96.6,4.6,29.12,29.94,783,,
0.035620162,4-24-2017,14,0,10,25.05,-1.95,15.6,12.12,29.04,29.83,4548.25,,
0.252731528,3-21-2016,15,0,10,11.49,-2.72,36.28,12.76,29.31,30.11,4042.25,,
0.938265242,8-21-2016,10,0.43,10,21.64,16.14,69.08,9.96,29.19,29.98,3934.75,,
0.6592526,3-17-2017,14,1,7.85,10.47,8.54,88.58,8.57,29.18,29.97,845.5,,
0.033110456,5-26-2017,6,0,4.68,15.11,13.73,90.96,5.12,29.07,29.86,336,,
0.882514516,3-13-2016,11,1,6.61,15.17,14.85,97.77,7.11,28.94,29.73,666.25,,
0.381472158,11-11-2016,17,0.28,10,7.76,2.36,65.6,13,29.54,30.34,0,,
0.520370863,09-11-2016,6,0,10,11.81,12.43,94.92,1.08,29.42,30.22,30.25,,
0.340797469,3-23-2016,9,0,10,17.06,10.08,61.72,21.2,29.01,29.8,2761.5,,
0.024619644,3-25-2016,14,0.9,10,6.64,0.81,64.12,0.38,29.28,30.07,2953.25,,
0.95912248,9-16-2017,16,0.01,10,30.74,15.53,38.84,3.52,29.25,30.04,2408.25,,
0.014050681,2-27-2016,16,0,10,11.57,3.45,56.2,14.8,29.15,29.94,1197.25,,
0.716963743,03-06-2016,14,0,10,12.07,3.78,55,20.68,29.3,30.09,2315.75,,
0.854601428,2-18-2017,12,0,10,17.81,5.58,42.96,12.36,28.97,29.76,2747.75,,
0.619024535,04-11-2017,16,0.62,10,13.79,5.54,54.76,8.08,29.44,30.24,2125.5,,
0.707594606,02-11-2016,7,0,10,-12.14,-15.65,68.47,8.56,29.48,30.28,542.25,,
0.998410519,9-24-2016,10,0,8.04,26.87,20.33,66.28,5.64,29.36,30.15,3473,,
0.299116153,5-15-2016,13,0.01,10,13.08,-1.24,37.64,12.8,29.37,30.17,4491.25,,
0.280934265,07-07-2017,8,0,10,28.18,22.95,71.36,11.76,29.13,29.92,701.75,,
0.165461789,8-23-2017,14,0.3,10,24.72,10.79,39,9.68,29.26,30.05,3436.5,,
0.364171661,7-14-2016,7,0,10,22.18,20.37,85.92,7.92,29.16,29.95,755.75,,
0.606626756,5-22-2017,11,0,10,20.74,10.18,49,12.08,29.27,30.06,4716.25,,
0.509101512,7-27-2016,11,0,10,27.98,21.1,65,6,29.21,30.03,4292.25,,
0.35806773,3-28-2017,17,1,10,10.56,6.05,75.6,11.32,29.33,30.12,456.25,,
0.594594564,3-28-2016,10,0.97,10,8.88,3.42,66.69,12.65,29.32,30.12,3076.25,,
0.758812206,5-26-2017,14,0.55,10,25.63,18.2,64.24,15.08,28.98,29.77,2385.75,,
0.874493526,4-21-2017,13,0,10,13.15,3.68,50.44,10.68,29.27,30.06,2296,,
0.454341361,2-23-2017,11,0.91,9.88,14.54,11.7,79.32,2.04,28.98,29.77,842.25,,
0.888548179,7-28-2016,16,0.22,10,25.58,22.5,77,1.5,29.07,29.89,525.75,,
0.152876652,7-13-2016,11,0.01,10,27.49,24.03,85,9.96,29.15,29.94,2254.75,,
0.518711859,4-26-2017,12,0.83,10,25.5,13.08,45.04,14.47,28.75,29.53,2896.25,,
0.071435138,9-17-2017,13,0.7,10,31.23,19.17,47.64,7.72,29.25,30.04,3665.5,,
0.69761942,1-17-2017,12,1,9.04,5.99,5.65,93.8,16.16,29.13,29.92,331.75,,
0.606725664,6-13-2017,14,0.4,10,33.85,21.54,47.04,11.12,29.14,29.93,2484.5,,
0.409624473,7-26-2017,12,0.02,10,29.45,23.4,70.08,6.64,29.27,30.06,3268.75,,
0.636704825,3-19-2016,6,1,10,2.08,0.67,85.84,9.28,29.33,30.12,0,,
0.950123506,8-27-2017,11,0.38,10,25.49,15.12,53.16,5.4,29.33,30.12,4134,,
0.438942487,2-27-2017,17,0.29,10,12.47,3.74,20.83,8.84,8.53,30.07,101.11,,
0.663066944,3-26-2017,16,1,10,13.87,10.92,78.64,12.12,29.08,29.87,736.5,,
0.92525367,08-07-2017,11,1,10,22.74,16.92,66.32,5.68,29.26,30.05,1949.25,,
0.981934152,6-25-2017,8,0,10,20.27,9.42,48.92,10.28,29.37,30.17,810.75,,
0.100699692,5-22-2016,13,0.14,10,28.5,5.63,22.36,11.72,29.23,30.02,4393.5,,
0.72530591,07-11-2017,13,0.17,10,24.14,22.34,89.04,3.12,29.19,29.98,640.25,,
0.715172789,02-06-2017,16,1,0.01,6.59,6.68,98.56,8.68,29,29.79,72.55,,
0.901043596,06-06-2017,12,0,10,24.71,8.24,32.96,13.12,29.19,29.98,4719.75,,
0.370533278,2-25-2016,13,1,10,1.91,-2.3,70.92,15.57,29.23,30.02,2038.75,,
0.353496829,02-12-2017,7,0.8,4.72,2.84,2.07,93.68,11.84,29.27,30.06,149.03,,
0.314843331,11-09-2016,12,0.44,10,12.18,6.66,64.96,11.32,29.52,30.32,3875,,
0.095850112,06-04-2016,9,1,5.24,17.05,16.93,95.72,10.04,29.1,29.89,244.75,,
0.411958866,03-12-2017,16,0,10,2.63,-12.4,31.16,7.44,29.52,30.32,1984,,
0.566737782,07-12-2017,8,0,10,27.34,23.26,77.08,14.04,29.19,29.98,2009.5,,
0.270966141,6-30-2017,8,0.81,10,25.98,23.25,80.85,9.3,29.09,29.88,596,,
0.616266415,04-10-2016,14,1,8.41,10.56,9.44,90.03,18.18,29,29.79,280,,
0.828177102,1-14-2017,8,1,2.91,-0.71,-1.31,95.23,2.67,29.67,30.47,68.08,,
0.398161616,4-22-2016,14,0.96,9.96,14.21,10.14,77.6,14.36,29.26,30.05,4655.75,,
0.149371267,8-15-2016,11,1,1.26,22.34,22.41,98.43,2.46,29.24,30.03,386.75,,
0.401624399,7-27-2016,9,0,10,26.5,21.1,72,7,29.2,30.02,3025.25,,
0.494537571,10-12-2017,13,1,7.84,16.79,15.6,93.74,6.46,29.34,30.13,1036,,
0.837489231,10-17-2017,15,0,10,20.41,5.03,36.48,11.76,29.39,30.19,2996.5,,
0.698658816,3-13-2016,10,1,5.04,14.52,14.05,99.77,6.46,28.96,29.75,500.75,,
0.738690195,12-02-2016,10,1,9.89,3.84,1.6,82.77,10.61,29.42,30.22,832.25,,
0.929118086,08-10-2017,14,0.29,10,29.07,18.01,47.56,8.36,29.26,30.05,3090.75,,
0.712500435,11-02-2016,17,0.45,7.4,20.19,18.09,89.23,16.03,29.3,30.1,61.46,,
0.12045644,01-05-2017,11,1,8.85,-10.9,-14.23,74.72,6.21,29.28,30.08,135.2,,
0.044016746,10-21-2016,16,0.01,10,12.29,3.02,51.56,10.56,29.34,30.13,1612.75,,
0.66220997,02-11-2016,10,0,10,-7.91,-15.4,52.64,7.4,29.53,30.33,4471.25,,
0.121977039,08-05-2016,8,0,10,25.28,21.1,77,0,29.12,29.94,1921.5,,
0.76325626,5-22-2016,16,0.03,10,28.75,5.28,22,14.8,29.19,29.98,1609.5,,
0.197318253,12-05-2016,8,1,9,0.66,-0.01,93.16,8.36,29.27,30.06,33.03,,
0.067511456,05-07-2017,13,0,10,16.33,3.45,42.4,8.44,29.24,30.03,4713.25,,
0.067749391,3-29-2017,11,0,10,14.17,3.25,46.28,17.32,29.34,30.14,3596.25,,
0.739798875,10-10-2017,10,0.91,10,21.05,17.83,82.72,12.76,29.29,30.08,1100,,
0.913349685,1-23-2017,8,1,7.92,3.71,2.94,91.73,16.46,28.95,29.74,195.58,,
0.009041258,4-16-2017,9,0.84,10,17.14,16.06,89.76,14.32,29.22,30.01,651.25,,
0.374250815,2-15-2016,6,1,5,-4.1,-4.52,94.72,6.76,29.13,29.92,0.95,,
0.569624142,6-17-2017,16,0.72,10,30.12,20.77,53.4,10.04,28.88,29.67,898.25,,
0.412983342,05-01-2016,8,1,3.54,12.48,12.5,97.54,6.89,29.15,29.94,874.75,,
0.944906226,1-16-2017,9,1,0.17,2.33,2.12,98.56,7.12,29.41,30.21,309.25,,
0.907618133,04-11-2017,9,1,10,11.06,7.99,82.24,8.34,29.43,30.23,1642.25,,
0.99123795,02-09-2016,12,1,2.62,-7.47,-10.37,77.75,19.63,29.08,29.87,1352.5,,
0.324088596,6-21-2016,10,0.03,10,25.96,14.55,48.6,9.04,29.28,30.07,3819,,
0.757817369,07-09-2017,10,0.71,10,27.5,15.34,46.84,6,29.3,30.09,3223.75,,
0.88262435,5-19-2016,10,0,10,19.42,3.48,33.28,4.68,29.41,30.21,3991.25,,
0.512542898,07-01-2016,12,0.44,10,24.46,14.68,52.16,9.28,29.29,30.08,3634.5,,
0.743533875,9-22-2016,15,0,10,31.52,14.69,34.28,7.24,29.2,29.99,2161.75,,
0.432495239,11-18-2016,9,0.52,10,17.95,11.79,65.16,21.8,29.08,29.87,2108.25,,
0.482152913,10-20-2017,6,0,10,9.86,9,93.68,2.84,29.42,30.22,0,,
0.579906772,07-02-2016,17,1,9.96,18.37,12.81,65.84,2.12,29.34,30.14,554.75,,
0.703472897,9-17-2016,17,0,10,25.03,15.33,51.84,6.04,29.17,29.96,1055.5,,
0.320151629,07-03-2017,14,0,10,31.43,18.03,43.56,5.72,29.23,30.02,1442.5,,
0.318694227,8-18-2017,14,0,10,28.99,16.59,45.16,8,29.12,29.91,3799.75,,
0.203638971,08-12-2016,8,0.43,10,27.58,25.55,85.12,10.36,29.1,29.89,1595.25,,
0.283427837,02-09-2017,7,0,10,-13.91,-16.71,78.56,7.36,29.48,30.28,18.75,,
0.968466396,3-31-2016,9,1,10,17.32,15.36,87.96,16.84,28.66,29.44,1068.25,,
0.653158698,10-02-2016,15,1,10,21,13.28,59.64,6.48,29.27,30.06,773.75,,
0.974076688,1-29-2017,6,1,10,-2.23,-5.04,77.76,6.72,29.03,29.82,0,,
0.510172475,08-12-2016,11,0.33,10,29.51,25.44,75.69,9.19,29.08,29.88,3145.5,,
0.36777788,5-15-2017,6,0,10,17.3,14.1,80.88,0.12,29.18,29.97,223.73,,
0.623981992,03-01-2017,12,1,8.96,5.89,3.98,83.8,32.16,28.95,29.74,482,,
0.012090811,07-06-2016,14,0,10,28.11,22.79,69.89,3.55,29.07,29.86,2645.5,,
0.651226293,02-10-2016,8,0,10,-11.7,-15.46,70.24,14.6,29.28,30.07,1287.25,,
0.699845681,3-17-2017,17,0.14,7.08,12.41,9.83,83.64,5.84,29.21,30,924,,
0.800437137,10-10-2016,11,0,9.7,22.7,9.32,41.6,3.2,29.53,30.33,3740.75,,
0.449246589,07-01-2017,13,0.73,10,28.29,16.73,47.72,10.04,29.2,29.99,1351.75,,
0.51398974,05-02-2016,13,0.99,10,13.43,9.38,73.85,8.62,29.23,30.02,2677,,
0.714639683,08-03-2017,10,0.39,10,28.48,21.37,62.15,9,29.21,30,3579.5,,
0.735685663,6-14-2017,15,0.14,9.96,30.89,20.65,45.96,20.68,29.04,29.83,3188.5,,
0.402703961,4-13-2016,11,0,10,12.82,1.07,43.72,7.8,29.48,30.28,2630.75,,
0.661402047,4-30-2017,16,0.07,9.08,19.14,18.89,25.36,12.92,9.28,29.66,649.75,,
0.532417695,10-01-2016,11,0.99,10,17.94,15.37,84.81,6.27,29.22,30.01,1466.25,,
0.793135272,1-14-2017,9,1,1.87,-0.59,-1.13,95.23,0,29.68,30.48,107.03,,
0.659512649,10-24-2017,6,1,9.04,8.04,5.46,84.68,14.6,28.87,29.65,0,,
0.430460336,10-22-2017,14,1,9.24,20.81,17.55,80.82,17.32,29.18,29.97,262,,
0.174993655,08-01-2016,16,0.19,10,28.24,21.1,65,7,29.21,30.03,2724.25,,
0.215130673,5-17-2016,11,0.91,10,14.56,8.06,62.2,8.56,29.41,30.21,2173.5,,
0.152125911,02-11-2017,7,0,10,3.32,3.52,90.16,1.96,29.08,29.88,298.73,,
0.832672629,9-21-2017,10,0,10,31,23.72,65.64,6.6,29.27,30.06,3504.5,,
0.752765743,11-04-2016,16,0,10,14.39,6.76,58.32,5.76,29.6,30.4,1107,,
0.244473809,10-10-2016,14,0,10,24.75,6.53,29.96,3.2,29.46,30.26,3597.5,,
0.407123407,10-27-2017,15,0.91,10,6.11,-1.6,57.56,15.08,29.1,29.89,1651.25,,
0.098582409,7-25-2017,10,0,10,24.8,17.48,62.2,7.32,29.39,30.19,4015.25,,
0.421854012,12-14-2016,10,1,10,-7.76,-13.73,58.56,9.28,29.47,30.27,183.15,,
0.402101172,5-28-2017,8,1,6.92,20.5,19.21,89.88,6.16,28.95,29.74,1020.25,,
0.357893667,7-14-2017,6,0.01,10,21.23,19.51,87.96,8.6,29.31,30.11,307.25,,
0.543925374,03-07-2017,9,0.49,10,8.64,4.39,71.64,19.72,29.17,29.96,3238.75,,
0.241832642,06-07-2016,17,0.43,10,22.96,7.85,37.2,10.24,29.07,29.86,1908,,
0.494820647,6-28-2016,17,0.31,10,24,15.36,58.64,11.8,29.31,30.11,1870.25,,
0.695356013,04-03-2016,11,0,10,12.53,1.11,46.2,20.64,29.15,29.94,4695.25,,
0.810279166,06-03-2017,12,0.16,10,31.03,12.78,30.88,3.72,29.23,30.02,4154,,
0.543975143,10-16-2017,17,0,10,14.7,4.89,52.2,3.8,29.46,30.26,436.4,,
0.220228751,9-30-2017,8,0,10,14.16,9.43,73.16,10.96,29.61,30.41,1784.25,,
0.736097135,12-11-2016,7,0.04,10,0.11,-4.08,21.42,8.88,8.53,30.05,5.16,,
0.544735355,1-21-2017,13,0,10,16.58,11.66,70.84,14.48,28.72,29.5,3591,,
0.73235639,9-25-2016,6,0.32,2.22,18.7,18.23,97.77,3.88,29.31,30.1,6.55,,
0.063577036,8-30-2016,7,0.38,9.62,22.92,20.89,87.04,10.35,29.39,30.18,574.5,,
0.437094063,08-08-2017,14,0.14,10,26.56,13.18,42.28,5.44,29.39,30.18,4318.25,,
0.046009113,7-17-2017,15,0.42,10,28.46,17.91,49.64,3.16,29.22,30.01,3624.5,,
0.573817466,3-31-2016,13,0.27,7.93,17.11,14.98,30.76,22.28,11.25,29.4,277.9,,
0.557889717,4-20-2016,12,0.92,9.04,22.86,7.51,35.88,17.52,29.22,30.01,1737,,
0.071622629,5-26-2016,11,0,10,23.93,18.96,82.08,9.2,29.14,29.93,2202.5,,
0.170314258,07-11-2016,13,0.75,10,29.8,22.2,63,14,29.18,30,3581,,
0.867725042,11-09-2016,17,0,10,8.54,5.1,72.28,5.4,29.5,30.3,0,,
0.528062286,11-14-2016,9,0,10,9.86,4.09,64.52,8.08,29.2,29.99,1959.25,,
0.970165426,10-30-2016,15,0.45,10,16.25,9.81,64.28,13.72,29.36,30.16,1750.75,,
0.813903738,3-31-2017,12,1,8.96,5.5,4.32,92.72,14.04,29.06,29.85,576.75,,
0.2192652,07-05-2016,13,0.64,10,28.33,22.06,66.92,6.16,29.14,29.93,3904.75,,
0.371084647,9-17-2016,10,0.75,10,24.62,19.91,73.69,9.35,29.19,29.98,3363.75,,
0.49415382,03-04-2017,8,0,10,1.84,-6.38,53.16,18.64,29.7,30.5,2631,,
0.257392566,8-19-2016,17,0,10,27.26,22.69,73.28,7.32,29.08,29.87,1461.25,,
0.210156765,1-27-2017,7,1,10,-1.11,-3.14,82.8,11.84,29.18,29.97,34.23,,
0.865440454,3-22-2017,8,0,10,-0.76,-8.58,56.96,16.16,29.73,30.53,1869.25,,
0.367041795,6-22-2017,11,0.99,10,28.5,22.33,67,15.61,29.08,29.88,908.75,,
0.387293814,09-01-2017,6,0,10,13.31,10.96,86.64,13.36,29.3,30.1,50.12,,
0.974840295,6-20-2017,14,0.02,10,30.34,11.98,27.65,13.8,22.26,29.93,1120.75,,
0.128436,3-29-2017,7,1,9.96,8.86,7.28,90.04,16.96,29.36,30.16,158.63,,
0.011063224,03-02-2017,6,0.47,10,-0.13,-1.04,87.56,11.72,29.39,30.19,88.68,,
0.769988037,4-19-2017,14,0.01,10,27.15,17.14,21.02,11.96,8.52,30.02,385.5,,
0.115681834,10-26-2017,17,0,10,15.2,7.41,60.96,12.12,28.87,29.65,192.53,,
0.880560598,08-01-2016,15,0.19,10,28.22,20.6,61,7,29.21,30.03,3060.25,,
0.272145067,9-18-2017,10,0,10,25.42,19.83,72.76,1.84,29.29,30.08,2965.25,,
0.731946694,5-15-2017,10,0,10,27.24,13.36,39.88,6.76,29.17,29.96,4132.75,,
0.29803504,3-26-2016,15,0,10,16.18,3.08,42.04,12.72,29.28,30.07,4026.25,,
0.72986316,09-03-2017,13,0.54,10,27.36,15.08,45.28,5.16,29.25,30.04,3973.75,,
0.664374318,7-19-2017,14,0.62,10,31.72,25.33,66.72,4.08,29.3,30.09,3891.75,,
0.065255143,05-07-2017,14,0,10,17.21,2.91,37.56,9.8,29.23,30.02,4682.75,,
0.494068733,6-29-2017,12,0.43,9.96,30.04,18.76,51.08,14.32,29.11,29.9,1000.25,,
0.229152988,4-28-2017,17,1,5.64,13.15,12.76,92.88,10.6,29.05,29.84,200.75,,
0.297193999,7-30-2017,12,0.43,10,27.41,13.2,39.64,3.52,29.4,30.2,4012.5,,
0.582568903,7-17-2017,17,0.28,10,28.08,17.82,50.44,3.32,29.22,30.01,1467,,
0.787573795,02-08-2016,6,1,6.7,0.54,-0.05,92,8.37,28.89,29.67,0,,
0.194240736,8-21-2016,14,0.55,10,23.57,15.13,58.64,8.6,29.22,30.01,4004,,
0.912164042,03-10-2017,7,0,10,-1.4,-10.47,48.44,15.36,29.55,30.35,1474.75,,
0.309873662,02-01-2016,7,0,10,0.47,-0.04,90.08,6,29.2,29.99,84.29,,
0.65647566,05-07-2017,17,0,10,16.85,0.51,32,10.44,29.22,30.01,1931.75,,
0.05694168,04-03-2017,17,0.98,9.1,16.28,15.78,90.42,13.13,28.59,29.37,504.5,,
0.788937566,12-06-2016,16,0.17,9.08,2.77,1.32,24.3,14.73,9.3,29.9,24.06,,
0.494602134,7-22-2017,9,0.5,9.77,21.85,21.71,96.58,11.96,29.04,29.83,146.5,,
0.241988745,3-14-2017,10,1,8,-3.15,-8.7,65.16,5.19,29.48,30.29,296.25,,
0.395368598,6-17-2016,9,0,10,25.02,15.47,53.6,11,29.24,30.03,3189,,
0.262447781,06-09-2016,7,0.65,10,21.5,12.16,51.8,8.4,29.27,30.06,1035,,
0.448059996,09-10-2017,13,0,10,23.15,7.54,36.52,9.52,29.56,30.36,4671.75,,
0.776030862,7-13-2016,14,0.75,10,30.39,24.4,70,15,29.06,29.88,3590.75,,
0.054690937,10-07-2016,8,0.16,10,20.42,16.86,74.89,10.35,29.28,30.07,1556.75,,
0.474879432,01-05-2017,17,0.82,5.68,-11.23,-13.19,81,7.08,29.28,30.07,0,,
0.4414612,06-02-2016,13,0,10,27.35,10.15,32.28,9.32,29.25,30.04,4549.25,,
0.660474742,8-28-2016,8,0.14,9.92,24.5,23.76,93.04,0,29.39,30.19,662.25,,
0.109487302,10-09-2016,17,0,10,19.48,8.15,44.04,6,29.47,30.27,586.25,,
0.241189019,3-27-2016,10,0,10,17.68,6.54,48.08,10.8,29.15,29.94,4033.25,,
0.126609421,02-12-2016,10,1,9.96,-3.98,-6.44,78.27,15.96,29.4,30.2,664.25,,
0.502251775,8-28-2016,11,0.51,10,29.02,24.37,74.77,0.11,29.4,30.2,3604.25,,
0.199823386,9-14-2016,6,0.55,2.6,19.94,20.02,96.84,6.04,29.39,30.19,9.48,,
0.042127661,3-22-2017,15,0,10,5.79,-5.39,45.2,10.84,29.67,30.47,4281.25,,
0.931405064,4-17-2016,6,0,9.96,12.49,7.97,72.64,0.28,29.59,30.39,91.19,,
0.183434065,09-03-2016,14,0.01,10,26.1,14.29,46.28,8,29.35,30.15,4111,,
0.83382027,4-19-2016,11,0,10,24.51,7.26,30.68,9.68,29.37,30.17,2478,,
0.827569903,08-06-2017,9,1,10,19.59,16.43,79.4,4.72,29.25,30.05,408.5,,
0.541124709,5-30-2017,13,0.53,10,24.69,4.91,28.2,15.92,29.22,30.01,3841.5,,
0.830840559,1-27-2017,16,1,10,-2.85,-5.98,76.8,18.12,29.15,29.94,38.24,,
0.224314688,02-04-2017,16,0.91,10,1.27,-9.44,43.6,17.88,29.29,30.08,83.13,,
0.524934094,4-25-2016,17,0.65,10,26.69,14.16,43.68,18.44,28.91,29.69,1573,,
0.065015775,07-10-2017,7,0.63,10,23.63,19.85,74.72,19.12,29.17,29.96,91.35,,
0.880616876,09-03-2017,15,0.28,10,27.55,14.05,41.6,6.96,29.23,30.02,3142.75,,
0.535390774,02-10-2016,16,0.56,10,-6.68,-13.2,57.44,10.2,29.28,30.07,303.75,,
0.158077864,04-09-2016,16,0,10,4.38,-7.77,39.84,0,29.41,30.21,3195.25,,
0.865905501,9-17-2017,15,0.99,10,27.53,19.82,63.74,9.34,29.27,30.06,1282,,
0.160081871,12-30-2016,16,0,10,1.51,-2.81,21.54,8.12,8.52,29.99,117.27,,
0.070722359,6-29-2017,6,0,10,24.07,19.34,72.92,13.32,29.07,29.86,94.65,,
0.930834077,3-21-2016,10,0.28,10,7.01,-2.44,50.2,10.2,29.41,30.21,4184.25,,
0.892222553,11-09-2016,13,0.29,10,12.75,6.58,62,9.68,29.51,30.31,3556.75,,
0.290953481,2-24-2016,17,1,1.88,0.95,0.25,91.08,26.53,28.77,29.55,7.71,,
0.25737332,8-13-2017,14,0.44,10,25.83,13.55,45.64,4.72,29.23,30.02,3744.75,,
0.833871784,08-03-2016,8,0.08,10,25.9,21.9,74.88,6.11,29.29,30.08,1304,,
0.55717779,06-05-2017,13,0.42,10,32.56,9.67,23.76,7.44,28.97,29.76,4160.25,,
0.218847262,06-08-2016,7,0,10,17.59,11.16,63.15,5.64,29.24,30.03,1050.25,,
0.121392306,5-31-2016,16,0.08,8.35,24.22,16.71,23.57,10.99,9.3,29.93,740.68,,
0.364393868,8-18-2017,11,0.15,10,26.78,17.52,54.72,13.12,29.15,29.94,3923,,
0.548833106,1-17-2017,8,1,3.65,6.03,6.17,95.77,11.73,29.11,29.9,80.98,,
0.290509031,11-10-2016,9,0,10,9.85,5.28,68.88,11.48,29.42,30.22,3509,,
0.155015894,10-05-2016,7,0.43,10,20.32,16.44,77.48,14.32,29.19,29.98,295.9,,
0.848916067,03-01-2016,9,0.73,10,8.26,4.45,76.76,8.4,28.87,29.66,412.5,,
0.777496808,9-23-2017,8,0,10,27.21,21.37,72.88,0.12,29.33,30.12,1488.25,,
0.479927919,6-26-2017,12,0.5,10,20.84,8.45,42.6,16.64,29.36,30.15,932.5,,
0.378782573,3-29-2017,9,0.77,10,10.52,6.01,68.13,20.14,29.35,30.15,823.75,,
0.049329295,05-07-2017,8,0,10,10.24,-0.26,47.52,6,29.26,30.05,2522.25,,
0.902048952,10-20-2017,14,0,10,26.24,8.73,33.36,13.72,29.31,30.11,3514.25,,
0.204189505,10-07-2017,15,1,10,18.77,16.86,89.34,21.18,28.86,29.64,306.93,,
0.135204611,4-18-2016,6,0,10,12.23,7.2,64.32,0.28,29.52,30.32,123.23,,
0.537342401,11-21-2016,15,0,10,4.99,-4.46,48.28,0.12,29.47,30.27,664.25,,
0.43190365,6-20-2017,12,0.01,10,29.45,10.84,31.24,10.92,29.18,29.97,1573.25,,
0.371984943,9-28-2016,8,1,10,13.14,9.18,76.8,15.32,29.06,29.85,690.5,,
0.217594904,9-24-2017,16,0.17,10,31.34,15.32,33.72,5.96,29.2,29.99,1883.25,,
0.754192606,09-11-2017,8,0,10,16.77,11,69.04,4.68,29.47,30.27,1853.25,,
0.486968423,6-28-2016,8,0.42,10,22.39,17.54,75.92,9.64,29.35,30.15,2230.25,,
0.588980599,6-23-2017,15,0,10,27.43,13.49,42.2,10.24,28.97,29.76,1376.75,,
0.419942422,10-27-2016,11,1,10,10.65,8.36,82.76,9,29.45,30.25,515.75,,
0.983762783,03-02-2017,11,0.62,10,3.13,-2.98,65.96,17.52,29.51,30.31,4603,,
0.358804289,6-29-2016,9,0,10,20.8,11.78,55.56,8,29.36,30.16,3390.5,,
0.316041141,08-05-2017,13,0.62,10,25.02,13.9,46.56,7.36,29.3,30.09,3534,,
0.583845084,2-22-2017,16,0.43,10,20.63,13.7,63.72,14.4,28.92,29.71,730.25,,
0.651675994,4-15-2017,10,0,10,25.25,15.9,55.92,20.44,29.27,30.06,4051.75,,
0.447400311,04-11-2017,11,1,10,12.07,7.27,72.29,8.14,29.45,30.25,2186,,
0.661268781,12-16-2016,10,1,10,-6.51,-12.16,62,16,29.35,30.15,598.75,,
0.416972828,4-16-2016,8,0,10,19.03,7.99,47.76,7.48,29.47,30.27,2092.5,,
0.045042295,04-04-2016,16,1,10,5.97,-1.73,60.16,13.44,29.44,30.24,956.25,,
0.155849363,4-28-2017,15,0.96,9.61,12.86,11.92,90.86,10.96,29.02,29.82,329,,
0.684122618,9-19-2016,9,0,10,24.89,15.81,52.55,3.32,29.3,30.09,2999.75,,
0.028827418,9-29-2017,7,0.14,9.96,13.75,9.4,70.28,6.72,29.39,30.19,444.88,,
0.87995859,8-14-2016,16,0,10,24.11,21.82,83.04,5.32,29.28,30.07,673.25,,
0.113835755,12-11-2016,13,0.11,2.87,1.08,0.69,27.26,13.96,10.02,29.86,145.5,,
0.091253531,5-29-2017,6,0,10,18.27,13.22,70.64,7.68,29.09,29.88,263.5,,
0.840620067,2-26-2016,14,1,10,0.92,-3.41,70.84,10.68,29.44,30.24,573,,
0.913195619,6-17-2017,15,0,10,30.26,20.68,54.56,9.4,28.9,29.68,1188.75,,
0.770564442,5-13-2017,8,0,10,18.44,9.91,55.84,4.6,29.19,29.98,2322,,
0.541921384,3-19-2016,15,1,10,7.55,-1.27,51.92,4.48,29.33,30.12,451.25,,
0.284866129,12-28-2016,6,0,10,-2.11,-3.25,88.72,6.08,29.31,30.11,0,,
0.541370526,8-23-2017,17,0.01,10,23.44,11.03,43.16,6.96,29.24,30.03,1283.75,,
0.334465513,10-07-2017,7,0,10,21.42,17.1,77.4,15.88,28.94,29.73,326.35,,
0.108592232,03-09-2016,11,1,10,18.81,14.11,73.52,13.08,29.17,29.96,1463,,
0.34937133,07-01-2016,7,0.56,10,19.84,16.92,82.92,12.72,29.23,30.02,1052.75,,
0.756043492,7-23-2017,11,0.53,10,29.8,23.78,67.12,13.24,29.06,29.85,3664.5,,
0.616163022,8-22-2017,14,0.65,10,26.16,19.6,66.28,14,29.16,29.95,3003.5,,
0.895929129,2-16-2017,14,0,10,10.32,-3.05,40.68,17.12,29.03,29.82,2277.25,,
0.420174185,11-28-2016,17,1,10,10.1,9.63,92.98,21.04,28.52,29.3,0,,
0.29942742,01-02-2017,13,1,1.85,7.56,7.32,97,10.38,29.16,29.95,239.25,,
0.273877154,8-24-2016,13,0.91,10,29.51,24.75,75.64,15.84,29.19,29.98,3767.25,,
0.855157126,4-19-2017,9,0,10,22.92,17.32,21.54,11.16,8.53,30.07,0,,
0.850098387,10-05-2017,10,1,8.9,18.7,17.19,89.02,5.76,29.39,30.2,452.5,,
0.074639991,04-07-2016,6,0.91,10,3.88,1.42,81.2,17.88,28.88,29.66,29.28,,
0.157740272,10-03-2017,6,0.99,10,19.24,16.44,83.76,8.72,29.5,30.3,0.28,,
0.034596442,10-15-2016,14,0.43,10,24.27,17.88,68.08,16.48,29.21,30,3244,,
0.243938051,6-26-2016,11,0,10,30.71,22.8,63,3,29.22,30.04,4121,,
0.474944352,06-07-2017,16,0.42,10,25.21,6.05,28,14.48,29.25,30.04,3129,,
0.216065712,6-24-2016,8,0,10,22.41,19.3,79.76,3.76,29.28,30.07,2076,,
0.223680397,3-18-2017,13,1,10,4.82,0.34,69.92,15.44,29.43,30.23,685.75,,
0.857813392,5-21-2017,7,0.43,10,15.81,11.46,71.4,14.56,29.2,29.99,1136.25,,
0.893780357,08-01-2016,12,0.65,10,27.76,21.7,68.33,5.67,29.25,30.07,3467,,
0.250065968,7-13-2016,10,0.77,8.14,23.87,21.88,94.01,8.11,29.17,29.96,181.23,,
0.788155923,03-05-2017,8,0.38,10,6.99,0.12,65.32,11.16,29.46,30.26,2021,,
0.800325283,9-23-2016,12,0,10,31.01,18,44.04,0.12,29.28,30.07,4270,,
0.83058046,8-20-2017,12,0.28,10,30.67,22.42,61,4.08,29.26,30.05,2115.25,,
0.278168536,04-06-2017,6,1,8.15,4.31,3.21,92.58,21.88,28.95,29.74,8.42,,
0.907919603,02-11-2016,12,0,10,-6.33,-15.11,48.52,5.4,29.52,30.32,4670.25,,
0.53143796,02-08-2016,11,1,4.42,-3.55,-5.68,81.07,20.86,28.95,29.74,1053.5,,
0.035985053,6-23-2017,11,0.99,10,23.61,20.68,84.31,3.61,28.95,29.74,508,,
0.538331341,11-03-2016,14,0.38,10,17.73,13.75,79.46,7.55,29.41,30.21,3071.75,,
0.751099044,2-22-2017,13,0.54,10,20.57,14.05,64.28,11.76,28.96,29.75,3369.75,,
0.263546334,3-30-2016,17,0.16,7.27,13.81,12.32,30.93,14.09,11,29.74,47.1,,
0.837685259,4-28-2016,9,1,6,15.83,13.78,89.43,2.49,29.03,29.82,865.75,,
0.345989392,4-30-2016,8,1,2.15,11.04,10.5,96.15,12.74,29.16,29.95,121.38,,
0.563029917,3-20-2017,16,1,10,16.28,11.64,79.29,15.4,29.15,29.94,580.5,,
0.502502888,09-05-2017,10,0,10,20.07,8.96,47.52,19.84,29.16,29.95,3739,,
0.9133393,7-13-2016,8,0.66,9.04,25.27,23.45,86.72,8.07,29.19,29.98,1535.25,,
0.001738918,04-02-2017,6,0,7.04,5.94,5.66,94.76,1.84,29.4,30.2,26.93,,
0.69769479,9-17-2016,16,0.63,10,26.77,15.72,48.16,8.72,29.16,29.95,2249.25,,
0.52595989,2-22-2016,6,0.03,10,-1.41,-2.48,87.35,5.04,29.39,30.18,26.95,,
0.05306648,11-07-2016,12,0,10,19.46,7.48,44.56,5.4,29.5,30.3,3700.75,,
0.512349816,10-11-2017,7,1,3.25,14.01,13.36,95.76,12.46,29.19,29.98,27.2,,
0.328858668,08-02-2016,17,0,10,26.79,22.2,72,7,29.21,30.03,1530.25,,
0.150980723,8-28-2017,8,0.92,9.04,19.53,17.72,90.21,4.8,29.26,30.05,1080.25,,
0.348249534,11-12-2016,14,0,10,10.5,-0.2,45.48,2.76,29.57,30.37,2278,,
0.56329551,8-21-2016,12,0.3,10,23.04,14.9,58.8,10,29.21,30,4573,,
0.726172,8-18-2016,15,0.45,10,29.34,23.14,68.16,9.68,29.21,30,3099,,
0.091359599,03-09-2016,12,1,10,19.31,14.05,69.6,16.16,29.17,29.96,1090.5,,
0.455027774,03-08-2017,10,0,10,10.58,-0.77,46,26.16,29.36,30.15,4665.5,,
0.271289404,9-23-2017,10,0,10,31.29,20.67,52.76,0.2,29.33,30.12,3436.25,,
0.625555651,9-24-2017,13,0.15,10,32.5,16.08,35.8,7.68,29.25,30.04,3924.75,,
0.742628576,7-16-2016,11,0.64,10,23.72,15.89,61.36,5.12,29.36,30.16,4166.25,,
0.658437398,11-18-2016,17,1,10,10.83,7.36,74.56,19.84,29.1,29.9,0,,
0.760541034,07-01-2017,9,0,10,26.13,18.75,61.76,10.04,29.19,29.98,1071.5,,
0.426786555,04-01-2017,17,0,10,12.86,4.76,55,5.72,29.39,30.18,915.25,,
0.773974925,01-04-2017,6,0,10,-9.17,-12.29,74.12,22.04,29.31,30.1,0,,
0.391796031,03-03-2016,6,1,10,0.97,-1.26,84.64,8.76,29.19,29.98,13.8,,
0.780717295,04-05-2016,7,0,10,0.1,-5.58,64.32,8.36,29.65,30.45,690.25,,
0.862205666,07-08-2016,17,0,10,27.74,17.76,51,10.12,29.09,29.88,2016.5,,
0.783746795,3-27-2016,11,0.43,10,17.99,3.75,36.92,8.72,29.11,29.9,2498.5,,
0.369162319,8-21-2016,17,0.29,10,22.55,14.99,59.84,6.08,29.23,30.02,1190.75,,
0.458974443,10-04-2016,13,0.65,10,25.56,12.65,41.96,9.68,29.21,30,4566.25,,
0.104707298,10-13-2017,11,0,10,21.04,14.78,67.96,10.32,29.35,30.15,4074.5,,
0.803377922,7-19-2017,12,0.81,10,30.57,24.88,70,3.76,29.31,30.11,4214.25,,
0.743654281,5-23-2017,10,0.84,10,18.64,13.35,68.64,4.72,29,29.79,1404,,
0.864759066,2-26-2016,7,0,10,-2.48,-4.35,81.92,7.28,29.47,30.27,1036.25,,
0.440778257,6-18-2016,13,0,10,29.27,13.99,33.66,8.78,29.4,30.2,4325.25,,
0.596955857,8-15-2017,14,0.74,10,30.31,20.61,52.84,7.6,29.12,29.91,3899.25,,
0.336938152,08-10-2016,13,0.19,10,30.33,21.7,59,5,29.27,30.09,3403.25,,
0.416813769,6-16-2017,8,0.38,10,24.85,18.57,66.04,7.88,29.07,29.86,0,,
0.492294032,04-04-2017,12,1,10,12.38,10.19,83.56,14.33,29.01,29.8,799.25,,
0.605467496,8-28-2017,13,0,10,26.68,17.38,56,5.72,29.21,30,4320.5,,
0.833450473,02-04-2016,17,0,10,-0.6,-4.66,69.2,4.84,29.49,30.29,12.84,,
0.426767783,11-21-2016,10,0,10,1.38,-4.45,64.24,1.2,29.53,30.33,3925,,
0.335564926,6-30-2016,10,0.62,10,24.54,15.11,55.04,7.04,29.26,30.05,3769.25,,
0.998329423,7-27-2017,9,1,10,25.21,23.98,89.04,6.72,29.15,29.94,1063.75,,
0.852238952,8-20-2017,7,0,9.96,22.49,20.15,84.96,5.68,29.26,30.05,534.25,,
0.274590292,5-24-2016,11,0,10,28.62,9.37,28.36,16.64,29.23,30.02,2891.25,,
0.413542098,1-16-2017,6,1,1.94,1.4,1.25,97.08,5.81,29.41,30.21,0,,
0.898231751,5-16-2017,10,0.29,10,27.34,16.25,49.24,19.48,29.1,29.89,4182.75,,
0.058048459,10-06-2017,10,0.98,8.32,20.7,20.15,96.72,5.12,29.25,30.04,805.75,,
0.10125909,03-08-2017,7,0,10,3,-1.07,70.2,12.68,29.32,30.11,1335.75,,
0.690171098,2-14-2016,6,1,4.56,-8.94,-11.44,77.92,15.72,29.54,30.34,0.42,,
0.458420729,05-06-2017,12,0.55,10,14.57,6.37,57.24,18.72,29.04,29.83,4006.75,,
0.762506337,3-17-2016,10,0,10,13.24,1.22,43.92,12.92,29.16,29.95,4059,,
0.601911561,07-12-2016,8,0.89,7.15,26.23,24.16,85.92,9.61,29.13,29.92,1379,,
0.648032034,7-31-2017,16,0.14,10,28.07,17.08,21.22,3.44,8.53,30.13,2571.5,,
0.855674567,8-27-2017,17,0.79,10,25.34,15.1,49.04,2.2,29.26,30.05,1193.5,,
0.062209366,10-07-2016,9,0.91,10,21.6,15.98,68,12.52,29.29,30.08,2113.75,,
0.3090898,08-09-2016,7,0.82,10,22.15,17.95,75.06,1.76,29.23,30.02,561.75,,
0.961294494,11-26-2016,17,0,10,5.22,3.8,84.64,7.44,29.43,30.23,0,,
0.10252295,06-05-2017,16,0,10,29.62,12.58,35.76,21.4,28.98,29.77,3105.5,,
0.503626607,06-08-2017,13,0,10,26.49,7.42,27.96,2.12,29.17,29.96,4667.75,,
0.245545235,9-26-2016,12,0,10,21.88,2.8,27.4,13.68,29.27,30.06,4713.25,,
0.07581788,7-29-2017,15,0.42,10,25.23,14.25,48.36,11.08,29.31,30.1,4071.75,,
0.850171625,11-19-2016,17,0.3,10,1.2,-3.85,67.76,13.4,29.51,30.31,0,,
0.536801439,7-13-2017,7,0.55,10,24.58,23.34,86.7,7.37,29.25,30.04,218.25,,
0.995674471,7-24-2016,17,0,10,30.11,26.1,80,7,29.1,29.92,700.25,,
0.871660122,05-04-2017,10,1,6.28,7.81,7.25,94.76,20.8,29.05,29.85,384,,
0.294207412,2-29-2016,12,0,10,11.53,1.25,48.56,19.4,29.18,29.97,4667.25,,
0.397698744,5-30-2017,17,0.45,10,24.62,4.82,20.03,13.04,8.52,29.95,1757,,
0.00553671,7-25-2016,14,0.44,10,28.02,22.8,72,7,29.19,30.01,3053.75,,
0.521264891,10-06-2017,7,1,3.19,19.93,19.71,99.54,6.79,29.27,30.06,7.75,,
0.387083635,3-16-2017,14,0,10,6.85,-4.83,42.44,11.08,29.47,30.27,4685,,
0.621578841,10-17-2017,6,0,10,8.05,4.53,78.04,6.08,29.5,30.3,0.08,,
0.569284663,09-02-2016,8,0,10,18.88,14.94,78.44,9.36,29.44,30.24,1843.75,,
0.22634445,10-26-2016,17,1,9.7,15.23,14.82,96.58,7.76,29.22,30.01,5.71,,
0.175746594,10-01-2016,14,0.98,10,19.6,14.79,77.17,3.96,29.19,29.98,3612.75,,
0.765036379,03-02-2016,12,0,10,0.28,-10.12,45.44,6.68,29.38,30.18,4553.75,,
0.79060893,7-28-2017,8,1,10,22.33,21.19,88.72,12.24,29.14,29.93,869.5,,
0.714979706,4-13-2017,10,0.83,10,20.96,9.61,54.53,11.16,29.46,30.26,2587.25,,
0.76406692,10-25-2017,8,0.52,10,4.98,2.44,83.88,8.64,29.03,29.82,600.5,,
0.474096331,10-07-2016,13,0,10,18.25,11.46,62.76,17.68,29.34,30.14,2992,,
0.724082875,08-03-2016,6,0,4,21.65,21.7,93,5,29.24,30.06,307.25,,
0.255848238,12-10-2016,15,0.04,8.4,-2.19,-7.26,21.3,7.72,8.54,30.43,120.43,,
0.138227586,03-07-2016,6,0.92,10,7.56,4.98,83.72,7.24,29.15,29.94,25.73,,
0.543616132,2-27-2017,9,0,10,8.7,1.94,63.12,10.44,29.36,30.16,3558,,
0.372599741,10-28-2016,13,0,10,19.29,14.08,70.48,16.4,29.31,30.1,3766.75,,
0.223680147,9-19-2017,10,1,9.73,21.61,20.32,89.77,1.85,29.18,29.98,669.25,,
0.622629858,6-30-2017,7,0.41,10,24.54,22.85,87.64,8.68,29.09,29.88,351,,
0.317860872,9-16-2016,10,0.72,9.77,23.9,20.78,75.92,10,29.26,30.05,1265.5,,
0.511362577,12-05-2016,12,1,10,2.23,1.18,92.04,8.68,29.24,30.03,251.5,,
0.938861106,8-21-2017,17,0.46,10,27.68,23.93,75.84,8.68,29.25,30.04,472,,
0.903477751,7-26-2016,15,0,10,27.71,20,61,5,29.2,30.02,3411,,
0.680126277,08-05-2017,11,0.42,10,24.48,13.84,49.36,4.76,29.31,30.1,4263.25,,
0.732911344,10-16-2016,13,1,10,21.31,18.93,79.61,9.62,29.14,29.93,1172.25,,
0.149605435,4-30-2016,10,1,3.15,12.15,11.31,96.3,16.69,29.08,29.88,498.75,,
0.88256831,2-27-2017,8,0.15,10,5.74,2.38,81.76,7.72,29.37,30.17,2406.5,,
0.823183693,07-09-2016,11,0.64,10,25.09,17.83,62.2,7.56,29.27,30.06,4203.25,,
0.891327674,7-30-2017,15,0.29,10,27.8,13.38,38.88,7.32,29.38,30.17,3619,,
0.401758101,05-02-2017,16,0.91,10,13.3,6.28,63.08,18.16,29.15,29.94,2388,,
0.456584078,7-25-2017,14,0.02,10,27.26,17.93,54.36,7,29.36,30.16,4313.25,,
0.279991951,04-04-2016,9,1,10,4.97,-0.02,70.96,15.84,29.3,30.09,1228.75,,
0.624899319,9-14-2017,15,0.02,10,26.46,16.62,53.88,3.64,29.11,29.9,2864.25,,
0.668989989,11-19-2016,13,1,10,3.56,-2.3,66.72,22.04,29.45,30.25,1342.75,,
0.361916662,08-11-2016,17,0.38,10,31.01,25.29,67.52,9.64,29.11,29.9,1645.5,,
0.758878417,08-12-2016,16,0,10,29.8,25.79,76.68,8.44,28.99,29.78,1822,,
0.335532262,07-04-2016,17,1,10,24.12,21.22,81.08,2.08,29.07,29.86,825,,
0.989289309,10-10-2017,6,0.74,5.16,19.44,18.96,96.72,4.28,29.27,30.06,0,,
0.288763272,9-18-2016,11,0,10,26.33,12.42,40.48,6.2,29.22,30.01,4261.75,,
0.153043175,05-08-2017,12,0.92,10,14.39,4.56,50.87,9.04,29.3,30.09,1327.25,,
0.630926992,9-13-2016,16,0.02,10,29.34,18.54,51,4.8,29.27,30.06,1698,,
0.411599263,4-30-2017,11,0.89,9.68,18.16,16.9,89.68,11.09,28.96,29.76,908.5,,
0.784050611,06-07-2017,9,0,10,21.06,9.12,44.44,17.2,29.31,30.1,3573.25,,
0.997122758,10-26-2017,9,0,10,9.78,5.42,76.24,10.12,29.06,29.85,2659.75,,
0.692373821,04-12-2017,12,0,10,16.94,4.8,44.2,2.76,29.58,30.38,4670,,
0.077769578,02-08-2017,16,1,2.25,-2.33,-3.08,91.29,11.85,29.17,29.96,9.43,,
0.89293604,10-01-2016,7,1,3.15,15.47,14.96,96.56,4.48,29.23,30.02,122.53,,
0.497511197,08-05-2016,16,0.42,10,27.49,22.99,74.12,7.28,29.11,29.9,1402,,
0.129686251,8-25-2017,7,0,10,16.11,12.57,81.84,6.64,29.43,30.23,692.5,,
0.202173426,09-02-2016,14,0.44,10,24.27,13.13,48.8,10.8,29.39,30.19,3584.25,,
0.889052321,6-17-2016,14,0.44,10,28.72,16.7,48,10,29.21,30.03,4111.5,,
0.303159544,5-24-2017,12,1,8.88,15.64,14.53,90.12,9.16,28.74,29.52,1563.75,,
0.069285916,5-24-2016,15,0.52,10,29.04,12.31,32.96,17.6,29.2,29.99,3584.75,,
0.361093059,06-07-2016,6,0,10,16.53,11.31,69.24,11.24,29.05,29.84,234.58,,
0.729740352,10-21-2017,13,0.14,10,24.26,15.73,58.88,12.32,29.27,30.06,1774.25,,
0.301285604,09-05-2016,8,0.53,10,24.36,20.99,83.48,7.72,29.36,30.16,1402.5,,
0.280395562,01-12-2017,10,1,6.6,0.45,-0.04,95.72,12.8,29.28,30.08,444.25,,
0.732435242,4-21-2017,7,0,10,9.64,4.8,68.76,11.92,29.29,30.08,594,,
0.448581228,12-02-2016,11,1,10,4.18,1.88,85.01,10,29.41,30.21,651.5,,
0.477308646,5-17-2016,12,0.9,10,14.56,7.78,60.62,6.73,29.4,30.2,2486.5,,
0.045782162,10-17-2017,10,0,10,17.61,5.85,45.76,17.32,29.5,30.3,3787,,
0.982675687,08-11-2017,14,0.66,10,27.42,18.65,56.96,9.24,29.21,30,2883,,
0.35370795,9-16-2017,8,0,10,23.69,19.24,76.12,6.4,29.34,30.14,1698.5,,
0.831335662,07-07-2016,9,0.89,9,24.12,22.12,87.08,6.74,29.09,29.88,2215.5,,
0.479823698,5-16-2017,15,0,9.04,29.59,14.75,38.16,22.88,29.01,29.8,3942.5,,
0.586912294,4-22-2016,13,0.98,9.88,15.89,10.63,76.72,14,29.24,30.04,3827,,
0.257060178,8-19-2017,10,0.01,10,26.76,18.32,61.32,1.28,29.18,29.97,3453.75,,
0.358884678,4-21-2017,10,0.71,10,11.71,5.08,63.8,8.84,29.29,30.08,2721.75,,
0.5486997,9-30-2017,17,0,10,19.1,5.03,20.15,7.36,8.53,30.29,931.5,,
0.652321016,10-12-2016,13,1,5.6,19.08,18.2,92.76,10.12,29.21,30,402,,
0.867063454,12-07-2016,11,0.15,10,0.5,-4.04,21.42,11.44,8.53,30.15,3837,,
0.475333419,5-24-2016,7,0,10,21.27,10.9,48.68,7.16,29.26,30.05,994,,
0.800242232,11-15-2016,14,0,10,14.92,7.53,58.64,9.68,29.1,29.89,1656,,
0.361252356,5-20-2016,17,1,9.84,16.21,7.01,47.35,7.64,29.25,30.04,342,,
0.30105472,5-20-2016,16,1,10,17.94,6.51,43.44,14.2,29.26,30.05,685,,
0.300516637,2-27-2017,10,0,10,10.84,1.8,52.96,11.4,29.36,30.16,3677.5,,
0.009300234,06-04-2016,7,1,5.02,17.68,17.53,95.63,8.66,29.12,29.92,101.2,,
0.562036309,11-17-2016,10,0,10,17.59,11.38,67.56,15,29.09,29.88,2992.75,,
0.419604531,6-26-2016,9,0.62,10,28.78,24.36,78.4,7,29.27,30.06,2544,,
0.457220703,2-17-2017,13,0,10,19.96,4.27,35.88,15.72,28.92,29.71,4199,,
0.091750625,7-16-2016,14,0.16,10,25.38,16.05,53.52,3.2,29.33,30.12,4363.75,,
0.262030609,02-01-2017,13,0.53,10,4.4,-1.3,66.4,12.28,29.31,30.11,1642.75,,
0.563185117,08-12-2017,16,0.28,10,24.72,13.57,47.36,8.96,29.27,30.06,2907.75,,
0.943511651,09-07-2017,10,0.46,10,19.45,9.93,52.92,11.56,29.31,30.11,4053.5,,
0.10661427,11-01-2016,13,0,10,25.73,15.02,49.16,15.88,29.15,29.94,2552.25,,
0.471109502,02-02-2017,10,0.28,10,-4.76,-12.82,52.96,12.48,29.64,30.44,4178,,
0.530374402,02-09-2017,12,0,10,-8.15,-12.96,64.88,13.04,29.59,30.39,300.5,,
0.18751256,03-06-2017,15,1,4.63,14.65,14.06,92.97,23.69,29.06,29.85,201.5,,
0.308843275,7-28-2016,9,0,10,22.5,20.6,87,0,29.1,29.92,708.5,,
0.160329688,11-30-2016,12,0.9,10,5.3,1.34,73.64,14.92,28.85,29.63,1361,,
0.855450474,06-02-2016,16,0,10,27.5,9.23,29.6,7.72,29.21,30,2916,,
0.588718616,02-04-2016,12,0.28,10,-1.92,-6.76,67.72,10.44,29.46,30.26,4617.25,,
0.58392657,05-10-2016,10,1,10,19.4,16.91,80.5,15.23,29.09,29.88,1891.25,,
0.161370666,11-07-2016,11,0,10,18.11,8.33,52.16,3.64,29.51,30.31,4020,,
0.572268368,4-20-2016,11,1,10,22.78,8.03,36.2,17.64,29.24,30.03,2377.75,,
0.573904445,11-01-2016,11,0,10,24.57,14.38,51.28,21.64,29.18,29.97,3080.25,,
0.836155374,6-17-2017,11,0.15,10,27.64,20.98,64.72,8.76,28.92,29.7,1342.75,,
0.459577889,6-14-2017,13,0.64,10,33.53,21.66,48.84,15.36,29.08,29.87,3656.25,,
0.417163876,3-21-2017,6,0,5.68,3.17,2.22,87.76,7.44,29.34,30.14,1.88,,
0.809104145,2-17-2016,9,1,8.04,0.8,-2.53,77.8,8.56,29.44,30.24,647,,
0.796181771,7-25-2016,8,0,10,24.03,21.7,85,0,29.2,30.02,1760.75,,
0.056509768,6-22-2016,14,0.44,10,27.4,22.53,73.36,14.52,29.12,29.91,3135.25,,
0.402386715,4-28-2016,16,0.99,10,18.78,13.47,73.73,4.63,29.09,29.88,744.25,,
0.337452791,02-03-2016,7,0.56,10,1.86,-0.17,81.04,11.72,28.85,29.63,303.38,,
0.88657349,07-03-2016,9,1,9.04,16.32,15.61,93,9.08,29.27,30.07,653,,
0.384704732,02-09-2016,13,0.93,3.25,-7.3,-10.62,74.11,21.48,29.07,29.87,1254,,
0.205118233,03-04-2016,11,0.42,10,1.85,-4.27,64.24,5.36,29.42,30.22,4337.25,,
0.113573594,7-20-2017,12,0,9.96,30.52,25.42,74.76,8.44,29.21,30,3621.5,,
0.630723087,12-08-2016,10,0.04,8.04,-5.73,-9.34,21.7,20.04,8.54,30.38,770,,
0.594017384,7-26-2016,6,1,10,22.26,20.6,84,6,29.23,30.05,75.85,,
0.894518476,06-10-2016,15,0.41,10,33.04,18.87,40.56,14.11,29.19,29.98,3553,,
0.575211905,08-08-2017,17,0.16,10,25.31,13.46,44,4.36,29.36,30.16,1590.25,,
0.621536658,09-09-2017,9,0.42,10,20.29,13.79,63.76,10.68,29.58,30.38,3037.5,,
0.373739433,4-24-2016,9,0,10,18.98,10.82,56.52,14.72,29.21,30,3370.25,,
0.768393879,9-17-2016,12,0.63,10,26.35,18.53,59.46,10.31,29.18,29.97,3608.5,,
0.896733183,2-18-2016,9,0.88,5,1.85,-0.72,82.96,14.68,29.58,30.38,2000,,
0.566450109,4-18-2016,17,0.14,7.44,25.97,5.69,25.56,7.76,29.4,30.2,1296.5,,
0.326890667,4-29-2017,8,0.73,6.82,9.48,8.83,66.8,20.63,21.24,21.88,135.75,,
0.68729201,3-26-2016,8,0,8.08,5.69,2.78,82.96,9.68,29.37,30.17,1841.5,,
0.971166024,2-14-2017,12,0,10,10,2.72,60.56,14,29.09,29.88,4227.5,,
0.330912636,08-11-2017,12,0.82,10,26.68,19.09,60.4,5.04,29.22,30.01,3842,,
0.352378096,01-09-2017,6,0,10,-6.45,-8.94,74,11.56,29.53,30.33,0,,
0.460020801,10-22-2016,13,0.14,10,16.11,4.96,45.68,10.88,29.28,30.07,4244.25,,
0.61946237,8-31-2016,16,0.16,10,25.43,19.14,21.74,14.48,8.52,30.02,1604.5,,
0.315684292,05-08-2017,14,0.15,10,17.4,6.6,49.8,8.72,29.26,30.05,4101.25,,
0.008748037,02-04-2017,9,0,10,-3.49,-8.4,69.4,12.4,29.59,30.39,2600.5,,
0.875592313,04-06-2016,14,1,3.47,9.83,9.69,94.97,10.34,28.78,29.57,174.5,,
0.308462845,04-02-2016,8,1,10,4.31,-0.5,68.96,23.6,28.9,29.69,1064.5,,
0.821938319,9-13-2016,12,0,10,27.84,19.07,58.56,7.08,29.31,30.11,3872.75,,
0.291387614,1-28-2017,6,1,9.92,-1.97,-3.4,87.56,9.36,29.04,29.83,0,,
0.130206453,12-28-2016,16,1,10,4.27,1.05,75.36,7.4,29.06,29.85,7.75,,
0.0050943,08-05-2017,12,0.54,10,24.73,13.84,49.04,5.16,29.31,30.1,3401,,
0.59725727,03-11-2016,13,0,10,13.29,6.26,60.92,7,29.53,30.33,3689.25,,
0.526304994,07-05-2017,9,0,9.96,26.11,21.89,79.76,6.12,29.33,30.12,1041,,
0.324909059,2-18-2016,13,0.63,8,6.79,2.22,69.92,21.72,29.46,30.26,2474,,
0.312231824,07-09-2016,13,0.43,10,26.06,17.97,57.64,8.08,29.27,30.06,4368.75,,
0.466995398,7-18-2017,8,0,10,24.24,18.6,66.44,0.2,29.3,30.09,1853.5,,
0.472161522,7-15-2017,10,1,10,21.73,16.28,69.28,0,29.39,30.18,2331.5,,
0.047348876,4-23-2017,16,0,10,21.85,-2.74,18.04,10.48,29.22,30.01,3060,,
0.587742141,11-22-2016,15,0.15,10,7.54,-0.44,55.12,10.6,29.4,30.2,219.43,,
0.006119042,8-24-2016,17,0.02,10,28.6,23.77,74.44,7,29.2,29.99,669.5,,
0.456514793,11-30-2016,10,0,10,5.56,1.56,73.88,11.44,28.88,29.67,3630.75,,
0.812561767,9-19-2016,8,0,10,20.51,17.01,77.16,0.12,29.29,30.08,1836.25,,
0.584312321,9-28-2017,13,0,10,22.08,10.54,48.64,5,29.36,30.16,4471.25,,
0.50841564,6-28-2016,14,0.83,10,24.91,15.3,54.72,9.08,29.33,30.12,3269,,
0.785997642,3-16-2016,7,0.26,10,9.25,5.97,77.84,21.2,28.92,29.71,208.53,,
0.396624262,02-07-2017,11,1,10,16.16,13.78,82.68,18.32,28.62,29.4,678,,
0.05485303,09-09-2017,7,0.7,10,15.06,13.08,88.92,9.88,29.56,30.36,587.25,,
0.979777244,03-07-2017,14,0,10,11.49,1.12,49.48,22.36,29.19,29.98,4059.5,,
0.555515613,9-23-2017,7,0.28,7.96,23.16,20.55,87.2,0,29.32,30.11,422.25,,
0.723864411,9-20-2017,7,0.14,4.04,21.26,20.17,97.68,6.36,29.17,29.96,452.25,,
0.668922169,11-04-2016,8,0,10,9.98,6.85,78.68,6.68,29.65,30.45,956.75,,
0.676204099,10-28-2017,10,1,10,4.56,-0.06,72.04,11.84,29.15,29.94,883.75,,
0.283306697,3-16-2017,7,0,10,-5.07,-7.9,75.12,6.64,29.57,30.37,305.23,,
0.765606295,4-24-2016,12,0,10,24.75,11.37,40.96,13.4,29.16,29.95,4722.5,,
0.398397629,06-11-2016,7,0,10,26.16,21.44,72.72,10.36,29.22,30.01,914,,
0.063390384,12-31-2016,16,0,10,3.94,-1.04,21.3,10.84,8.52,29.82,77.95,,
0.369152251,2-29-2016,10,0,10,7.35,1.68,65.24,14.04,29.21,30,4304.25,,
0.800188675,5-22-2017,8,0,10,16.37,8.96,58.96,7.08,29.31,30.1,2430,,
0.929217532,11-05-2016,11,0,10,15.81,8.44,59.84,6.96,29.59,30.39,3503.75,,
0.98226948,5-26-2016,6,1,5.72,21.06,19.86,89.04,8.76,29.18,29.97,149.38,,
0.356988284,1-24-2017,14,1,10,4.75,1.85,78.88,5.36,29.05,29.84,472,,
0.302831542,03-04-2017,11,0,10,7.53,-4.35,44.16,18.24,29.64,30.44,4724.25,,
0.502150309,06-08-2016,17,0,10,24.83,6.94,30.28,5.12,29.19,29.98,1847.25,,
0.236742062,7-22-2017,13,0,10,29.86,23.89,69.36,6.68,29.05,29.84,3343,,
0.942820415,08-03-2017,7,0.8,9.84,22.15,20.61,87.44,0.24,29.23,30.02,720,,
0.472677479,2-25-2017,7,1,6.58,-3.99,-6.4,79.93,24.65,29.05,29.84,190.38,,
0.214651011,06-04-2017,14,0.43,10,31.61,17.75,41.44,4.52,29.01,29.8,3219.25,,
0.68348796,5-20-2016,14,1,10,19.49,5.5,37.12,14.28,29.27,30.06,852,,
0.166517511,08-07-2016,15,0.05,10,26.81,16.08,49.22,7.22,29.22,30.01,2892.25,,
0.132121262,09-02-2016,13,0.53,10,24.08,13.32,50.8,9.08,29.4,30.2,4206.75,,
0.580570618,10-30-2016,7,0.93,9.71,13.32,12.1,90.67,13.63,29.27,30.06,56.1,,
0.881596517,4-14-2016,16,0,10,19.79,0.6,26.56,13.08,29.34,30.14,2095,,
0.637484599,04-07-2017,13,0,10,12.22,-1.73,36.6,15.04,29.32,30.11,4719.75,,
0.363367054,9-25-2017,11,0.02,10,31.07,16.3,40.28,2.68,29.22,30.01,3905,,
0.4548993,2-28-2017,15,0.08,8.15,17,15.57,24.56,16.84,9.29,29.71,187.25,,
0.889507215,01-08-2017,15,0,10,-8.55,-14.52,61.68,8.72,29.83,30.64,715,,
0.449505457,1-22-2017,9,0.98,3.61,5.77,5.33,97.59,8.38,28.82,29.6,1853.25,,
0.861196532,9-24-2016,14,0.29,10,30.73,19.91,50.08,5.36,29.29,30.08,3497,,
0.337998101,01-06-2017,14,0.59,8.52,-12.81,-16.86,67.52,7.89,29.48,30.29,286.5,,
0.048396888,06-02-2016,11,0,10,26.25,10.35,34.72,7,29.28,30.07,3094.5,,
0.568170139,12-13-2016,13,0.04,9.96,-4.81,-8.96,21.81,13.4,8.53,30.17,188.4,,
0.125573429,7-15-2016,9,0,10,24.49,18.61,68.12,9,29.23,30.02,3147.25,,
0.197988454,04-04-2016,10,0.99,10,6.22,-0.18,65,15.08,29.33,30.12,2477.75,,
0.92664726,08-07-2016,7,0.19,10,19.41,15.6,76,8,29.23,30.05,695.75,,
0.449141606,12-07-2016,7,0.14,9.04,-2.25,-5.26,21.85,6.28,8.53,30.12,104.1,,
0.308612132,02-07-2016,12,0,10,8.82,1.47,60.16,18.88,29.05,29.84,4285.25,,
0.655759916,02-09-2017,17,0,10,-10.41,-14.27,68.72,5.64,29.55,30.35,0.38,,
0.712505399,06-06-2016,6,0,10,19.4,15.07,72.56,8.12,28.97,29.76,266,,
0.510111255,05-07-2017,7,0,10,8.59,-0.29,53.2,6.32,29.25,30.04,1140,,
0.475241469,4-19-2017,17,0.14,10,27.51,15.86,20.63,7.96,8.52,30,0,,
0.86105034,4-23-2017,7,0,10,10.5,0.79,50.8,7.4,29.34,30.13,954.25,,
0.148999429,9-15-2017,15,0.43,10,31.18,15.94,38.24,6.4,29.2,29.99,3326.75,,
0.146377041,5-30-2016,15,0.02,10,30.33,10.07,20.8,0.33,10.04,29.98,3031.25,,
0.324793884,05-10-2016,16,0.64,10,21.38,16.7,72.08,7.6,29.09,29.88,1644.25,,
0.061705585,5-31-2017,6,0,10,16.98,11.45,71.04,5.68,29.23,30.02,249.25,,
0.637794562,3-20-2016,12,0.91,10,6.9,-2.13,51.44,11.8,29.36,30.16,2626,,
0.643536191,02-05-2017,7,0,10,-2.09,-4.63,79.04,9.6,29.18,29.97,349.83,,
0.047114697,02-01-2017,16,0.53,10,3.62,-2.77,62.37,10.96,29.36,30.15,256.7,,
0.719757564,05-01-2016,15,0.9,10,18.3,15.08,84.7,5.42,29.11,29.91,2202,,
0.166343052,10-25-2016,6,0,9.04,5.25,3.98,88.88,7.08,29.59,30.39,0,,
0.818965316,7-28-2017,15,0.03,10,27.2,17,50.24,14.8,29.15,29.94,3896.5,,
0.004574881,1-13-2017,14,0,10,-0.72,-4.29,76.68,14.12,29.83,30.64,1248.5,,
0.183319923,11-15-2016,17,0,10,9.55,6.43,73.56,5.08,29.12,29.91,0,,
0.819421116,7-30-2016,11,0.88,9,23.69,20,83,6.5,29.18,30,2525.25,,
0.966646944,7-15-2017,11,0.99,10,22.54,16.82,68.8,0.96,29.38,30.18,3685.25,,
0.842258912,3-18-2016,6,0,10,1.26,-0.95,77.32,7.04,29.27,30.07,1.69,,
0.828633364,4-26-2016,14,0.28,10,22.41,12.04,51.84,12.08,29,29.79,935.25,,
0.771312196,3-15-2017,15,0.42,10,-1.1,-7.99,57.92,11.76,29.57,30.37,3938.5,,
0.710955583,01-10-2017,17,1,10,5.83,4.2,86.84,35.84,28.88,29.67,0,,
0.889569575,7-20-2016,15,0.19,10,29.44,23.3,68,6,29.34,30.16,3738.75,,
0.983143185,08-06-2016,17,0,10,26.33,16.99,53.68,8.08,29.17,29.96,1861,,
0.11532575,04-05-2017,11,1,10,10.98,9.06,85.04,11.16,28.82,29.61,1255,,
0.096113606,5-25-2016,14,0.63,10,25.8,14.36,42.16,21.12,23.96,29.97,3113.5,,
0.88988767,10-17-2016,15,0,10,29.04,18,49.28,21,28.82,29.6,2736.75,,
0.898287072,8-16-2017,7,0,8.88,23.37,22,91.08,5.32,29.22,30.01,438.5,,
0.822635618,4-21-2016,15,0.65,10,20.71,12.76,56.28,6.16,29,29.79,2263.75,,
0.707032345,01-05-2017,10,0.87,8.46,-11.09,-14.26,75.71,7.83,29.31,30.11,111,,
0.663593242,07-07-2017,12,0.91,10,30.91,23.82,62.68,13.48,29.08,29.87,2063,,
0.035445805,10-13-2017,7,0.99,5.48,12.9,12.48,97.36,7.36,29.39,30.19,313.95,,
0.114513083,7-16-2016,12,0.65,10,24.51,16,56.8,4.08,29.36,30.15,3907.75,,
0.688384301,6-15-2016,14,0.4,10,32.75,23.97,59.92,12.44,28.97,29.76,4016.75,,
0.459613764,02-11-2017,11,0,10,13.86,9.46,77.56,4.2,29.11,29.9,3267.75,,
0.855009428,3-20-2016,9,0,10,5.11,-3.16,54.88,11.44,29.39,30.18,3076.75,,
0.20436871,06-12-2017,12,0.43,10,32.29,19.84,47.12,13.32,29.21,30,3709,,
0.295752207,5-19-2017,6,1,8,10.58,8.77,88.26,14.85,29.21,30.01,66.28,,
0.212470948,9-13-2016,9,0,10,24.34,17.49,61.36,5.72,29.33,30.12,2598.25,,
0.430252839,10-26-2016,14,1,7.69,15.38,13.1,86.77,6.96,29.23,30.02,74.25,,
0.926194332,06-06-2016,9,0.42,10,24.59,16.44,59.84,13.44,28.95,29.74,3208.5,,
0.689521254,01-08-2017,16,0,10,-8.68,-14.1,63.8,9.08,29.8,30.6,119.64,,
0.887223528,03-04-2016,10,0,10,0.94,-3.97,69.68,6.44,29.42,30.22,4293.5,,
0.863680269,8-16-2016,12,1,10,26.01,22.78,86.28,6.04,29.31,30.1,3075,,
0.504202717,5-21-2017,15,1,10,15.92,10.62,66.92,14.44,29.24,30.03,1507.25,,
0.489241282,4-28-2017,6,0.92,9,9.48,8.35,89.96,6.76,29.11,29.91,41.45,,
0.639621008,05-11-2017,13,1,10,15.91,12.93,79.85,12.5,29.15,29.94,0,,
0.984004775,05-02-2017,9,0.42,10,11.75,6.24,70.8,19.84,29,29.79,3705.5,,
0.69586302,10-27-2016,12,1,10,10.5,8.15,84.49,10.36,29.45,30.25,432.25,,
0.853213694,7-31-2016,6,0,4,18.87,18.3,93,5,29.21,30.03,164.93,,
0.717710698,07-10-2017,11,0.98,10,25.02,20.1,74.84,12.6,29.09,29.88,2521,,
0.412864534,07-06-2017,9,0,10,27.79,21.3,66.28,9.6,29.24,30.03,1092,,
0.903558594,11-25-2016,6,1,7.04,3.48,2.18,89,3,29.53,30.33,0,,
0.083375172,5-24-2017,8,1,3.32,13.81,13.74,96.72,8.4,28.77,29.55,301,,
0.959396019,09-05-2016,12,0.72,10,30.85,23.43,62.44,8.2,29.32,30.12,4104.25,,
0.313173904,06-06-2017,11,0,10,23.82,8.01,35.56,13.96,29.21,30,4716.75,,
0.269925107,4-24-2017,7,0,10,14.81,1.22,39.68,8.76,29.21,30,958.5,,
0.838620474,9-20-2017,10,0,10,30.06,23.21,68.53,11.72,29.15,29.94,3555.25,,
0.806199263,09-03-2017,16,0.14,10,27.26,13.86,41.56,7.68,29.23,30.02,2469.5,,
0.896598773,12-12-2016,7,0.04,10,-2.86,-5.29,21.97,14.8,8.53,30.06,30.33,,
0.1304689,06-10-2017,13,0,10,30.04,10.96,29.6,20.36,29.12,29.91,4661.75,,
0.208839315,6-25-2016,16,0.41,10,31.95,22.79,56.23,8,29.24,30.03,2509.75,,
0.888359809,5-27-2016,12,0.65,10,26.27,18.74,58.4,20.04,29.11,29.9,3097.5,,
0.093484343,09-01-2016,16,0.17,10,23.29,14.77,55.96,14.92,29.34,30.14,2591.25,,
0.755016824,6-21-2017,17,0,10,29.39,19.69,59.09,6.44,29.12,29.91,605,,
0.626985444,7-29-2017,10,0.14,10,21.98,14.58,60.2,11.28,29.32,30.11,4218.25,,
0.69847247,1-20-2017,16,1,10,10.05,9.46,92.72,6.68,28.86,29.64,30.62,,
0.973065296,5-16-2016,13,0.14,10,17.7,4.2,38.88,10.24,29.36,30.16,3303.75,,
0.008925686,6-18-2016,6,0,10,19.25,12.65,61.72,8.76,29.39,30.19,339.75,,
0.013246784,8-13-2016,12,1,9.96,24.98,22.7,81.88,12.2,29.09,29.88,1731.25,,
0.50422343,11-02-2016,11,0.41,10,24.08,16.31,59.28,9.4,29.34,30.14,2064.5,,
0.738659836,11-09-2016,14,0.01,10,13.02,6.02,60.52,6.72,29.49,30.29,2421,,
0.195935392,8-21-2016,7,0,10,17.49,16.38,90.96,10.24,29.14,29.93,720,,
0.541993514,06-07-2016,9,0.62,10,20.24,9.16,48.24,14.24,29.09,29.88,3372.5,,
0.273174811,7-19-2016,7,1,0.36,23.01,22.88,99.43,2.57,29.44,30.25,712,,
0.057096805,1-18-2017,16,1,10,4.45,2.56,86.8,9.24,29.31,30.1,114.58,,
0.247284554,09-10-2017,6,0,10,10.11,7.63,84.2,5.72,29.62,30.42,30.45,,
0.20382913,5-27-2017,15,0.15,10,23.45,18.18,69.72,1.2,29.08,29.87,3920.5,,
0.812258172,07-03-2017,15,0.03,10,31.29,18.4,45.08,7.32,29.21,30,1168,,
0.501466051,5-19-2016,8,0,10,16.88,5.42,46.72,4.76,29.42,30.22,2274.5,,
0.724005378,7-29-2016,16,0,10,26.7,20,63,6,29.09,29.91,2394.25,,
0.411158499,05-02-2016,12,0.97,10,13.37,9.18,73.85,8.41,29.23,30.02,3131.75,,
0.675977765,06-11-2017,14,0,10,32.13,15.62,35.52,15.2,29.19,29.98,4378.5,,
0.615729137,9-28-2017,17,0,10,20.56,9.47,45.36,4.44,29.34,30.13,904,,
0.680061155,8-25-2017,15,0,8.4,24.06,10.76,42.56,7.36,29.41,30.21,3587.75,,
0.815465246,04-04-2016,12,0.99,10,7.31,-0.76,58.56,15.72,29.36,30.16,3729,,
0.643230452,08-12-2017,11,0.44,10,24.19,12.85,48.12,8.32,29.3,30.09,3605.5,,
0.836922336,04-01-2017,7,0,8.88,3.65,2.22,86.96,6,29.4,30.2,359.5,,
0.345072966,9-27-2017,15,0,10,22.91,11.79,50.36,11.08,29.3,30.09,2485.5,,
0.851178752,08-04-2017,10,0.99,10,16.67,11.1,69.72,14.57,29.2,30,2585.25,,
0.162899358,10-30-2016,11,0.91,10,16.76,11.1,69.04,14.08,29.34,30.13,2721,,
0.503499086,10-14-2017,17,0.14,10,26.43,19.28,65.85,9.4,29.08,29.87,152.73,,
0.761887776,3-25-2017,8,0.59,10,17.14,14.28,80.68,14.72,29.15,29.94,346.5,,
0.641157529,3-17-2017,9,1,6.73,4.8,4.15,92.58,10.38,29.23,30.02,238.5,,
0.182681946,3-13-2017,8,1,1.31,-1.73,-2.18,92.04,12.92,29.34,30.14,13.94,,
0.000975776,10-21-2017,8,0,10,16.84,10.87,67.24,10.64,29.33,30.12,816.5,,
0.049128737,10-19-2017,11,0,10,21.32,11.92,55.36,0,29.39,30.19,3932.75,,
0.402382686,07-06-2016,17,0.62,10,26.28,23.51,79.24,7,29.08,29.87,939.25,,
0.532986719,10-18-2017,8,0,10,11.94,7.89,75.96,6.2,29.42,30.22,1509,,
0.137993079,3-20-2017,12,0.53,10,17.89,10.04,65.77,8.76,29.14,29.93,3988.75,,
0.364049012,10-28-2016,12,0,10,17.83,12.56,70.88,16.6,29.36,30.15,3935.25,,
0.591861945,2-16-2016,8,0.66,7.04,-3.94,-4.79,90.44,3.44,29.03,29.82,980.75,,
0.543882939,4-26-2017,15,0.66,10,24.22,12.78,45.4,18.4,28.73,29.51,1275.25,,
0.852625317,02-05-2016,16,1,10,-0.15,-3.85,74.76,5,29.58,30.38,304.13,,
0.236293304,8-26-2017,15,0.42,4.88,25.76,12.72,43.16,4.48,29.39,30.19,3585.25,,
0.965143187,07-10-2016,14,0,10,27.41,17.8,55,0,29.23,30.05,4062,,
0.258188889,10-25-2017,15,0.74,10,11.16,4.04,60.6,2.68,29,29.79,1552.75,,
0.474776239,01-09-2017,11,0,10,-1.7,-6.17,67.92,16.36,29.52,30.32,1872,,
0.470214716,8-13-2016,13,1,9.82,25.1,22.55,81.67,9.15,29.1,29.89,1607.25,,
0.702876363,10-10-2016,17,0,4.56,20.38,8.99,46.76,3,29.44,30.24,355.75,,
0.71361575,8-29-2016,15,0.3,10,30.85,23.08,61.28,3.72,29.36,30.16,3307.25,,
0.644513104,9-24-2017,12,0,10,32.23,17.15,40.12,5.24,29.27,30.06,4226.5,,
0.016095584,02-05-2016,13,1,10,-0.57,-4.03,74.76,6.04,29.56,30.36,1567.25,,
0.04269061,5-16-2017,17,0,10,28.74,15.31,41.48,19.04,29,29.79,1784.75,,
0.298178218,6-22-2016,7,0.81,8.08,19.14,19.34,96.84,4.04,29.23,30.02,107.08,,
0.111653563,4-29-2016,15,0.26,9.85,14.66,8.87,37.85,4,15.97,30.07,3132.25,,
0.421694452,05-05-2017,6,0,10,6.81,4.43,82.76,20.36,28.95,29.74,179.85,,
0.529319393,10-19-2016,10,0.92,10,19.69,11.46,58.84,5.36,29.31,30.11,1607,,
0.283631994,12-30-2016,12,0.38,10,1.68,-3.96,66.68,11.12,29.31,30.1,3482.75,,
0.519043397,10-16-2016,6,1,10,19.04,16.63,83.68,10.6,29.16,29.95,0,,
0.843376897,08-03-2016,11,0.01,10,29.43,21.54,59.47,6,29.27,30.06,4196,,
0.754840445,07-08-2016,15,0.04,10,26.62,11.61,38.88,17.41,29.09,29.88,3613.5,,
0.716250909,4-27-2016,11,1,7.53,15.15,10.88,74.45,14.32,29,29.79,856.75,,
0.936997431,3-21-2016,17,0,10,10.86,-2.99,36.4,9.28,29.28,30.07,1460.25,,
0.077109071,1-20-2017,7,1,2.57,5.97,6.32,99.58,0.46,28.82,29.6,25.98,,
0.715389999,05-04-2017,13,1,9.96,8.74,7.5,89,22.04,29.02,29.81,653.75,,
0.193727294,02-04-2016,15,0,10,0.1,-5.54,63.8,8.72,29.45,30.25,1941,,
0.669386753,4-13-2016,7,0,10,5.78,1.11,71,7.08,29.53,30.33,814.75,,
0.924698559,3-22-2016,6,0,10,4.92,0.51,68.2,12.16,29.1,29.89,2.95,,
0.235115058,10-07-2017,8,0,10,23.47,17.51,69.84,21.68,28.92,29.71,1690.5,,
0.744302623,12-03-2016,12,1,10,2.45,-1.2,75.64,7.88,29.57,30.37,1135,,
0.60531969,8-15-2017,13,0.74,10,30.04,21.14,55.72,7.24,29.14,29.93,3983.75,,
0.347617321,02-10-2017,11,0,10,1.43,-2.52,72.88,18.8,29.15,29.94,1012,,
0.5551592,3-30-2017,15,1,5.8,14.01,15.13,93.54,16.32,28.74,29.52,257.06,,
0.520222628,10-07-2016,17,0,10,15.16,7.6,59.12,13.36,29.38,30.18,447.25,,
0.08085767,11-13-2016,6,0,10,-2.72,-2.95,90.49,1.24,29.47,30.27,26.28,,
0.008048469,4-20-2017,12,0.84,10,24.41,17.29,60.39,17.65,29.09,29.88,0,,
0.777115157,10-09-2017,15,0.14,10,28.14,15.35,45.44,3.76,29.13,29.92,2540.25,,
0.183463147,2-16-2017,16,0,10,10.36,-0.82,47.64,15.04,28.98,29.77,373.75,,
0.265561897,11-22-2016,7,0,10,0.29,-1.01,88.72,6.12,29.5,30.3,182.05,,
0.226041365,6-20-2017,7,0,10,21.49,16.72,76,7.64,29.24,30.03,383,,
0.25589472,8-16-2016,9,0.98,9.72,24,22.42,90.86,5.21,29.29,30.09,679.5,,
0.880048706,02-06-2016,8,0.16,5,-2.18,-3.15,89.92,6.92,29.52,30.32,1652.75,,
0.267288691,5-24-2017,16,1,7.92,16.08,14.32,85.08,13.96,28.72,29.5,1089.25,,
0.711234748,1-28-2017,13,0.92,10,0.98,-2.16,78.64,15.84,28.99,29.78,2453.5,,
0.213148708,09-07-2016,11,0.44,10,31.56,24.28,64.04,11.44,29.27,30.06,3777.5,,
0.249411996,12-01-2016,10,1,10,3.78,0.23,77.39,16.42,29.14,29.93,921,,
0.449034372,07-02-2017,10,0,10,27.82,15.94,47.2,9,29.31,30.1,1357.5,,
0.096317646,7-23-2016,7,0,10,25.93,23.3,85,0,29.21,30.03,788.5,,
0.108779094,10-06-2016,14,0.54,10,28.83,17.35,48.12,10.76,29.27,30.06,2103,,
0.515587126,3-25-2016,17,0.52,10,7.53,1.9,63.96,4.8,29.28,30.07,1644.75,,
0.340818662,02-05-2017,6,0,10,-1.91,-4.82,78.08,10.88,29.16,29.95,1.94,,
0.621841394,08-06-2017,15,1,10,21.88,17.41,76.64,9.28,29.22,30.01,1237,,
0.944614961,03-07-2016,15,0.99,10,18.23,11.3,61.36,15.92,29.09,29.88,1000.75,,
0.303261999,5-31-2017,14,0,10,24.37,5.96,28.16,13.08,29.22,30.01,4639.75,,
0.374824154,03-10-2016,6,1,9.96,9.14,7.7,88.78,7.7,29.22,30.01,10.43,,
0.486071691,6-27-2016,15,0,10,31.17,18.05,42.29,12.83,29.24,30.04,3741.5,,
0.451410443,10-10-2017,12,0.97,10,22.95,17.42,72.01,11.08,29.25,30.04,2156,,
0.841372329,02-03-2017,7,0.16,10,-7.45,-11.67,21.7,7.72,8.54,30.44,132.35,,
0.071992764,04-06-2017,15,1,10,10.55,3.27,58.92,18.76,29.12,29.91,1540,,
0.624688058,9-19-2016,11,0,10,28.58,12.37,34.88,8,29.29,30.08,4314,,
0.949816129,03-08-2016,11,0,10,19.12,12.37,62.36,22.76,29.18,29.97,3025.25,,
0.727109295,8-22-2016,9,0,10,22.21,15.8,64.72,2.56,29.42,30.22,2995.75,,
0.59734916,5-31-2016,10,0,10,27.61,15.67,44.32,9.04,29.19,29.98,2168.5,,
0.847430816,06-03-2017,17,0.64,10,30.78,12.26,29.88,3.12,29.14,29.93,1219.75,,
0.921006192,7-13-2017,15,0.65,10,28.72,23.68,70.16,7.36,29.24,30.03,1360.5,,
0.760844296,8-14-2016,17,0,10,23.89,21.59,84.56,3.32,29.28,30.07,1078.25,,
0.551915341,03-10-2017,15,0,10,3.2,-16.53,22.04,16.24,29.61,30.41,2652.25,,
0.014866678,07-02-2016,12,0.3,10,18.06,13.4,70,4.08,29.37,30.17,1071.5,,
0.371203575,8-26-2017,14,0.42,5.52,26.1,12.17,41.96,5.08,29.41,30.21,3936.75,,
0.575569804,3-25-2017,10,0.73,10,18.67,13.15,67.72,19.16,29.17,29.96,1597.5,,
0.25645209,08-06-2017,8,1,10,19.13,16.18,79.2,3.2,29.24,30.03,286,,
0.051846496,4-24-2017,13,0,10,24.38,-1.12,17.64,13.84,29.08,29.87,4695,,
0.519109148,8-16-2017,13,0.92,8.12,26.77,23.72,76.8,11.24,29.18,29.97,489.5,,
0.562674121,07-12-2016,13,0.44,10,29.06,23.9,72,16,29.04,29.86,2708.5,,
0.79554209,3-25-2017,6,0.59,9.04,15.38,12.92,86.64,7.88,29.13,29.92,0,,
0.691782207,9-14-2017,6,0.93,3.68,16.39,17.06,97.42,0,29.1,29.89,19,,
0.221555304,5-26-2016,13,0,10,27.08,20.47,64.85,9.64,29.14,29.93,3668.75,,
0.643396294,05-03-2017,12,1,10,10.65,4.24,58.12,11.44,29.32,30.11,958,,
0.203469913,9-30-2017,12,0,10,19.96,6.29,40.48,7.04,29.58,30.38,4637.75,,
0.869811997,12-15-2016,9,0,10,-13.18,-18.91,61.2,9.72,29.7,30.5,1925.25,,
0.897922712,07-07-2016,12,0.16,10,25.22,22.65,83.16,13.84,28.99,29.79,1398,,
0.040405077,2-23-2017,12,1,9.7,15.11,11.96,80.15,5,28.95,29.74,726.5,,
0.59044173,04-03-2017,14,1,4.86,16.07,15.49,92.54,12.71,28.62,29.41,206.75,,
0.771662071,10-03-2017,10,1,10,24.47,18.33,68.16,16.2,29.52,30.32,1558.5,,
0.445030922,7-13-2017,16,0.44,10,28.42,23.47,69.44,7.72,29.24,30.03,1730.75,,
0.239451365,05-05-2016,11,0,10,15.61,7.97,58,16.6,29.18,29.97,3136.75,,
0.362269173,09-08-2017,9,0.14,10,21.85,10.48,47.8,8.28,29.42,30.22,2564.5,,
0.236250691,7-19-2016,6,1,0.12,21.71,21.9,99.67,0.29,29.44,30.24,237.95,,
0.521003469,6-14-2017,6,0,10,25.2,21.47,79.96,6.36,29.19,29.98,259.25,,
0.005564626,9-28-2017,15,0,10,22.63,9.85,43.4,7.32,29.34,30.14,3293,,
0.868432984,04-04-2016,15,0.99,10,6.29,-1.38,59.6,15.12,29.42,30.22,1831.75,,
0.233878478,4-27-2016,10,1,9.84,14.62,10.26,75.12,14.4,29.01,29.8,864.5,,
0.169401267,3-28-2017,7,1,10,6.46,3.9,82.04,14.44,29.27,30.06,229.98,,
0.1480663,7-13-2017,12,0.63,10,28.3,24.39,75.8,4.72,29.26,30.05,2167.75,,
0.723299459,7-24-2017,7,0.63,10,21.49,19.43,85.71,8.89,29.19,29.99,880.5,,
0.996345126,8-20-2017,14,0.44,10,31.74,21.61,53.28,5.04,29.23,30.02,2099,,
0.804283337,07-04-2016,9,1,4.35,20.4,19.61,91.04,5.11,29.1,29.89,703.75,,
0.48723864,04-06-2017,16,0.99,10,10.61,3.17,61.16,19.72,29.13,29.92,517.5,,
0.559286366,02-10-2017,10,0,8.04,-0.04,-3.58,77.12,22,29.19,29.98,243.5,,
0.155760484,10-12-2016,10,0.9,10,21.97,15.62,66.7,13.76,29.22,30.01,2096.5,,
0.464308799,11-26-2016,6,0.96,7,1.49,2.38,91.68,4.36,29.59,30.39,5.33,,
0.759647426,5-18-2017,17,0.3,10,28.87,16,41,13.99,29.06,29.85,1342.5,,
0.597276059,05-12-2016,14,0.31,10,18.9,13.88,72.07,15.23,29.19,29.98,926.25,,
0.303886763,06-04-2017,12,0.53,10,31.02,17.84,43.44,8.6,29.07,29.86,4285.25,,
0.333888675,8-27-2016,17,0.7,10,27.4,24.58,78.92,5.04,29.27,30.06,1398,,
0.971851704,6-19-2017,13,0.29,10,26.75,12.87,42.44,17.68,29.12,29.91,1483.25,,
0.559228744,4-30-2016,15,0.43,4.3,14.57,13.9,53.23,10.36,16.8,29.81,189.5,,
0.663589449,5-18-2016,16,1,10,18.92,5.35,37.72,3.84,29.36,30.16,1179.25,,
0.940754887,09-08-2016,14,0.75,10,26.12,23.6,85.12,8.36,29.13,29.92,1328.75,,
0.080459209,3-17-2016,15,0.65,10,15.33,-4.11,26.36,18.08,29.12,29.91,3236.5,,
0.096385431,8-25-2016,11,0.54,10,27.36,22.98,77.44,7.28,29.3,30.09,3877.25,,
0.250310826,9-29-2017,15,0,10,24.5,2.47,24,14.36,29.39,30.19,3316.25,,
0.33759368,5-30-2016,9,0.14,10,27.51,15.03,44.64,4.76,29.28,30.07,2858,,
0.41445476,04-07-2016,14,0.99,10,6.75,0.15,64.2,18.16,28.99,29.78,2970.25,,
0.745607981,9-15-2017,7,0.44,4.64,18.02,17.22,95.72,6,29.26,30.05,524.5,,
0.121060116,7-26-2017,14,0.75,10,30.32,23.9,68.64,5.4,29.23,30.02,2863,,
0.53610831,03-11-2017,11,0,10,-0.52,-16.56,28.6,7.32,29.68,30.48,4455.5,,
0.708669518,5-29-2017,11,0,10,27.32,8.05,28.16,16.72,29.11,29.9,4674.5,,
0.973250149,5-15-2017,14,0,10,29.78,12.64,33.12,14.12,29.12,29.91,4230.75,,
0.510532525,10-13-2016,9,0,10,9.69,3.6,64.52,5.72,29.54,30.34,3103.5,,
0.326185041,10-14-2016,6,0,10,5.67,4.25,90.16,3.8,29.47,30.27,0,,
0.759150589,5-13-2017,6,0,10,12.66,9.8,79.36,0,29.17,29.96,238.8,,
0.809365406,4-15-2016,17,0,10,23.23,6.92,33,9.16,29.34,30.14,1668,,
0.581453569,09-02-2017,9,0,10,17.09,12.11,70.68,5.44,29.28,30.07,3243.5,,
0.316430299,9-19-2017,16,0.52,10,26.99,19.23,62.2,0.12,29.11,29.9,2111,,
0.717568485,3-22-2017,10,0,10,1.27,-7.86,51.68,13.44,29.76,30.56,4470.75,,
0.00674361,9-13-2016,14,0,10,29.72,19,52.44,8.08,29.29,30.08,3182.75,,
0.533615971,02-08-2016,8,1,8,-0.89,-1.85,89.8,14.64,28.91,29.69,112.35,,
0.654921708,5-21-2017,12,0.99,10,17.86,11.79,65.72,15.4,29.22,30.01,2408.75,,
0.723267748,3-26-2017,7,0.35,10,13.72,12.97,91.62,10.11,29.07,29.87,182.25,,
0.773061629,2-21-2017,15,0.56,10,17.18,13.08,71.08,2.56,29.12,29.91,527.75,,
0.157817892,2-22-2017,14,0.63,10,20.71,13.84,61,14.85,28.95,29.73,1965.75,,
0.815816166,3-15-2017,8,0,10,-6.96,-11.23,69.92,13.32,29.61,30.41,308.5,,
0.25750935,11-23-2016,9,0.86,4.82,6.03,5.7,96.14,9,29.2,29.99,163.75,,
0.650526897,9-17-2016,14,0.3,10,27.36,17.32,51.84,9.32,29.16,29.95,3455.75,,
0.413580123,1-26-2017,10,1,10,-0.36,-2.17,85.04,22.68,29.12,29.91,398,,
0.808296337,12-05-2016,14,1,10,3.24,1.74,88.88,7.68,29.2,29.99,719.75,,
0.481314362,10-04-2017,10,1,9.11,23.64,21.04,85.05,13.6,29.53,30.34,782.75,,
0.083956053,8-27-2017,8,0.97,10,19.89,15.2,77.16,7.24,29.36,30.15,1214,,
0.869128084,9-29-2016,9,1,10,15.94,14.18,86.76,8.36,29.34,30.13,1190,,
0.017209467,8-22-2016,13,0.63,10,24.98,15.18,53.28,5.44,29.39,30.19,4416.5,,
0.640889388,03-07-2017,12,0,10,10.49,2.6,58.08,20.68,29.2,29.99,4731.5,,
0.086506533,8-26-2017,7,0,10,16.81,12.67,78.64,5.36,29.46,30.26,659.25,,
0.12757334,4-19-2016,15,0,10,25.26,4.27,23.4,9.2,29.31,30.1,1606,,
0.802551943,12-17-2016,17,1,7.84,-5.17,-6.4,87.88,10.83,28.99,29.78,0,,
0.224404165,10-26-2016,11,0.62,10,15.95,8.88,67.68,14.32,29.31,30.1,1771.75,,
0.21352581,08-01-2017,17,0,10,25,20.74,78.53,2.24,29.26,30.05,1250.25,,
0.249734919,7-31-2016,11,0.44,10,25.92,19.4,63,5,29.24,30.06,2883.25,,
0.724617081,7-29-2016,13,0.47,10,26.8,21.1,68,9.5,29.11,29.93,3881.75,,
0.264250713,4-21-2016,16,0.75,9.96,19.31,12.6,60.77,10.37,28.99,29.78,943.25,,
0.959331931,2-24-2017,12,0.91,10,19.05,13.7,66.44,27.56,28.68,29.46,905.25,,
0.106078582,12-18-2016,6,0.17,10,-13.67,-15.48,80.7,19.8,29.46,30.26,0,,
0.977029369,06-09-2017,10,0.29,10,28.13,11.74,33.88,17.12,29.1,29.89,3343.75,,
0.5759464,7-30-2016,15,0.44,10,25.85,20,65,8,29.14,29.96,3459.25,,
0.537316282,9-21-2017,13,0.42,10,33.17,21.96,50.4,5.72,29.22,30.01,2897.25,,
0.810532611,3-25-2016,13,0.99,10,5.42,0.42,70.64,1.8,29.3,30.09,3728.5,,
0.207531544,07-02-2016,7,0,10,15.54,12.06,76.52,2.76,29.39,30.19,237.25,,
0.956795366,2-25-2016,8,1,10,0.92,-1.11,82,15.24,29.11,29.9,328.75,,
0.89209052,4-21-2017,17,0,10,11.91,2.42,53.56,17.04,29.29,30.08,1017.75,,
0.103490415,07-11-2016,10,0.72,10,28.73,23.96,72.12,12.06,29.22,30.01,3747.25,,
0.201482257,6-25-2016,15,0.53,10,32.5,23.24,57,6.12,29.26,30.05,3381.5,,
0.942281411,08-10-2017,17,0.15,10,27.75,19.23,56.96,7.76,29.23,30.02,1636.25,,
0.040815522,8-26-2017,17,0,10,23.05,15.33,58.88,5.88,29.39,30.18,752.25,,
0.781724877,1-20-2017,15,1,5.52,10.29,10.05,97.04,6.76,28.85,29.63,108.2,,
0.501898194,3-23-2017,16,1,10,8.79,-0.23,49.64,11.2,29.36,30.16,397,,
0.321684613,11-13-2016,15,0,10,13,1.12,42.72,12.08,29.34,30.13,932.5,,
0.841792277,2-28-2017,12,1,3.1,13.82,13.77,97.36,15.72,29.01,29.8,387,,
0.998597713,9-29-2016,12,0.92,10,18.73,13.61,68.07,11.15,29.33,30.12,2416.25,,
0.070744168,7-31-2017,14,0,10,28.54,16.81,46.6,3.4,29.36,30.16,3620.25,,
0.71621031,5-24-2016,10,0,10,27.86,11.67,34.2,13.08,29.24,30.03,3476.75,,
0.837135137,5-30-2017,8,0,10,20.78,9.16,46,14.28,29.24,30.03,2285,,
0.968727981,3-29-2017,8,1,10,9.24,6.84,84.73,15.96,29.37,30.17,437,,
0.116320095,05-05-2017,16,0,10,16.78,3.78,41.32,20.84,29,29.79,3286.75,,
0.989935117,4-30-2016,13,1,3.8,13.58,12.88,96.16,11.8,29.04,29.84,259.5,,
0.489493145,8-29-2017,14,0.64,10,26.12,17.55,57.64,0.96,29.22,30.01,2402.25,,
0.734106838,9-26-2017,15,0.43,10,32.4,16.41,37.72,6.12,29.14,29.93,2899.25,,
0.517714986,01-02-2017,6,1,2.36,1.82,1.14,93.54,6.46,29.29,30.08,0,,
0.336648756,6-20-2016,9,0,10,29.61,22.88,65.56,13.96,29.36,30.16,3055.75,,
0.032263989,4-29-2017,11,0.98,6.31,10.72,9.99,95.77,17.31,29.26,30.06,467,,
0.289560998,4-23-2016,16,0,10,19.66,7.73,44.52,7.92,29.28,30.07,3022,,
0.855650546,7-28-2016,15,0,10,26.58,22.5,75.5,3,29.06,29.88,1525.75,,
0.317656884,8-19-2016,9,1,5.68,24.65,23.8,90.96,7.4,29.2,29.99,1301.25,,
0.767711583,3-30-2017,7,1,4.47,9.99,9.18,95.47,15.18,28.91,29.69,41.85,,
0.147040042,09-09-2017,16,0,10,23.91,13.35,51.16,11.56,29.52,30.32,2569.25,,
0.862481625,4-22-2017,16,0,10,16.91,0.61,30.72,15.4,29.29,30.08,2684.75,,
0.666241355,1-26-2017,17,1,8.11,0.14,-1.26,88.09,14.27,29.19,29.98,0.01,,
0.774604651,8-24-2017,16,0.64,10,24.28,12.5,45.52,9.32,29.29,30.08,2377,,
0.56185265,10-27-2016,9,1,10,10.06,8.58,89.72,11.64,29.42,30.22,452.5,,
0.363075869,6-21-2017,15,0.01,10,28.35,18.34,53.4,0.12,29.14,29.93,391.75,,
0.466101767,5-29-2016,13,0.43,10,28.66,13.7,38.84,14.04,29.27,30.06,3735.25,,
0.485624248,06-02-2017,13,0,10,28.84,5.96,22.64,5,29.28,30.07,4563.25,,
0.47249722,10-21-2016,7,0.97,10,5.07,3.37,80.92,11.28,29.38,30.17,90.07,,
0.623272819,5-15-2016,6,0.39,10,7.35,3.65,75.44,9.92,29.32,30.12,246.98,,
0.615028712,09-11-2016,9,0,10,20.85,11.98,55.16,1.16,29.44,30.24,3008.5,,
0.99340226,4-22-2017,12,0,10,14.94,1.54,37.52,20.72,29.33,30.12,3864.25,,
0.200486401,4-15-2017,16,0.42,10,26.27,12.58,40.84,19.6,29.17,29.96,2229.5,,
0.119327204,3-27-2017,7,0.83,3.4,9.4,9.53,97.16,2.2,29.16,29.95,358.5,,
0.535700014,4-18-2016,12,0,10,27.46,3.84,20.64,8.32,29.47,30.27,4341,,
0.402427697,10-14-2017,12,0,10,28.89,19.41,56.64,12.72,29.18,29.97,3991.75,,
0.473511075,11-12-2016,12,0,10,9.16,-0.2,49.92,0.96,29.63,30.43,4039.25,,
0.029400852,10-17-2017,11,0,10,19,5.93,42.4,17.44,29.48,30.28,4146,,
0.371371932,3-14-2017,9,1,10,-3.82,-7.75,69.6,6.04,29.49,30.29,161.5,,
0.002050477,05-03-2017,7,0,10,8.48,5.18,75.2,5.36,29.37,30.17,713.5,,
0.771702729,03-08-2017,15,0,10,14.78,-3.43,27.88,21.92,29.36,30.16,2792.75,,
0.707749367,08-05-2017,16,0,10,23.88,15.24,54.72,6.4,29.28,30.07,1540.25,,
0.271340463,05-09-2016,12,0.97,8.89,18.16,15.82,90.56,14.78,29.11,29.9,1217,,
0.612689128,6-23-2017,7,0.98,8.52,23.57,21.35,95.01,10.18,28.92,29.71,152.6,,
0.057898668,10-20-2016,15,0.98,10,14.29,11.4,78.58,17.08,29.29,30.08,1371,,
0.473169934,4-27-2017,6,1,10,7.85,6.42,88.45,16.85,28.78,29.56,71.95,,
0.542680146,2-25-2017,15,0.73,10,1.06,-7.34,54.17,20.84,29.2,29.99,2618,,
0.504318881,4-21-2016,9,1,5.96,16.06,15.34,91.4,8.24,29.09,29.88,798,,
0.445818337,05-04-2016,15,1,10,12.93,4.85,56.36,19.76,29.02,29.81,1315,,
0.158654138,4-20-2017,10,0.73,10,24.91,17.7,66.24,17.88,29.11,29.9,0,,
0.588918076,8-27-2016,8,0.69,10,24.8,23.39,89.89,5.42,29.29,30.08,1590,,
0.1696937,4-16-2017,17,0,10,19.05,13.31,65.32,8.6,29.25,30.04,1139.5,,
0.482371332,06-11-2017,17,0,10,30.98,15.72,37.84,16.52,29.16,29.95,1875,,
0.074988213,10-01-2017,16,0,10,23.68,4,27.16,9.64,29.31,30.1,2037.75,,
0.349320406,2-25-2017,16,0.53,10,0.38,-7.27,56.41,17.76,29.21,30,1027,,
0.045263401,05-09-2016,7,0.99,7.04,13.66,12.11,90.11,11.27,29.12,29.92,397.58,,
0.866228301,9-19-2016,10,0,10,27.21,13.06,38.76,7.6,29.3,30.09,3809,,
0.481163079,03-06-2016,10,0.54,8.96,6.4,1.93,70.76,14.4,29.43,30.23,3558.5,,
0.594565518,7-18-2017,9,0,10,26.19,18.71,59.64,2.56,29.31,30.1,3016.75,,
0.616494472,07-08-2017,11,0.42,10,26.37,16.48,54.72,8.72,29.26,30.05,4087.25,,
0.770373221,4-15-2016,12,0,10,23.16,3.85,27.48,9.64,29.37,30.17,3408.75,,
0.913898223,2-23-2016,7,0,10,-0.72,-2.97,85.2,10.04,29.29,30.08,712.5,,
0.199607288,02-03-2017,12,0,10,-2.36,-13.34,20.63,10.44,8.54,30.49,4715.75,,
0.567401,12-05-2016,7,1,8.04,0.42,-0.01,95.72,6.36,29.27,30.06,3.47,,
0.035081297,9-30-2016,15,0.11,9.46,19.47,16.35,28.77,11.5,10.72,30.01,1661,,
0.431195762,12-14-2016,13,0.28,10,-4.67,-10.82,54.64,13.4,29.38,30.17,186.5,,
0.822632928,12-08-2016,14,0.04,10,-5.17,-9.15,21.5,18.44,8.54,30.39,493.5,,
0.05159066,5-19-2016,16,0,10,22.21,2.36,25.36,4.04,29.34,30.13,2874.75,,
0.325181766,5-17-2017,16,0.54,3.2,27.42,15,43.56,29,28.92,29.7,2198.75,,
0.189308445,2-15-2016,17,1,2.13,-0.82,-0.63,95.84,4.72,29.06,29.85,18.68,,
0.659472141,07-05-2016,12,0.65,10,25.84,15.69,53.57,7.68,29.16,29.95,3406.25,,
0.477140042,4-15-2016,15,0,10,24.31,6.12,29.08,11.92,29.34,30.14,3971,,
0.188192172,10-27-2017,7,0.89,10,4.77,-0.18,71.01,11.63,29.08,29.87,59.15,,
0.062625248,10-28-2016,10,0.42,10,13.77,10.28,78.2,15.6,29.43,30.23,2304.5,,
0.084211807,06-03-2016,16,0,10,27.08,10.23,30.78,3.33,29.21,30,2108.5,,
0.389862013,9-24-2016,9,0.28,5.64,24.29,20.46,78.36,5.76,29.36,30.16,2575.5,,
0.517543093,10-23-2017,9,1,8.28,12.49,12.01,95.76,11.4,29.02,29.81,151.5,,
0.569697633,05-10-2016,14,0.82,10,19.56,17,84,12.04,29.09,29.88,1464,,
0.282077379,2-24-2016,10,1,0.65,0.17,-0.04,95.84,28.24,28.67,29.45,116.53,,
0.300684362,8-15-2016,15,1,6.61,23.96,23.29,93.87,14.67,29.15,29.94,1025.5,,
0.279199625,11-06-2016,11,0,10,16.95,8.3,55.84,3.92,29.58,30.38,4108.5,,
0.509872144,6-22-2017,6,0,10,23.34,21.28,84.96,7.92,29.14,29.93,55.33,,
0.621182804,03-03-2016,10,1,2.78,1.57,0.17,94.19,9.12,29.21,30,340.5,,
0.243981656,07-09-2016,8,0,10,22.24,18.47,77.08,7.72,29.25,30.04,2078.75,,
0.783831118,5-29-2017,15,0.83,10,27.38,8.08,28.52,21.72,29.08,29.87,1934.25,,
0.756418402,10-04-2016,10,0,10,23.58,13.94,53.2,10.04,29.27,30.06,3597,,
0.091439748,10-20-2016,6,1,7.54,12.89,12.65,95.34,8.55,29.28,30.07,0,,
0.673792534,12-12-2016,9,0.04,9.92,-3.34,-4.96,22.09,11.12,8.53,30.11,569.25,,
0.057192377,06-11-2017,7,0,10,24.9,16.25,57.28,13.12,29.23,30.02,1097.25,,
0.026570378,03-07-2017,11,0.14,10,9.63,3.19,63.28,19.28,29.21,30,4733.25,,
0.160682171,7-29-2017,13,0,10,24.52,13.16,45.92,12.04,29.31,30.11,4685.75,,
0.764072817,06-09-2017,14,0.53,10,30.1,12.66,33.44,15.12,29.06,29.85,3498,,
0.323628279,10-22-2016,17,0,10,12.37,6.14,60,5.48,29.25,30.04,297.4,,
0.990487547,06-04-2016,12,1,9.28,18.79,18.14,93,8.18,29.06,29.85,318.25,,
0.089816852,8-20-2016,14,0.82,10,25.25,21.13,76.08,14.44,28.9,29.69,3097.25,,
0.867920746,9-25-2016,17,0.01,10,27.05,20.94,67.72,5.76,29.16,29.95,439.75,,
0.943948794,9-24-2017,7,0,9.92,21.49,18.74,83.36,2.04,29.31,30.11,443.75,,
0.045075582,03-12-2016,10,0.98,5.04,11.29,8.79,87.12,6.23,29.35,30.15,1419.75,,
0.032429721,7-16-2017,9,0.03,10,25.66,20.55,71,3.4,29.23,30.02,2708.5,,
0.701435932,08-12-2017,7,0,10,18.26,15.93,83.04,5.72,29.28,30.07,784.75,,
0.236367012,12-11-2016,17,0.08,2.43,1.7,1.77,25.29,7.27,9.3,29.82,0,,
0.669860145,12-07-2016,15,0.18,10,0.36,-3.87,21.54,11,8.53,30.17,477.75,,
0.208542098,2-26-2016,8,0,10,-1.37,-4.19,75.4,9.32,29.5,30.3,1813,,
0.904262707,04-01-2017,11,0,10,10.85,3.75,60.48,10.44,29.42,30.22,4409.25,,
0.088858939,12-01-2016,15,1,10,3.72,0.12,75.64,12.48,29.18,29.97,112.28,,
0.52769173,4-17-2016,12,0,10,26.06,3.38,21.04,7.68,29.55,30.35,4723,,
0.141067094,8-16-2017,14,0.83,9.04,26.63,24.7,84.36,11.32,29.14,29.93,1100.75,,
0.700612308,10-05-2016,11,0.54,10,25.39,17.35,59.36,13,29.2,29.99,1582.25,,
0.403876775,9-26-2016,17,0,10,20.06,0.92,27.16,10.16,29.22,30.01,1040.5,,
0.773558474,5-30-2016,8,0,10,26.14,15.72,51.24,6.08,29.3,30.09,2045.25,,
0.069555769,2-25-2016,10,1,7.69,1.12,-0.95,83.12,16.69,29.17,29.96,2465.75,,
0.520959434,5-23-2016,17,0,10,26.36,5.62,24.32,7.8,29.15,29.94,1215.25,,
0.672249551,10-06-2016,9,0.89,10,25.27,18.64,65.76,7.76,29.32,30.11,2008.25,,
0.285841483,05-10-2017,16,0.84,10,26.85,20.17,67.01,11.12,29.04,29.83,802.75,,
0.176918259,7-27-2016,17,0,10,27.92,21.7,67,5,29.12,29.94,1862,,
0.77669239,11-26-2016,15,0.3,10,8.4,4.8,74.72,9.16,29.46,30.26,585.75,,
0.033941377,7-28-2017,11,0.54,10,25.85,19.93,67.2,14.48,29.16,29.95,2597.25,,
0.626275012,10-19-2017,8,0,10,15.22,11.1,77.04,7.4,29.38,30.18,1323,,
0.223176169,9-27-2016,17,0,10,21.61,2.33,26.96,8.6,29,29.79,962.75,,
0.965034049,10-13-2016,17,0,10,12.82,3.91,51.84,0,29.47,30.27,555,,
0.706586256,01-03-2017,8,1,1.35,5.38,5.26,99.22,4.86,28.97,29.77,136.63,,
0.289875742,6-18-2017,13,0.01,10,26.88,15.54,48.08,17.6,28.95,29.73,1539.5,,
0.328017001,8-19-2017,6,0.14,9.84,18.55,18.49,93.32,1.6,29.17,29.96,97.13,,
0.039750269,3-24-2017,12,0,10,24.97,13.98,49.56,24.8,29.21,30,4699.75,,
0.49033708,03-06-2016,12,0,10,9.68,3.16,62.6,15.72,29.37,30.17,4572,,
0.059300263,03-08-2017,14,0,10,14.54,-3.6,27.64,25.8,29.36,30.16,3928.25,,
0.564370147,5-28-2017,11,0.75,10,24.69,18.36,64.08,12.92,28.96,29.75,3042.75,,
0.595524497,6-27-2016,13,0.19,10,30.82,19.4,50,11,29.27,30.09,3798.25,,
0.409983371,7-25-2016,12,0,10,27.15,22.8,77,6,29.23,30.05,2730.75,,
0.481232573,3-26-2017,8,0.98,10,14.2,12.93,89.45,11.29,29.08,29.87,522.5,,
0.256295427,7-22-2017,11,0,10,26.34,23.4,78.68,6.96,29.05,29.84,2632.5,,
0.985047504,7-24-2017,9,1,10,23.16,19.39,79.96,7.36,29.21,30,2700.5,,
0.792001874,5-14-2017,14,0.14,9.84,28.78,10.02,29.28,18.8,29.1,29.89,4428,,
0.442664501,08-05-2017,6,0,10,14.05,13.73,88.08,2.56,29.3,30.09,147.05,,
0.109362412,02-07-2016,11,0,10,7.77,1.47,62.8,19.36,29.08,29.87,3550.5,,
0.933287005,4-18-2017,8,0,10,17.86,5.16,42.12,17.32,29.35,30.15,0,,
0.041246775,5-29-2016,6,0,10,21.28,19.48,87.44,8,29.26,30.05,251.5,,
0.838931928,6-16-2017,11,0,10,28.63,19.2,56.2,7.4,29.06,29.85,0,,
0.547196562,3-25-2016,9,0.75,10,2.04,-1.96,72.04,7.04,29.29,30.08,1649.25,,
0.697271221,08-01-2016,13,0.44,10,26.03,22.2,70,8,29.25,30.07,2170.25,,
0.304064953,10-18-2016,6,0,10,20.88,18.08,80.28,12.76,28.9,29.68,0,,
0.868318879,06-04-2017,10,0,10,29.75,19.02,49.64,8.04,29.11,29.9,3844.75,,
0.637319912,02-07-2016,6,0.14,10,2.15,-0.82,76.12,12.28,29.18,29.97,0.79,,
0.243519359,8-28-2016,14,0.44,9.7,31.14,23.38,62.76,3.84,29.36,30.15,2942.25,,
0.001943485,2-21-2017,6,0.78,10,11.41,9.84,84.8,0,29.16,29.95,0,,
0.361027199,1-18-2017,7,1,6.4,1.98,1.66,95.72,8.28,29.37,30.17,15.71,,
0.064333775,4-26-2016,17,0.38,10,15.53,8.91,65.84,17.6,28.97,29.76,38.35,,
0.5614181,4-27-2016,17,1,3.85,14.9,13.16,90.23,11.15,28.95,29.74,199.85,,
0.282739922,6-19-2017,17,0.25,10,26.52,10.34,35.24,16.8,29.12,29.91,668.75,,
0.857127955,3-30-2017,12,0.98,4.74,16.66,15.14,92.08,7.82,28.77,29.55,398,,
0.627765337,02-04-2017,13,0.45,10,0.9,-10.75,39.52,20.12,29.42,30.22,2217,,
0.656733529,8-17-2017,10,0.59,10,25.8,21.3,71.2,12.52,29.05,29.84,3215,,
0.939195673,11-17-2016,6,0,8.04,8.02,6.41,88.88,7.12,29.1,29.89,16.65,,
0.421332943,4-20-2017,15,0.82,10,22.69,13.86,55.44,22.32,29.07,29.86,2704.5,,
0.731414322,11-25-2016,8,1,4.42,3.47,1.73,86.92,5.08,29.55,30.35,272.75,,
0.993464331,8-25-2017,12,0,10,22.92,11.69,49.8,4.44,29.44,30.24,4259.5,,
0.958650979,06-09-2016,15,0,10,29,13.51,35.78,13,29.17,29.96,3518.75,,
0.190610689,08-05-2017,7,0,10,17.52,15.03,76.96,0.12,29.3,30.09,886.5,,
0.170083876,10-09-2017,12,0,10,27.42,14.1,44.2,1.2,29.13,29.92,4209.5,,
0.453302154,3-17-2017,11,1,2.45,6.19,5.88,95.63,9.77,29.21,30.01,440.5,,
0.870079417,07-07-2017,11,0.9,10,30.27,23.17,64.6,11.44,29.11,29.9,2078.75,,
0.058978586,01-02-2017,17,1,2.76,7.52,7.13,96.7,8.04,29.11,29.91,0,,
0.646764072,6-21-2017,9,0,10,25.09,18.8,67.72,6.32,29.19,29.98,1102.25,,
0.942350049,10-28-2017,11,1,10,4.53,0.84,76.72,10.52,29.15,29.94,1574.75,,
0.831122177,4-27-2016,13,0.54,3.07,15.23,12.82,88.82,19.47,28.96,29.76,1269.75,,
0.511377341,1-19-2017,6,1,2.52,2.06,1.8,97.28,6.72,29.22,30.01,0,,
0.873815256,02-12-2017,9,0.62,5.68,5.51,3.33,84.88,14.12,29.32,30.12,2915.5,,
0.217961937,6-25-2016,11,0,10,30.29,22.26,62.34,8.78,29.31,30.1,4215,,
0.935512432,05-12-2017,7,0,10,14.08,9.89,76.92,5.8,29.16,29.95,0,,
0.790083102,07-12-2016,9,0.72,8.04,27.77,24.73,82.32,11.88,29.12,29.91,1252.75,,
0.260201412,02-04-2017,15,0,10,1.92,-10.49,37.84,22,29.32,30.11,1436,,
0.408124967,10-16-2017,13,0,10,17.86,4.38,41.12,9.64,29.5,30.3,4356.25,,
0.434628046,3-27-2017,15,1,10,15.42,11.8,73.96,9.48,29.04,29.83,715,,
0.026798776,05-10-2016,6,1,9.04,17.04,16.46,93,15.58,29.03,29.83,57.38,,
0.077482344,4-29-2017,9,1,7.28,9.86,9.04,92.88,15.36,29.27,30.06,188.25,,
0.053928502,09-05-2017,14,0.53,10,21.78,8.66,41,18.76,29.14,29.93,4691.5,,
0.951352205,9-17-2016,15,0.5,10,27.1,16.29,49.52,8.6,29.16,29.95,2904.25,,
0.863268032,05-03-2016,7,0,10,11.25,6.55,69.52,8.32,29.2,29.99,1029.75,,
0.94031379,8-14-2017,6,0.56,9.96,17.58,16.54,89.16,1.16,29.14,29.93,113.33,,
0.292195454,06-10-2016,13,0.19,10,32.39,17.8,38,13,29.19,30.01,4012,,
0.587209039,02-11-2016,8,0,10,-10.42,-15.16,65.2,8.44,29.5,30.3,2208,,
0.485711266,5-20-2016,10,0,10,19.5,6,38.84,16.92,29.31,30.11,1690,,
0.812777527,3-28-2017,11,1,10,10.79,5.97,74.88,8.68,29.31,30.1,3518.25,,
0.280363936,02-06-2017,13,1,0.56,6.19,6.29,98.24,9.19,29.06,29.85,320.75,,
0.229911337,04-03-2016,9,0,10,7.43,-2.72,48.68,16.56,29.23,30.02,3391,,
0.524490315,8-24-2017,17,0.01,10,23.21,11.9,46.2,7.32,29.29,30.08,1260.5,,
0.442961588,08-02-2017,8,0,9.88,22.99,20.9,81.24,1.8,29.27,30.06,1958,,
0.951037854,10-09-2016,6,0.14,10,6.37,5.79,87.04,1.16,29.52,30.32,1.25,,
0.73250309,10-23-2017,16,0.46,10,12.21,10.81,90.48,7,28.93,29.72,585.5,,
0.021220216,3-26-2017,10,0.92,10,15.45,12.34,79.57,12.99,29.08,29.87,1010.5,,
0.207659351,7-29-2017,8,0,10,18.79,13.11,67.8,10.28,29.31,30.11,2266.25,,
0.545941537,7-14-2017,7,0,10,22.34,20.04,84.96,8.28,29.32,30.12,966.25,,
0.078635294,8-26-2016,13,0.62,10,29.2,23.36,71,5.88,29.31,30.1,4114.25,,
0.372210634,7-25-2017,8,0,10,21.95,16.99,73.32,8.4,29.39,30.19,2125.25,,
0.184636697,11-24-2016,14,1,7,4.17,2.54,85.4,7.28,29.41,30.21,165,,
0.851018095,05-01-2016,16,0.83,5.2,17.77,15.02,85.8,9.28,29.1,29.9,1260.75,,
0.441073695,8-30-2016,8,0.14,10,24.35,20.92,79.44,6.92,29.36,30.16,1441.25,,
0.293142638,01-06-2017,8,0,10,-17.84,-19.87,74.68,1.8,29.47,30.27,155,,
0.1514029,3-20-2016,7,0.14,10,2.15,-0.95,79.4,10.88,29.36,30.16,305.43,,
0.827283107,1-31-2017,12,0.96,10,5.67,1.2,71.62,19.3,29.06,29.85,1720,,
0.237148173,9-22-2016,11,0,10,30.76,16.34,40.28,6.48,29.28,30.07,4173.25,,
0.962386058,09-09-2016,10,0.8,8.04,22.24,21.45,92.89,9.35,29.16,29.95,754.75,,
0.524105146,6-19-2017,14,0,10,26.91,10.42,34.96,23.84,29.11,29.9,1321.25,,
0.139866842,4-30-2017,10,0.9,10,17.55,16.45,92.64,3.33,28.96,29.76,748.75,,
0.155653049,6-22-2016,8,0.83,8.89,19.4,19.35,95.62,7.54,29.15,29.94,148.05,,
0.865138796,11-20-2016,6,0,10,-4.54,-6.24,84.84,9,29.56,30.36,13.37,,
0.155475162,4-18-2017,6,0,10,10.81,5.22,65.88,8,29.39,30.18,0,,
0.94617057,6-14-2016,16,0.16,10,26.73,23.41,81.04,13.04,29.04,29.83,2767.5,,
0.203216113,07-02-2017,14,0.01,10,30.52,16.88,42.2,3.88,29.27,30.06,1389.75,,
0.53471535,06-06-2017,6,0,10,15.16,10.48,71.16,11.44,29.2,29.99,250,,
0.840462491,02-03-2017,16,0,10,-1.23,-14.02,20.23,12.6,8.54,30.49,567.25,,
0.792536617,03-03-2017,15,0,10,2.65,-9.07,42.2,3.76,29.77,30.57,2805.25,,
0.92200333,11-16-2016,6,0.48,1.99,1.71,2.36,97,0.2,29.13,29.92,19.13,,
0.630974817,10-25-2017,9,0.42,10,5.92,2.73,80.04,7.28,29.03,29.82,833.5,,
0.348241093,09-10-2016,9,1,8.3,20.71,19.62,91.74,11.33,29.13,29.93,846.5,,
0.010099112,06-09-2017,16,0.62,10,29.87,12.85,34.4,15.12,29.04,29.83,2917.25,,
0.673140882,9-23-2016,9,0,10,27.63,19.67,59.76,2.04,29.31,30.1,2721.25,,
0.639242159,9-19-2017,9,1,9.88,21.08,20.37,90,0.2,29.19,29.98,406.25,,
0.431349207,3-28-2016,14,0.83,10,11.42,2.86,56.84,10.88,29.34,30.14,2801.25,,
0.085942857,6-27-2016,6,0,10,22.72,20.06,82,5.24,29.31,30.1,228,,
0.643242037,11-07-2016,10,0,10,16.14,8.77,60.88,6.64,29.53,30.33,3847.5,,
0.835869197,9-14-2016,10,0.66,9.47,23.17,20.15,81.65,8.12,29.43,30.23,1799.25,,
0.346910941,8-18-2017,16,0,10,28.51,17.02,47.4,8.72,29.1,29.89,2540.75,,
0.436865182,2-19-2016,16,0,10,15.87,5.21,48.12,19.88,29.01,29.8,862.5,,
0.273473652,5-21-2016,13,0.28,10,24.6,4.18,26.04,16.52,29.3,30.09,4410.25,,
0.220397123,01-04-2017,12,0.44,10,-6.24,-10.9,67.88,18.4,29.32,30.11,3745.5,,
0.601120277,2-17-2017,17,0,10,16.92,3.72,39.12,12.56,28.93,29.72,40.68,,
0.130043074,5-14-2016,9,1,10,7.87,2.25,67.08,22.12,29.27,30.06,1763.5,,
0.351307794,7-24-2016,12,0,10,31.59,25.96,68.44,10.11,29.15,29.94,4199.5,,
0.254330165,6-19-2016,10,0.69,10,29.09,20.89,59,5.33,29.45,30.25,3110.25,,
0.965317169,10-27-2017,14,0.91,10,7.07,-1.44,54.36,15.6,29.1,29.89,3394,,
0.214670847,09-08-2017,10,0,10,23.37,10.03,42.24,6.04,29.42,30.22,3813.5,,
0.751600629,5-15-2017,16,0,10,29.58,13.18,33.2,14.96,29.1,29.89,2778,,
0.112216147,5-29-2016,12,0.53,10,28.36,15.28,44.48,14,29.28,30.07,3777,,
0.221549221,05-06-2016,9,0,10,18.44,5.47,39.28,11.24,29.25,30.04,2167.5,,
0.482609951,05-06-2016,14,0.45,10,24.34,5.74,28,7.6,29.15,29.94,2507,,
0.420151754,03-12-2017,14,0,10,2.44,-13.69,28.92,3.96,29.57,30.37,3683.5,,
0.475698045,8-31-2016,9,0,10,25.38,21.64,76.04,3.76,29.26,30.05,2228.75,,
0.962515703,2-28-2017,7,1,8.81,10.35,9.88,94.56,14.44,29.09,29.89,98.85,,
0.747964225,05-12-2017,12,0,10,20.55,10,49.4,12.68,29.15,29.94,904.25,,
0.148742651,07-10-2016,7,0,10,21.61,15.52,66.4,4.68,29.31,30.1,969.75,,
0.44539686,4-27-2016,9,1,8.77,13.25,9.94,79.27,16.04,28.99,29.79,600.75,,
0.432985169,8-24-2016,16,0.16,10,28.97,23.75,71.28,10.64,29.2,29.99,1540,,
0.878313963,02-02-2016,15,1,3.15,11.87,11.02,96,20.92,28.72,29.5,182.5,,
0.192473058,6-28-2017,16,0.43,10,28.5,17.57,50.24,15.24,29.12,29.91,920,,
0.762945862,6-14-2016,15,0.8,7.6,26.27,23.22,87.64,12.48,29.05,29.84,2697.25,,
0.611756949,09-12-2017,11,0,10,23.23,12.04,49.84,14.96,29.14,29.93,3240,,
0.671639757,3-31-2016,12,0.08,9.11,19.07,16.23,26.38,23.81,9.97,29.38,3215.25,,
0.000998344,5-28-2016,10,0.75,10,23.43,20.02,80.85,14.8,29.18,29.98,1264.75,,
0.61553286,01-02-2017,9,1,0.89,3.19,2.72,98.44,8.32,29.27,30.06,414.5,,
0.452717464,11-08-2016,16,0.52,7.32,13.76,13.16,90.96,7.32,29.38,30.17,123.86,,
0.154453563,03-10-2017,12,0,10,2.94,-13.33,29.64,14.16,29.62,30.42,4591.75,,
0.26479867,07-04-2016,14,1,10,23.38,20.71,83.22,0.89,29.09,29.88,1552.25,,
0.336541105,09-10-2017,11,0,10,21.91,7.57,39.16,3.4,29.59,30.39,4515.25,,
0.296905027,5-16-2016,15,0.72,10,16.44,5.44,44.84,13,29.36,30.16,1075.5,,
0.204575818,03-12-2016,15,1,10,14.36,9.41,72.46,8.31,29.23,30.02,382.5,,
0.669596019,9-15-2017,12,0.53,10,30.1,17.33,45.92,9.2,29.23,30.02,4283.5,,
0.269190938,2-24-2017,10,0.14,10,18.58,14.21,74.8,21.28,28.69,29.47,1458.5,,
0.208219122,9-22-2016,7,0,9.92,19.66,17.21,87,0.96,29.31,30.11,499.75,,
0.55488206,07-10-2016,8,0,10,22.88,15.86,64.72,6.4,29.31,30.1,2164,,
0.682257244,05-12-2017,14,0.42,10,21.21,9.1,43.84,9.48,29.12,29.91,1053.25,,
0.545600636,2-23-2017,6,1,0.1,6.49,7.34,98.24,1.04,28.95,29.74,24.1,,
0.524236566,6-21-2016,7,0.16,10,22.81,16.41,66.52,6.4,29.28,30.07,939.25,,
0.905470389,09-05-2017,17,0.44,10,19.17,8.51,47.24,11,29.15,29.94,753.5,,
0.633082345,10-30-2016,6,0.38,6.16,13.54,12.66,92.88,10.2,29.23,30.02,0,,
0.721822111,7-30-2017,10,0.14,10,26.08,15.24,49.6,6.84,29.41,30.21,3935.75,,
0.889287876,12-06-2016,12,0.08,2.19,2.21,1.38,24.68,14.57,9.3,29.8,549.25,,
0.594464122,11-21-2016,8,0,10,-2.23,-5.24,75.24,0,29.52,30.32,1737.25,,
0.057018134,07-03-2017,9,0,10,28.72,17.88,50.4,4.72,29.29,30.08,1065.75,,
0.006940512,9-14-2017,11,0.19,10,23.47,16.81,66.16,0.11,29.14,29.93,2773,,
0.542634285,4-25-2016,14,0.83,10,27.12,13.74,41.32,20.36,28.94,29.72,1883.25,,
0.613931578,12-03-2016,16,0.97,10,1.82,-1.53,74.8,7.68,29.52,30.32,39.45,,
0.237612162,6-24-2016,10,0.72,10,25.7,20.5,69.88,4.04,29.29,30.08,3840.5,,
0.119113515,8-29-2017,10,0.15,10,23.58,18.52,73.53,6.52,29.27,30.06,3890.25,,
0.623247548,04-10-2016,13,1,8.8,10.03,8.38,87.28,17.8,29.02,29.81,311.25,,
0.375157388,8-17-2017,17,0.4,10,27.33,20.55,64.28,8.12,29.03,29.82,1098.25,,
0.268875277,1-24-2017,10,0.84,10,4.27,1.38,79.08,2.04,29.12,29.91,404.5,,
0.05925042,10-22-2017,13,1,10,21.67,17.2,76.64,17.6,29.17,29.96,357,,
0.557480503,8-22-2017,12,0.8,10,25.56,20.49,72.86,10.89,29.16,29.95,3482.75,,
0.951008969,5-23-2017,17,1,10,17.67,13.66,74.08,6.08,28.9,29.68,625.5,,
0.925117265,1-30-2017,7,0,10,-11.21,-11.41,91.84,2.12,29.24,30.03,42.46,,
0.064156908,05-11-2016,14,0.43,10,24.55,19.15,67.16,8.96,29.22,30.01,3039.25,,
0.310902858,4-27-2016,16,1,3,15.08,13.36,90,17.96,28.95,29.73,318,,
0.557892748,8-18-2016,9,0.28,10,27.41,23.95,78.36,6.64,29.3,30.09,2511.75,,
0.132161983,03-02-2017,7,0,10,-0.03,-2.79,78.8,16.2,29.42,30.22,1117.25,,
0.726545888,5-20-2017,17,0.03,10,24.02,19.28,71.28,6.76,29.09,29.88,1357,,
0.187461114,12-05-2016,15,0.55,10,3.45,2.09,90,6.88,29.18,29.97,391.75,,
0.540650891,10-14-2017,14,0.63,10,29.53,20.22,58.04,13.52,29.13,29.92,3213.75,,
0.83755535,10-24-2017,8,1,10,8.49,5.64,81.56,11.56,28.9,29.68,145.7,,
0.562888899,5-25-2016,8,0,10,24.42,16.93,62.72,6.76,29.25,30.04,2091,,
0.622647185,09-06-2017,16,0.75,10,17.54,7.46,50.16,9.68,29.24,30.03,2503.5,,
0.388992438,5-27-2017,9,1,5.19,17.3,17.02,94.2,6.77,29.11,29.9,1225,,
0.034485629,7-26-2016,11,0.21,10,27.1,19.97,59.47,7.06,29.28,30.07,2544.5,,
0.338694113,04-01-2017,10,0,10,9.78,4.29,67.92,9.84,29.42,30.22,4355,,
0.968222235,07-09-2016,15,0.65,10,26.19,17.35,54.48,6.76,29.27,30.06,3463.75,,
0.09085001,5-27-2016,9,0.42,10,23.8,19.47,71.68,13.64,29.15,29.94,2683.5,,
0.518236969,03-06-2016,11,0.14,10,7.95,2.79,69.28,16.36,29.4,30.2,4355,,
0.258565178,5-25-2017,9,1,9.7,14.74,12.92,86.77,13.03,28.86,29.64,1176.75,,
0.242939832,3-26-2016,6,0.14,5.16,1.81,0.99,91.2,8.28,29.36,30.16,6.75,,
0.047478907,10-27-2016,8,1,10,9.57,8.27,89.72,9.4,29.4,30.2,163.93,,
0.765052577,8-30-2016,11,0.01,10,27.2,23.45,76.48,5.44,29.33,30.12,3145.75,,
0.789691235,1-29-2017,12,1,9.89,-1.98,-5.52,74.78,12.48,29.07,29.86,388.25,,
0.92016494,08-06-2016,9,0.39,10,24.48,19.04,65.99,7.89,29.21,30,2413.25,,
0.765882002,12-12-2016,6,0.04,9.92,-2.31,-5.18,21.97,16.08,8.52,30.02,0,,
0.900861212,10-15-2017,10,1,10,12.34,8.44,76.02,21.8,29.28,30.07,390.25,,
0.850624112,8-22-2017,8,1,10,21.41,21.13,95.52,6.96,29.14,29.94,344,,
0.595794852,06-03-2016,13,0,10,27.38,10.82,33.16,0.32,29.27,30.06,4303.5,,
0.013547684,3-29-2016,14,0,10,14.51,-0.59,35,9.8,29.45,30.25,4650.25,,
0.534915285,2-13-2017,12,0,10,5.9,-3.11,50.68,12.44,29.5,30.3,4264.5,,
0.679465752,10-20-2016,9,1,9.7,13.42,12.64,92.89,7.35,29.29,30.08,246,,
0.554461296,5-14-2016,10,1,10,8.69,2.25,63.96,19.48,29.28,30.07,2388,,
0.633618283,3-20-2017,8,1,10,8.29,6.31,87.8,17.8,29.19,29.98,546.25,,
0.833408364,03-12-2017,17,0,10,2.18,-11.06,35.44,8.6,29.5,30.3,771.5,,
0.642846308,12-13-2016,9,0.11,5.21,-1.89,-3,27.26,8.19,10.05,30.14,45.9,,
0.369078917,06-08-2017,14,0,10,26.93,6.4,25.4,3.52,29.15,29.94,4440.25,,
0.748177039,07-10-2016,12,0,10,24.43,10.17,38.01,4.12,29.28,30.07,4551.75,,
0.728657013,08-12-2016,17,0.4,10,28.76,26.09,81.38,3.81,28.99,29.79,879.75,,
0.265902374,11-02-2016,8,0.92,10,18.7,14.58,72.36,5.84,29.34,30.14,316.75,,
0.884086378,9-19-2016,17,0,10,27.2,13.43,40,6.36,29.23,30.02,1104.25,,
0.128180308,3-15-2016,10,0.63,10,17.26,14.45,81.96,17.16,28.92,29.71,3162.5,,
0.535573738,4-19-2016,12,0,10,25.54,5.74,26.44,8.36,29.35,30.15,2881.25,,
0.800752815,11-28-2016,7,1,10,7.06,6.12,91.12,22.31,28.85,29.64,14.6,,
0.129573032,9-21-2016,15,0.14,10,30.83,18.31,48.45,14.12,29.36,30.16,2246.25,,
0.206503187,5-13-2016,6,0,10,10.69,8.63,83.24,10.6,29.3,30.09,160.9,,
0.103921582,02-12-2017,14,0,10,9.24,-2.14,44.72,31.28,29.39,30.19,3753.5,,
0.88130129,12-03-2016,13,1,10,2.68,-1.14,76.72,6.6,29.56,30.36,826.75,,
0.665172171,07-06-2017,7,0,9.84,23.59,21.05,82.2,5.12,29.24,30.03,134.33,,
0.003603421,09-08-2017,6,0.14,10,8.87,7.92,86.12,0.2,29.39,30.19,30.15,,
0.330588493,1-19-2017,7,0.91,2.71,2.18,2.21,98.16,6.73,29.2,30,84.7,,
0.544914255,08-02-2016,11,0.75,10,27.19,21.7,69,5,29.3,30.12,3377.75,,
0.842762721,03-12-2017,9,0,10,-1.23,-13.88,37.28,0.2,29.69,30.49,2976.75,,
0.634504551,2-15-2017,11,0,10,2.91,-6.82,48.48,15.36,29.16,29.95,4708.25,,
0.679512804,04-11-2016,10,0.45,10,8.29,3.88,70.24,15.32,29.17,29.96,1025.5,,
0.890279709,03-09-2016,13,1,10,18.69,13.96,70.22,14.52,29.14,29.94,657,,
0.727611321,12-02-2016,16,1,10,4.35,1.75,78.88,5.36,29.46,30.26,5.07,,
0.095141534,11-24-2016,6,1,9.92,4.51,3.06,87.92,11.44,29.37,30.17,0,,
0.688187382,11-20-2016,9,0,10,-1.59,-5.61,72,10.04,29.58,30.38,3231,,
0.863393976,7-21-2017,11,0,10,30.96,24.7,70.44,1.24,29.22,30.01,3958.5,,
0.195318008,06-11-2017,6,0,10,22.48,15.97,63.36,9.52,29.23,30.02,264,,
0.299897407,08-03-2016,10,0.62,10,28.37,21.99,68.6,6.08,29.29,30.08,3386.5,,
0.096244493,08-02-2017,14,0.54,10,28.95,18.79,50.76,3.84,29.23,30.02,3089.5,,
0.489198357,6-21-2016,13,0,10,27.54,16.55,48.68,10.84,29.23,30.02,4570.75,,
0.858948313,3-13-2017,6,1,1.06,-2.1,-2.24,95.47,9.96,29.34,30.14,0,,
0.626358654,2-20-2016,17,0,10,15.77,6.44,51,4.36,29.15,29.94,70,,
0.195833875,08-04-2016,8,0,10,25.68,20.6,69,0,29.2,30.02,1263.5,,
0.057331691,7-24-2017,12,1,10,24.93,19.18,68.44,8.96,29.22,30.01,3038.25,,
0.192650794,10-12-2016,6,0.14,10,15.19,13.74,89.64,7.6,29.25,30.04,0,,
0.104668527,8-25-2016,15,0.54,10,28.86,23.6,71.28,7.04,29.26,30.05,2968.25,,
0.829319136,2-20-2016,10,0,10,15.36,2.53,42.88,13.4,29.16,29.95,4200.25,,
0.270246526,4-15-2017,14,0.54,10,26.96,12.14,38.48,25.36,29.19,29.98,3909.25,,
0.401508125,5-31-2017,13,0,10,25.5,5.89,28.16,13.84,29.23,30.02,4714.25,,
0.526734824,09-05-2016,13,0.64,10,31.23,23.25,59.16,11.12,29.31,30.1,3744,,
0.839259467,03-05-2017,13,1,10,17.6,5.93,43.64,20.64,29.35,30.14,1633.75,,
0.843060102,10-12-2016,17,1,9.92,13.02,11.67,88.96,12.08,29.27,30.07,93.3,,
0.057092351,10-06-2017,16,1,10,21.67,20.33,92.76,7.96,29.11,29.9,436,,
0.420591218,07-02-2016,11,0,10,18.13,13.16,71.92,5.24,29.39,30.19,1295.5,,
0.88426086,04-11-2017,8,1,9.96,10.73,8.13,81.66,7.76,29.41,30.21,394.5,,
0.773201921,5-30-2016,13,0.15,10,30.17,11.83,30,7.24,29.22,30.01,3113,,
0.33197733,1-16-2017,7,1,1.15,1.65,1.47,98.01,6.39,29.41,30.21,45.38,,
0.401688274,08-11-2017,17,0,10,24.45,16.91,60.56,12.52,29.2,29.99,1536.5,,
0.798765171,4-16-2016,11,0,10,24.63,8.6,34.52,8.24,29.47,30.27,4227,,
0.371395546,3-22-2017,11,0,10,2.46,-6.85,50.96,13.8,29.74,30.55,4718.5,,
0.610395505,06-09-2017,15,0.62,10,30.08,12.87,33.8,13.4,29.04,29.83,3481.75,,
0.908364625,10-14-2016,16,0,10,19.65,7.69,43.76,8.84,29.36,30.15,1904,,
0.205822154,9-26-2017,7,0,10,21.91,18.45,80.28,0.96,29.21,30,359.5,,
0.26380446,5-29-2017,14,0.74,10,27.31,7.03,25.6,21.96,29.09,29.88,3142.5,,
0.809043924,4-25-2017,12,0,10,25.68,10.3,36.64,17.36,28.88,29.66,4707,,
0.403600432,07-04-2017,6,0,8.8,22.9,20.89,84.44,0,29.28,30.07,87.03,,
0.906528227,3-19-2017,14,0,10,12.32,1.11,45.44,9.72,29.46,30.26,4578.75,,
0.734766972,3-22-2016,12,0,10,17.49,4,39.72,23.12,28.98,29.77,4629.75,,
0.577437507,9-13-2017,11,1,7.21,19.24,17.78,90.92,4.54,28.98,29.77,1153.75,,
0.19478035,9-25-2017,6,0,9.04,17.28,15.47,81.96,0.2,29.25,30.04,7.78,,
0.88187196,02-01-2017,15,0.55,10,4.61,-2.94,57.65,14.32,29.33,30.12,1329.25,,
0.393201806,09-08-2016,13,0.56,10,25.2,23.92,87.92,7.2,29.13,29.92,862.5,,
0.129492926,10-25-2017,16,0,10,10.52,4.5,65.64,3.96,29.03,29.82,1585.5,,
0.579233119,5-25-2016,11,0,10,29.07,16.9,47.68,12.56,29.21,30,3410.5,,
0.522618743,3-27-2016,16,1,5.75,8.64,7.28,89.07,18.39,29.06,29.85,290.38,,
0.769544099,4-30-2016,7,1,1.98,10.75,10.25,94.96,14.73,29.17,29.96,62.93,,
0.199591128,2-15-2017,9,0,10,0.3,-7.1,57.28,15.76,29.15,29.94,3688,,
0.356261286,10-21-2017,7,0,10,13.84,10.31,79.48,7.72,29.32,30.12,141.81,,
0.594293403,09-03-2017,17,0,10,25.46,13.58,42.92,4.04,29.23,30.02,1371.5,,
0.223472538,12-14-2016,6,0,10,-13.63,-15.47,69.96,1.2,29.46,30.26,0,,
0.596745373,7-22-2017,16,1,10,30.43,25.54,75.64,6.32,29.03,29.82,2026,,
0.360801437,7-20-2016,16,0,10,29.82,23.03,61.77,3.22,29.34,30.14,2616.25,,
0.979713646,12-31-2016,13,0,10,8.13,-0.17,56.17,20.08,28.94,29.73,2854.5,,
0.013050246,06-02-2016,8,0,10,24.47,12.62,46.64,5.68,29.29,30.08,1903.75,,
0.24749545,06-08-2016,10,0,10,21.79,7.06,37.36,5.24,29.25,30.04,3950.5,,
0.501757354,11-23-2016,10,1,5.69,6.67,6.07,95.08,11.5,29.18,29.98,120.75,,
0.070188307,8-21-2017,10,0.5,9.96,27.05,22.84,82.08,9.59,29.34,30.14,2028.5,,
0.385906561,03-04-2017,15,0,10,12.79,-0.75,40.52,11.12,29.55,30.35,2621.5,,
0.62947141,07-10-2017,13,0.91,10,29.34,23.06,70.52,16.24,29.06,29.85,3782.5,,
0.191872647,08-06-2016,10,0.44,10,25.51,19.4,67,6,29.19,30.01,3446.25,,
0.500463579,7-22-2016,9,0,10,25.71,21.1,77,7,29.25,30.07,1975.5,,
0.991610675,3-25-2016,11,1,10,4.14,-0.39,70.84,6.44,29.31,30.1,3364,,
0.878062052,2-26-2017,15,0,10,8.63,-7.36,29.28,21.84,29.24,30.03,1272.25,,
0.200977918,02-03-2016,16,1,10,-0.22,-1.66,85.76,21.16,29.13,29.92,62.8,,
0.970248921,09-11-2016,16,0.28,10,24.77,10.81,40.76,0,29.35,30.15,2490,,
0.796969841,02-03-2017,11,0,10,-3.47,-12.72,20.9,12.4,8.54,30.5,4258.25,,
0.036449004,8-22-2016,16,0.53,10,24.87,16.11,55.12,7.16,29.37,30.17,3032.5,,
0.579655951,7-24-2016,16,0,10,30.11,26.1,80,9,29.1,29.92,1415.25,,
0.449657948,06-02-2017,8,0,10,24.42,8.36,35.88,0.12,29.33,30.12,2402,,
0.85217129,6-30-2016,17,0.02,10,25.31,16.85,21.14,8.72,8.52,29.93,1339.5,,
0.188899246,10-19-2016,7,0.28,6.48,13.29,12.94,89.6,2.68,29.3,30.09,216.15,,
0.138524709,7-28-2017,10,0.81,9.54,24.71,20.69,74.74,13.22,29.15,29.94,771.5,,
0.354243132,5-31-2016,14,0.63,10,29.34,15.46,39.6,10.6,29.14,29.93,3251,,
0.848189637,10-06-2016,7,0.84,9.04,20.6,19.34,88.6,1.2,29.31,30.11,287,,
0.998552937,05-10-2017,8,0,6.32,18.2,14.53,81.96,7.96,29.16,29.95,2060.75,,
0.723363683,10-06-2016,10,0.81,10,26.38,18.72,64,3.72,29.32,30.11,1783,,
0.51770398,2-21-2016,16,0.99,10,7.34,2.67,70.88,14.12,29.3,30.09,538.75,,
0.491272999,7-23-2017,14,0.01,10,31.27,19.37,45.72,11.72,29.04,29.83,4245.25,,
0.139758027,11-07-2016,7,0,10,6.38,5.7,86.12,0.24,29.53,30.33,842.5,,
0.68391361,2-28-2017,14,1,4.92,16.05,15.1,97.16,15.76,28.94,29.73,536.5,,
0.840561068,09-10-2017,7,0,10,12.48,8.57,77.56,7.4,29.62,30.42,608.5,,
0.400350871,7-21-2017,7,0.31,10,25.06,22.25,87.12,7.32,29.21,30,536.75,,
0.914307695,10-06-2017,15,1,10,21.85,20.08,89.68,5.4,29.14,29.93,694,,
0.009557078,8-22-2016,10,0.29,10,23.33,15.02,57.32,3.08,29.42,30.22,3792,,
0.179026706,5-21-2016,10,0,10,21.38,6.36,35.6,11.12,29.33,30.12,3781.75,,
0.39929669,11-30-2016,15,0.04,10,3.4,0.46,22.01,14.8,8.51,29.69,48.65,,
0.179209513,2-25-2017,8,0.92,8.58,-3.95,-7.47,74.08,24.31,29.09,29.88,1185.5,,
0.319294176,2-21-2017,8,1,6.96,12.19,11.12,91.76,1.6,29.18,29.97,302.75,,
0.117432587,5-23-2016,6,0,10,15.76,9.06,62.4,6.08,29.26,30.05,274.5,,
0.89657449,10-27-2016,16,1,10,10.33,7.03,81.6,4.4,29.45,30.25,487.5,,
0.339455478,10-10-2017,17,1,9.89,21.66,17.34,76.3,4.07,29.18,29.98,35.15,,
0.662995875,3-17-2017,10,1,4.13,5.4,4.78,92.83,10.28,29.23,30.02,432.5,,
0.146212595,9-18-2016,9,0,10,24.1,16.58,62.4,5.68,29.24,30.03,2490.5,,
0.161438141,01-03-2017,9,1,2.27,5.55,5.67,99.58,3.77,28.97,29.76,332.5,,
0.854649543,02-08-2017,17,1,2.23,-2.85,-3.32,91.23,12.92,29.2,29.99,0,,
0.137406806,10-25-2016,11,0.96,10,13.4,5.43,60.2,4.8,29.6,30.4,2055.75,,
0.308837723,12-01-2016,8,1,10,2.66,-0.04,79.84,12.72,29.11,29.9,372.75,,
0.414104691,12-05-2016,6,1,9.96,0.34,-0.01,95.72,6.08,29.26,30.05,0,,
0.296924937,09-04-2017,10,0,10,28.51,21.43,64.44,16.08,29.05,29.84,3386.25,,
0.422388544,8-31-2017,6,0,7.08,16.56,17.03,92.88,7.48,29.33,30.12,26.68,,
0.802823826,7-31-2016,16,0.19,10,26.88,20,65,7,29.19,30.01,1685.75,,
0.446563724,06-11-2016,12,0.58,10,32.28,18.93,43.88,10,29.24,30.03,3714.75,,
0.27636923,3-24-2016,13,0.82,10,12.12,7.92,70.92,25.24,28.74,29.52,2768.75,,
0.229847264,01-02-2017,10,1,0.93,4.2,3.71,98.37,9.22,29.27,30.06,500.75,,
0.163518003,11-02-2016,15,0.76,10,23.3,19.61,84.97,6.2,29.3,30.09,949.5,,
0.085976816,01-02-2017,8,1,0.55,2.34,1.81,97.04,7.52,29.28,30.07,174.18,,
0.438618703,7-29-2016,8,0.59,7,22.83,21.85,93.5,3,29.12,29.94,1820.25,,
0.643800591,8-17-2017,6,1,9.49,21.83,21.86,96.56,6.48,29.08,29.87,14.4,,
0.399701215,12-28-2016,17,1,10,3.89,1.53,81.76,6.08,29.05,29.84,0,,
0.389201866,10-14-2017,6,1,10,16.64,14.56,86.64,7.04,29.28,30.07,0,,
0.470252789,05-11-2017,15,1,10,16.68,12.98,76.92,9.4,29.15,29.94,0,,
0.923164965,07-08-2016,13,0.44,10,29.78,22.98,61.44,13.67,29.09,29.88,3219,,
0.011715982,9-27-2017,14,0,10,23.31,12.09,49.96,11.12,29.3,30.09,2489.25,,
0.702539828,7-29-2016,10,0,10,25.07,22.2,85,7,29.13,29.95,1367.25,,
0.692133676,10-03-2017,17,1,10,22.82,20.17,84.88,7.28,29.52,30.32,319.73,,
0.775078753,08-08-2017,11,0,10,25.05,11.69,42.52,5.36,29.41,30.21,4449.75,,
0.371177882,01-03-2017,16,1,2.98,2.91,2.69,95.62,17.5,29.04,29.83,8.73,,
0.934843764,07-06-2017,10,0.17,10,28.95,20.71,58.92,8.84,29.23,30.02,1360.25,,
0.121842024,12-03-2016,9,0.14,10,1.5,-1.76,76.72,9,29.55,30.35,1962.25,,
0.328927666,01-06-2017,10,0,10,-14.59,-18.53,69.2,1.84,29.51,30.31,725,,
0.632967397,5-15-2016,10,0.28,10,11.91,-0.01,43.32,16.24,29.37,30.17,4239.75,,
0.784456963,04-05-2016,13,0,10,8.36,-3.24,43.8,12.56,29.54,30.34,4696.25,,
0.530867693,4-26-2016,11,0.04,10,24.51,16.11,60.48,12.76,29.01,29.8,1560,,
0.28676054,1-25-2017,8,0.3,10,7.21,5.4,83.96,12.08,28.72,29.5,320.75,,
0.003004516,10-04-2016,14,0.64,10,26.1,13.12,42.56,10.84,29.19,29.98,3962,,
0.548765749,12-09-2016,9,0.03,9.96,-4.05,-8.27,21.3,10,8.55,30.57,1369.75,,
0.455973653,07-03-2016,6,1,7.45,15.02,14.56,93.3,2.36,29.3,30.1,36.75,,
0.732157414,03-06-2017,9,1,10,12.63,10.78,86.27,19.92,29.2,29.99,218,,
0.075306357,7-28-2017,14,0.44,10,27.38,18.14,53.12,15,29.15,29.94,4000.5,,
0.444824001,04-06-2017,12,0.73,10,10.28,3.65,64,19.84,29.08,29.87,4561.75,,
0.220202085,07-03-2017,8,0,10,27.33,17.85,54.56,5.36,29.28,30.07,729.75,,
0.293591148,12-17-2016,6,1,2.61,-0.32,-0.54,95.01,1.31,28.83,29.63,0,,
0.067251041,5-13-2017,7,0,10,15.83,10.08,66.68,3.52,29.18,29.97,1104.5,,
0.675140451,2-19-2017,6,1,0.34,8.25,8.42,99.47,2.96,29.21,30,4.99,,
0.442677669,10-23-2017,10,0.99,10,12.67,11.95,95.34,14,28.99,29.78,180.73,,
0.414744422,07-08-2017,15,0.42,10,27.26,14.36,44.52,9.32,29.24,30.03,3945,,
0.354410385,08-09-2017,12,0,10,26.44,11.42,38.16,7.24,29.39,30.19,4610.5,,
0.916460746,02-08-2016,12,1,7.32,-3.6,-6.23,78.12,16.52,28.95,29.73,1110.25,,
0.627807032,9-27-2017,12,0.01,10,23.29,11.55,49.16,10.32,29.3,30.09,2350.5,,
0.720108173,12-01-2016,14,1,10,3.93,0.15,73.84,14.04,29.17,29.96,284.5,,
0.027653647,6-26-2017,9,0.28,10,21.74,7.38,39.12,14.28,29.37,30.17,1146.25,,
0.978341821,05-10-2016,12,0.99,9.72,19.4,16.67,80.63,12.73,29.08,29.88,1536.75,,
0.765976265,10-09-2016,13,0,10,23.95,6.25,30.32,8.08,29.49,30.29,4245.25,,
0.658585121,02-02-2016,13,1,1,7.96,7.07,97.28,17.56,28.81,29.59,256.5,,
0.695538011,2-20-2016,15,0,10,20.42,4.36,34.72,8.76,29.12,29.91,2432.25,,
0.068911759,02-12-2016,13,1,6.96,-3.22,-6.95,73.15,20.73,29.39,30.19,1569.5,,
0.960522931,05-11-2017,9,0.99,7.12,14.38,12.31,88.68,13.32,29.12,29.92,285,,
0.30434185,4-23-2017,12,0,10,20.07,-1.16,23.04,11.4,29.27,30.06,4711,,
0.573534385,3-25-2017,14,1,10,19.89,13.79,68.53,12.48,29.13,29.92,943.5,,
0.497571464,2-25-2017,14,0.83,10,0.9,-6.81,57.85,22.04,29.18,29.97,3739.5,,
0.057929971,08-11-2017,6,0.66,9.96,19.37,19.05,96.4,0.12,29.23,30.02,38.7,,
0.51796304,11-03-2016,7,1,2,15.55,14.99,96.34,7.29,29.39,30.19,15.17,,
0.516088016,06-05-2017,12,0.29,10,32.15,9.72,24.04,7.36,28.97,29.76,4446.5,,
0.671882889,09-03-2016,6,0,10,14.4,13.38,90,7.4,29.41,30.21,48.05,,
0.039646226,10-29-2016,12,0,10,26.02,15.71,52.4,17.8,29.18,29.97,3668.75,,
0.507984418,10-01-2016,12,0.99,10,19.18,15.35,79.6,5.68,29.21,30,3228,,
0.825286296,05-05-2017,17,0,10,16.15,3.1,39.84,14.92,29,29.79,1887.5,,
0.000973172,3-15-2017,9,0,10,-5.61,-10.18,67.76,11.12,29.61,30.41,656,,
0.764895363,1-19-2017,12,1,6.96,6.13,4.7,87.08,9.88,29.11,29.9,451.75,,
0.198947839,7-27-2016,13,0,10,28.68,20,57,5,29.18,30,4387.75,,
0.941354531,8-22-2017,13,0.99,10,25.75,20.1,69.8,13.88,29.17,29.96,3589.75,,
0.47100581,1-15-2017,11,1,5.64,0.25,-1.38,88.28,0.24,29.59,30.39,1307.25,,
0.980068146,04-10-2017,14,1,10,18.56,15.68,77.48,19.88,29.12,29.91,1039.5,,
0.085367791,9-29-2017,12,0,10,24.44,9.98,40.52,8.68,29.39,30.19,4527,,
0.938093533,7-29-2017,16,0.14,10,25.13,14.24,47.84,10.32,29.31,30.1,3175.75,,
0.078770114,7-15-2016,10,0,10,25.12,18.84,66.36,9.72,29.23,30.02,3947,,
0.322145404,12-03-2016,10,0.89,10,2.03,-1.53,74.56,5,29.58,30.38,1558.75,,
0.859748076,9-19-2016,16,0,10,29.63,11.78,31.4,8.4,29.23,30.02,2367.5,,
0.947812394,8-27-2016,10,0.53,10,27.42,23.91,78.36,5.24,29.3,30.09,3011.5,,
0.304067431,3-21-2017,11,0.99,10,12.23,2.22,53.32,12.16,29.4,30.2,3545,,
0.031090611,12-15-2016,10,0,10,-12.01,-18.66,54.68,9.28,29.7,30.5,2833.75,,
0.502735497,3-30-2016,7,1,10,7.59,1.6,65.96,13.04,29.17,29.96,211.75,,
0.880288882,8-20-2016,16,0.75,10,25.02,21.38,77.4,9.56,28.91,29.69,1659.5,,
0.680393444,09-06-2016,16,0.63,10,31.63,24.11,61.96,10.84,29.27,30.06,1986.75,,
0.53708315,04-12-2016,17,0,10,10.76,-3.22,20.35,7.24,8.53,30.31,1782.75,,
0.514822467,10-03-2016,11,1,10,20.63,12.25,59.17,0.2,29.31,30.11,1543.25,,
0.652029123,06-04-2016,13,1,9.72,19.5,18.7,92.04,6.4,29.04,29.83,725.5,,
0.65059543,4-20-2017,7,0.01,10,21.92,17.01,21.7,19.04,8.52,29.92,0,,
0.581134558,08-12-2017,10,0.44,10,23.19,12.37,48.88,11.28,29.3,30.09,3212.5,,
0.381522141,6-30-2017,16,0.03,10,27.84,20.28,21.74,9.8,8.52,29.81,257,,
0.785666326,01-12-2017,14,1,5.77,-0.51,-1.41,91.35,13.92,29.4,30.21,279,,
0.620095983,09-09-2016,6,0.96,0.84,19.94,20.35,98.96,2.96,29.18,29.98,18.91,,
0.067126033,2-24-2017,7,0,10,15.26,14.05,87,19.8,28.69,29.47,461.5,,
0.619354445,10-21-2016,8,0.9,10,7.3,3.99,77.84,13,29.39,30.19,544.25,,
0.376254499,3-24-2016,17,1,8.22,5.22,3.94,87.78,19.96,28.86,29.65,254.25,,
0.510564719,05-12-2017,11,0,10,19.73,9.97,52.44,10.12,29.15,29.94,3093.25,,
0.163705534,06-02-2016,15,0,10,27.6,9.98,31.36,8.32,29.22,30.01,3738,,
0.62304242,10-09-2017,13,0,10,28.12,14.89,43.64,5.56,29.12,29.91,3896.25,,
0.109435906,6-29-2017,10,0,10,27.73,18.12,53.12,15.48,29.1,29.89,980.25,,
0.761894639,09-10-2016,8,0.81,10,21.77,20.76,91.56,8.89,29.09,29.89,1334,,
0.025397575,12-16-2016,16,1,10,-4.19,-10.73,56.28,15.64,29.08,29.87,5.43,,
0.101517205,11-09-2016,7,0,10,4.54,3.58,86.8,9.08,29.53,30.33,813.5,,
0.514582749,06-10-2016,16,0.22,10,32.9,17.99,38,14.94,29.16,29.96,2781.25,,
0.326697192,3-14-2017,14,1,10,-2.57,-6.73,67.92,14,29.47,30.27,468.5,,
0.042931836,04-09-2016,9,0,10,0.25,-8.79,50.28,10.32,29.49,30.29,3709.75,,
0.296969852,4-25-2016,9,0.14,10,23.89,12.76,46.64,17.96,29,29.79,2985.25,,
0.450274559,02-04-2016,11,0,10,-2.86,-7.78,66.84,8.72,29.47,30.27,4610.25,,
0.850488613,09-12-2017,9,0,10,19.47,12.58,62.6,13.88,29.17,29.96,1349.75,,
0.226266305,03-09-2017,16,0.62,10,12.04,-5.38,28.84,11.56,29.25,30.04,408.75,,
0.369390621,04-01-2017,16,0,10,13.38,4,50.36,6.72,29.39,30.19,2427.5,,
0.848314274,04-04-2016,8,1,10,3.92,-0.02,75.19,16.54,29.27,30.06,865,,
0.307959946,08-09-2017,11,0.29,10,26.11,12.58,41.44,8.68,29.4,30.2,4234.25,,
0.87616372,7-15-2016,14,0,10,26.05,17.74,57.92,13.08,29.25,30.04,4076.75,,
0.464892127,1-25-2017,7,0.29,10,6.06,4.36,87.8,9.84,28.73,29.51,46.49,,
0.857138606,03-12-2017,12,0,10,1.41,-14.65,28.32,3.08,29.64,30.44,4585,,
0.56024548,8-23-2016,15,0.49,10,25.6,18.65,61.88,10.28,29.37,30.17,2637.25,,
0.6154872,7-25-2016,9,0,10,24.45,22.2,85,8,29.22,30.04,1543.5,,
0.227313078,05-07-2017,6,0,10,6.71,-0.23,59.52,4.36,29.24,30.03,196.23,,
0.955069896,6-30-2017,12,0.39,10,27.76,23.64,77.56,7.41,29.04,29.83,1071.5,,
0.569454539,2-26-2016,13,1,10,1.05,-4,66.8,9.8,29.45,30.25,1015.25,,
0.38503298,9-16-2016,12,0.98,4.54,22.13,21.96,95.62,7.85,29.24,30.03,605.75,,
0.263566881,06-12-2016,8,0,10,26.34,16.73,57.64,7.04,29.3,30.1,1982.75,,
0.298277246,03-09-2016,15,1,10,18.35,14.56,75.12,11.4,29.13,29.92,204.5,,
0.863950868,12-04-2016,11,1,1.14,0.84,0.65,94.26,6.78,29.21,30,331.25,,
0.828004173,8-13-2017,16,0,10,25.59,13.9,45.4,4.72,29.21,30,2677.25,,
0.871846266,3-21-2016,6,0,10,-1.77,-3.18,85,7.68,29.4,30.2,2.21,,
0.985752796,6-24-2017,13,0.15,10,24.15,8.84,37.64,15.36,29.28,30.07,1503.75,,
0.823783056,11-04-2016,13,0,10,15.76,5.97,51.08,5.64,29.62,30.42,4177,,
0.70314617,8-16-2017,9,0.28,10,27.45,23.32,74.96,7.96,29.21,30,1300.5,,
0.33705395,6-16-2017,13,0.28,10,30.46,19.94,50.76,8.68,29.03,29.82,0,,
0.429910115,12-18-2016,17,0.02,10,-14.42,-17.32,77.16,8.64,29.82,30.63,0,,
0.687486266,07-11-2016,11,0.67,10,29.28,23.87,69.67,13,29.22,30.01,3631.25,,
0.73830926,9-16-2017,15,0.44,10,30.93,15.92,39.48,3.12,29.26,30.05,3116,,
0.32519591,12-13-2016,15,0,10,-5.63,-12.96,21.18,14.68,8.53,30.19,52.73,,
0.399511788,11-30-2016,17,0.04,9.04,3.01,1.16,22.01,11.8,8.51,29.74,0,,
0.759032526,7-19-2016,11,0.44,10,29.23,23.3,68,6,29.41,30.24,2743.75,,
0.675275478,08-04-2017,7,0.9,10,14.63,11.52,80.04,13.08,29.18,29.97,637,,
0.019968612,9-13-2016,11,0,10,27.32,18.57,57.6,6.12,29.32,30.11,3858.5,,
0.998520601,6-16-2016,17,0.53,10,26.65,18.65,60.48,13.32,29.08,29.87,1885.25,,
0.224300924,7-22-2017,6,0.38,10,23.5,22.28,92.44,8.88,29.11,29.9,154.4,,
0.466864695,4-25-2017,15,0,10,26.41,10.65,35.24,20.12,28.79,29.57,3590.25,,
0.560278245,9-15-2016,10,0.6,10,24.71,18.97,68.44,6.04,29.41,30.21,1394.75,,
0.547097551,09-06-2016,14,0.55,10,32.38,24.07,59.08,11.72,29.29,30.08,2854,,
0.705515949,6-19-2017,11,0.54,10,25.92,14.18,47.76,16.68,29.13,29.92,1337,,
0.299187285,6-30-2016,15,0.03,10,25.19,15.9,21.14,9,8.52,29.96,2731.25,,
0.974801619,11-14-2016,14,0,10,17.24,8.32,52.45,14.48,29.11,29.9,1925,,
0.645074577,9-26-2017,6,0.14,10,18.65,17.51,88.68,1.16,29.2,29.99,11.45,,
0.783722042,11-22-2016,9,0,10,3.38,-0.86,75.76,13.36,29.51,30.31,3390.25,,
0.894822082,8-25-2016,6,0,10,20.25,20.41,97.96,4.68,29.26,30.05,21.07,,
0.557038777,8-18-2016,6,0.02,3.27,21.67,21.75,97.29,2.21,29.31,30.1,86.69,,
0.812773967,9-14-2017,13,0.43,10,25.25,16.66,59.76,1.92,29.12,29.91,3825,,
0.599097037,05-11-2017,14,1,10,16.43,12.82,75,9.72,29.15,29.94,0,,
0.05805505,06-08-2017,6,0,10,16.93,10.17,62.8,0.12,29.27,30.06,270.75,,
0.709677191,03-02-2016,10,0,10,-2.37,-9.08,56.84,5.88,29.42,30.22,4597.25,,
0.801688408,04-05-2016,12,0,10,7.09,-3.34,46.88,10.8,29.57,30.37,4707.25,,
0.626953191,04-12-2017,13,0,10,18.04,4.11,38.6,2.12,29.56,30.36,4635.25,,
0.0122185,7-21-2017,15,0.41,10,32.72,26.38,64.34,4.62,29.13,29.93,3384.25,,
0.957794734,02-12-2016,8,1,10,-5.22,-6.29,86.96,9.62,29.39,30.19,293,,
0.808125019,4-17-2017,6,0.82,10,11.33,8.69,78.53,2.2,29.38,30.17,17.92,,
0.232495854,6-29-2017,17,0,10,29.57,21.21,21.26,8.04,8.52,29.84,365.5,,
0.388821802,4-30-2017,13,1,9.08,18.91,18.55,95.35,17.73,28.95,29.73,1054.5,,
0.427248306,6-16-2017,7,0,10,23.89,17.87,65.16,0.96,29.09,29.88,0,,
0.566251498,02-10-2016,14,0,10,-6.82,-12.91,60.6,11.76,29.26,30.05,2479.75,,
0.857596733,2-13-2017,15,0,10,7.05,-2.73,49.13,9.08,29.41,30.21,1002.5,,
0.262029862,09-04-2016,8,0,10,21.29,16.75,74.8,7.08,29.41,30.21,1860.5,,
0.441830216,6-30-2017,15,0,10,27.74,21.1,21.42,7.92,8.52,29.81,653,,
0.533913638,3-29-2016,6,0,6.32,2.16,0.58,92.32,0.28,29.51,30.31,16.42,,
0.55463767,9-21-2016,6,0,9.92,17.43,16.98,92.88,0.2,29.37,30.17,23.08,,
0.168850849,9-20-2016,10,0.14,10,28.99,20.39,57.64,2.68,29.36,30.16,3631.75,,
0.882936852,11-08-2016,8,1,9.7,12.62,11.11,86.39,6.96,29.43,30.23,123.5,,
0.384035221,8-21-2017,7,0,8.88,23.9,23.58,94.96,0.36,29.31,30.1,435.25,,
0.105858614,08-08-2017,12,0,10,25.89,11.76,41.24,5.44,29.4,30.2,4643,,
0.951165708,10-21-2016,12,0.92,10,12.73,5.77,60.85,9.44,29.36,30.16,2109.75,,
0.244513593,12-12-2016,15,0.16,10,-1.9,-4.88,21.85,7.36,8.53,30.11,319,,
0.367115268,07-07-2017,6,0,9.92,24.12,22.17,83.8,7.68,29.14,29.93,109,,
0.562334869,4-18-2017,9,0,10,20.12,3.7,32.8,19.44,29.35,30.14,0,,
0.686447199,4-28-2016,10,0.98,7.23,17.08,14.34,86.43,3.88,29.04,29.84,1230,,
0.018923688,8-21-2017,13,0,10,27.48,21.22,65,7.6,29.27,30.06,601,,
0.603402108,03-08-2016,8,0,10,13.33,8.65,73.72,14.44,29.2,29.99,1613.75,,
0.985532556,10-18-2016,17,0.4,10,22.88,15.95,59.52,8.6,29.04,29.83,241.6,,
0.354645282,07-04-2017,7,0,10,25.43,21.31,75.8,0.12,29.28,30.07,354,,
0.940362323,04-08-2016,7,1,8.96,4.36,3.31,90.44,14.4,29.06,29.85,367.75,,
0.361821976,12-06-2016,10,1,2.38,2.06,1.17,95.47,8.34,28.99,29.78,1147.25,,
0.884599082,01-04-2017,9,0,10,-8.49,-12.24,70.84,16.24,29.34,30.14,2339.5,,
0.167359009,10-23-2016,13,0,9.04,23.89,11.31,43.6,18.4,29.15,29.94,4148.25,,
0.301316687,05-02-2016,9,1,9.96,9.53,7.67,86.96,8.68,29.24,30.03,660.5,,
0.659998385,9-29-2016,11,0.92,10,17.83,13.87,71.77,8.23,29.34,30.13,2336.5,,
0.084180635,7-25-2016,15,0.73,10,27.55,23.13,75,5.67,29.18,30,1311,,
0.795431517,7-28-2017,17,0.01,10,25.66,17.37,55.92,12.68,29.16,29.95,1926.25,,
0.974941665,7-13-2016,17,0.99,6.32,22.12,21.26,90.29,14.28,29.08,29.87,94.65,,
0.844113186,2-18-2016,12,0.14,7.04,5.9,1.61,74.2,23.96,29.5,30.3,3012.25,,
0.6383749,12-17-2016,11,1,3,-0.44,-0.74,94.44,7.8,28.9,29.69,266.25,,
0.41259799,06-04-2016,10,1,5.19,17.58,17.26,96.59,10.41,29.08,29.87,291.75,,
0.619117305,10-11-2016,10,0.14,10,21.92,10.55,46.56,11.08,29.41,30.21,2387.5,,
0.547732958,04-09-2016,10,0,10,1.11,-9.2,45.28,8.44,29.5,30.3,4595.25,,
0.066136643,1-30-2017,13,0.73,10,0.11,-5.49,64.84,13.68,29.12,29.91,3883.75,,
0.100152004,11-21-2016,16,0,10,3.59,-2.6,60.84,0.2,29.46,30.26,65.95,,
0.712162025,02-12-2017,8,0.14,5,3.63,2.25,88.88,13.56,29.3,30.09,987,,
0.406030849,2-22-2016,17,0,10,6.53,0.33,62.8,7,29.28,30.07,80.16,,
0.858908934,12-04-2016,15,1,1.47,0.55,0.83,99.01,4.66,29.08,29.88,6.42,,
0.841238272,3-30-2017,8,1,3.59,10.86,9.77,95.45,14.63,28.88,29.66,46.18,,
0.187247314,2-18-2017,17,0,10,16.05,6.66,49.6,11.84,28.98,29.77,54.6,,
0.677573943,4-26-2016,7,0.43,10,20.94,16.93,76,7,28.99,29.78,550.5,,
0.454923154,9-14-2016,17,0.14,10,24.35,18.06,66.12,6.64,29.38,30.18,1011.25,,
0.776615742,11-22-2016,16,0.83,10,6.7,0.12,61.44,9.08,29.39,30.19,14.58,,
0.175919906,09-05-2017,6,0,10,13.3,11.22,82.88,8.64,29.15,29.94,30.8,,
0.547397256,10-27-2017,12,0.66,10,6.67,-0.71,59.2,17.88,29.09,29.88,1814,,
0.483827711,2-20-2016,8,0,10,7.42,2.17,63.76,15.72,29.16,29.95,2252,,
0.157841949,9-26-2016,16,0,10,22.19,0.68,22.92,13.84,29.22,30.01,2424.75,,
0.854351228,5-27-2016,15,0.72,10,26.21,20.01,64.84,15.04,29.08,29.87,1540.75,,
0.277676347,2-19-2017,11,0.74,4.07,11.69,9.59,88.6,6.85,29.29,30.09,3741.25,,
0.447321365,3-21-2016,9,0,10,5.62,-2.1,56.48,9.04,29.43,30.23,3097.5,,
0.384164198,6-25-2017,6,0,10,15.49,10.42,70.2,5.32,29.36,30.16,78.8,,
0.295989219,06-05-2016,15,0.53,10,25.46,12.96,42.76,18,28.97,29.76,2830.25,,
0.785495419,03-06-2016,15,0,10,12.52,3.63,54.36,20.88,29.27,30.06,2020.5,,
0.176217188,6-18-2017,15,0.3,10,26.45,14.83,47.24,13.96,28.95,29.74,1003,,
0.319918747,08-08-2016,11,0.21,10,27.67,20.98,63.12,5.53,29.23,30.02,3697.75,,
0.151173999,11-24-2016,16,1,7.96,3.92,2.38,86.8,6.64,29.43,30.23,3.02,,
0.874472042,3-26-2017,12,1,10,15.03,11.18,74.43,15.77,29.07,29.86,838,,
0.15006786,2-28-2016,7,0,10,6.82,3.45,74.2,15.44,28.95,29.73,988,,
0.772670474,6-15-2016,16,0.39,10,32.14,22.82,55.45,10.72,28.96,29.76,3105.5,,
0.116004099,02-08-2016,9,1,9.96,-2.34,-4.65,79.04,18.16,28.92,29.71,341,,
0.433398218,10-10-2017,11,0.55,10,22.36,17.85,75.8,14.4,29.26,30.05,1882.75,,
0.211879073,12-17-2016,15,1,9.88,-3.47,-4.3,90.44,9.92,28.98,29.77,75.3,,
0.174054598,09-12-2016,6,0,10,12.68,12.52,93,0.12,29.36,30.16,28.38,,
0.669289092,10-28-2016,7,0,4.32,6.92,6.41,95.88,7,29.46,30.26,138.68,,
0.613047585,03-10-2016,11,0.04,8.08,9.64,7.52,22.29,11.4,8.53,30.09,983.75,,
0.516049882,07-10-2016,9,0,10,24.1,16.16,61.44,6.72,29.3,30.09,3171.25,,
0.389055492,3-23-2017,12,1,10,7.87,-2.81,47,14.36,29.48,30.28,1515.5,,
0.651739182,2-19-2016,13,0.49,10,17.31,8.18,53.4,24.72,28.95,29.74,3365,,
0.157898287,7-15-2016,7,0.14,10,22.53,19.21,79.2,7.56,29.22,30.01,951,,
0.720717235,7-25-2017,17,0.01,10,26.83,17.15,53.28,8.88,29.34,30.14,1911.25,,
0.495309082,3-15-2017,17,0,10,-1.58,-8.34,57.16,11.6,29.57,30.37,1554.25,,
0.017920642,01-01-2017,10,0,10,0.53,-2.59,79.8,7.4,29.36,30.16,3208.75,,
0.435932479,6-13-2017,9,0.29,10,30.26,23.12,62.76,6.72,29.22,30.01,2977.25,,
0.873150659,02-05-2016,17,0.97,10,-0.7,-4.07,75.56,4.74,29.58,30.39,10.74,,
0.151073987,2-13-2017,14,0,10,7.42,-3.23,46.28,8.96,29.43,30.23,2825.5,,
0.589639376,04-02-2016,13,0.16,10,7.77,-3.72,45.17,37.8,28.96,29.75,2768.25,,
0.673639015,6-27-2017,16,0,10,24.25,6.58,31.48,4.16,29.28,30.07,1070.25,,
0.397292373,05-01-2017,16,1,9.04,10.22,7.79,83.08,26.52,28.8,29.58,1349.25,,
0.910185787,12-30-2016,9,0,10,-1.21,-5.04,72.84,14.12,29.36,30.16,2222.5,,
0.039712001,10-11-2017,13,1,6.97,16.1,14.86,92.51,9.29,29.28,30.07,448.5,,
0.672072572,09-01-2016,8,0,10,20.22,14.98,70.68,11.4,29.35,30.15,1809.5,,
0.643293798,04-01-2017,9,0,10,8,3.67,72.8,11.12,29.43,30.23,3246,,
0.262409695,8-31-2016,6,0.12,8.74,21.58,20.82,91.96,3.57,29.26,30.05,29.69,,
0.516286289,5-17-2017,6,0.66,10,22.59,17.96,71.84,16.28,29.02,29.81,202.03,,
0.877921228,12-09-2016,10,0.21,9.92,-3.63,-8.14,22.96,8.69,9.35,30.57,1041.25,,
0.743803135,1-26-2017,6,1,5.44,0.14,-0.09,95.56,21.68,29.01,29.8,0,,
0.02815011,4-28-2016,7,0.94,1.22,13.86,12.31,99.35,5.92,28.99,29.79,567.5,,
0.238986144,5-23-2016,8,0,10,22.46,7.55,37.04,11.08,29.25,30.04,2180.75,,
0.157260636,8-21-2017,6,0,5.68,22.65,22.92,98.76,4.12,29.31,30.1,77.63,,
0.838172205,07-12-2016,10,0.72,10,25.75,4.57,26.08,8.22,29.1,29.89,3498.75,,
0.29166274,10-24-2017,10,1,9.08,7.75,4.91,81.97,21.23,28.94,29.73,1215.75,,
0.351501127,05-05-2017,11,0.42,10,14,6.92,60.8,23.6,28.99,29.78,4693.25,,
0.458684553,05-07-2017,12,0,10,15.21,3.22,45.04,8.92,29.25,30.04,4712,,
0.903695582,2-25-2016,9,1,6.16,1.07,-0.76,83.8,15.32,29.14,29.93,612,,
0.609659019,4-29-2017,12,1,7.85,11.73,10.71,94.47,19.92,29.21,30,865.75,,
0.068760665,11-27-2016,6,1,1.58,1.19,1.52,99.01,6.64,29.31,30.11,0.61,,
0.081320993,10-04-2016,7,0.15,10,16.91,14.4,83.04,6.72,29.28,30.07,386.15,,
0.249897624,12-02-2016,12,1,9.96,4.45,1.95,81.2,12.15,29.41,30.21,616.75,,
0.652323759,06-07-2017,17,0.42,10,24.67,6.21,28.72,14,29.25,30.04,1992.5,,
0.65014243,3-14-2016,17,1,10,13.5,11.93,87.77,8.81,28.95,29.74,114.73,,
0.873288624,6-21-2016,15,0,10,28.08,17.23,50.2,9.72,29.19,29.98,3827,,
0.878396747,3-24-2016,10,0.98,10,16.23,14.47,86,21.14,28.69,29.47,1433.25,,
0.673557979,4-29-2016,8,1,5.62,11.62,9.32,82.46,9.15,29.28,30.07,426,,
0.768387922,9-24-2017,15,0.16,10,32.63,15.37,33.08,3.88,29.21,30,2643.75,,
0.826282363,4-25-2017,6,0,10,13,9.88,82.12,7.04,28.94,29.73,151.28,,
0.839276236,7-27-2017,12,0.98,10,26.73,23.93,78.52,5.26,29.12,29.92,2173.75,,
0.223450125,09-03-2017,10,0,10,24.95,17.1,60.4,0.24,29.27,30.06,3742.75,,
0.552057789,8-19-2017,11,0.39,10,27.66,18.06,54.52,0.96,29.18,29.97,3778.25,,
0.125113323,4-30-2016,12,1,2.02,13.09,12.46,96.15,12.29,29.06,29.85,333.25,,
0.107880534,8-16-2017,16,0.64,9.96,27.19,24.36,79,11.28,29.11,29.9,698.25,,
0.950743487,08-04-2017,6,0.14,10,13.82,12,88.92,10.56,29.17,29.96,109.23,,
0.422989962,8-23-2017,15,0.62,10,24.73,10.26,38.76,9.84,29.25,30.04,3536,,
0.742972963,12-14-2016,11,0.92,10,-6.93,-12.9,56.44,11.96,29.43,30.23,172.5,,
0.995572643,2-19-2016,15,0,10,16.84,5.48,45.76,26.12,28.98,29.77,2113,,
0.578154913,1-31-2017,8,1,10,3.37,0.67,80.51,14.84,29,29.79,505,,
0.666613192,8-21-2016,15,0.63,10,23.55,15.26,57.92,10.04,29.22,30.01,3874,,
0.516937438,03-07-2017,8,0.73,10,8.77,5.45,74.96,19.68,29.14,29.93,982.5,,
0.79947222,7-28-2016,7,0.9,2.15,21.35,20.64,91.8,3.2,29.11,29.93,239.83,,
0.913764479,9-29-2016,16,0.18,10,20.8,13.59,21.02,9.6,8.53,30.11,1560.75,,
0.619585806,08-02-2016,16,0.19,10,27.68,22.2,72,7,29.23,30.05,1963.25,,
0.094382384,07-05-2017,8,0,9.84,24.79,21.43,83.8,6.4,29.32,30.12,400.5,,
0.052279781,10-24-2016,10,0,10,14.31,5.95,56.92,10.04,29.57,30.37,3695.25,,
0.906671242,10-23-2017,13,1,10,12.01,10.95,92.52,12.93,28.96,29.75,656.5,,
0.127817955,09-04-2017,12,0.28,10,31.07,20.99,53.32,20.48,29,29.79,4130.75,,
0.698182378,3-20-2017,15,1,10,18.83,11.1,63.09,7.68,29.12,29.91,1946.25,,
0.816978681,5-14-2016,14,1,10,10.4,2.22,57.44,19.84,29.28,30.07,2888.25,,
0.70508789,5-24-2016,8,0.14,10,24.18,11.59,41.36,9.04,29.24,30.03,2132,,
0.69096,7-21-2016,7,0.7,6.56,26.17,25.18,91,5.4,29.34,30.14,535.5,,
0.342783672,3-16-2017,12,0,10,4.76,-6.67,43.48,6.48,29.53,30.33,4717.25,,
0.138472015,01-08-2017,14,0,10,-8.69,-15.68,55.68,8.04,29.83,30.64,1737,,
0.611740316,3-26-2017,13,1,10,15.81,11.06,70.84,17.36,29.06,29.85,2367.75,,
0.342607751,6-22-2017,14,0.99,10,28.31,22.71,69.73,16.27,29.04,29.83,834.25,,
0.191961222,12-29-2016,14,0.97,10,4.1,-2.38,64.13,23.92,29.18,29.97,580.75,,
0.468916623,11-19-2016,7,1,10,1.95,-1.41,74.8,24.16,29.37,30.17,93,,
0.572146008,06-10-2016,11,0.42,10,32.06,19.98,47,10.92,29.24,30.03,4041.5,,
0.241253562,06-06-2016,14,0.28,10,29.69,6.32,22.6,21.12,28.9,29.69,4307.5,,
0.833496091,4-15-2017,15,0.53,10,26.76,12.3,39.44,23.24,29.17,29.96,2978.5,,
0.850226269,3-24-2017,7,0,10,13.29,9.91,76.92,15.56,29.24,30.03,292.75,,
0.145761216,5-27-2017,11,1,9.85,19.89,17.56,81.81,4.38,29.13,29.93,1822.75,,
0.166703422,4-22-2017,10,0,10,12.02,3.28,52.44,19.56,29.34,30.14,3085.25,,
0.827963725,6-25-2016,17,0.44,10,31.49,23.96,60.88,8,29.24,30.03,1819.25,,
0.699562125,02-04-2016,9,0.29,10,-4.75,-8.5,71.64,12.6,29.48,30.28,3386,,
0.301453753,7-27-2017,13,0.85,10,27.53,23.71,74.61,7.27,29.11,29.91,1836.5,,
0.087394353,08-05-2017,9,0,10,23.04,15.28,58.32,7.04,29.32,30.11,3066.75,,
0.164066659,10-27-2017,10,0.92,10,6.07,-0.7,62.72,17,29.11,29.9,2037.5,,
0.489132001,10-21-2016,10,0.83,10,10.74,5.95,71.35,9.42,29.39,30.19,2587,,
0.311741467,3-22-2016,15,0,10,19.61,4.3,35.4,23.4,28.9,29.68,3139.25,,
0.165667056,09-08-2017,11,0,10,24.56,9.36,36.64,5.96,29.42,30.22,4323.25,,
0.699909616,06-04-2016,15,0.82,10,21.95,19.23,84.82,6.52,28.99,29.78,1348.75,,
0.988958606,11-11-2016,6,0,10,5.39,4.58,79.88,9.08,29.35,30.15,40.76,,
0.705157773,6-14-2016,9,0,10,27.61,22.48,74.52,9.04,29.1,29.89,2893,,
0.530030319,10-18-2017,10,0,10,18.26,7.38,49.4,15.08,29.41,30.21,3725.75,,
0.879834981,03-05-2016,15,1,10,6.27,1.44,68.23,15.85,29.35,30.15,602.75,,
0.879699847,06-04-2017,15,0.38,10,31.44,17.29,41.68,9.6,29,29.79,2968.5,,
0.841610093,2-17-2017,14,0,10,20.54,4.48,33.92,19.04,28.92,29.7,3520.5,,
0.91777535,7-17-2016,12,0,10,23.99,21.37,85.6,7.48,29.29,30.08,1503.25,,
0.10069196,9-25-2016,16,0.62,10,27.25,21.08,68.24,6.08,29.16,29.95,1238.25,,
0.3903611,9-30-2017,15,0,10,21.86,3.46,20.11,7.36,8.54,30.31,3338.5,,
0.676132163,8-20-2016,11,0.62,10,26.13,22.34,77.96,15.28,28.9,29.68,1934.75,,
0.68428301,5-14-2017,13,0,10,28.6,10.07,29.96,18.28,29.12,29.91,4690.75,,
0.945885181,2-20-2017,14,0,10,21.52,11.94,53.48,18.92,29.22,30.01,2550,,
0.051516722,02-12-2017,15,0,10,8.63,-3.63,41.2,24.16,29.42,30.22,2513,,
0.692870273,3-14-2017,11,1,5.34,-3.32,-7.39,70.85,4.3,29.49,30.29,337.5,,
0.402382827,6-22-2016,12,0.02,10,23.78,20.71,86.24,14.08,29.14,29.93,1848.75,,
0.37350973,05-09-2017,17,0,10,22.13,16.81,77.72,9.84,29.06,29.86,1720.75,,
0.851477959,6-26-2016,8,0.14,10,26.76,23.32,83.8,5.4,29.27,30.06,1046,,
0.764605552,07-06-2016,10,0,10,22.57,21.31,89.88,14,29.06,29.85,1303.5,,
0.309720674,1-13-2017,10,0,10,-3.06,-6.57,74.76,10.76,29.92,30.73,1588.25,,
0.726953402,9-23-2017,14,0.4,10,33.45,18.79,41.64,5.68,29.25,30.04,3738,,
0.508487768,3-19-2016,12,0.55,10,7.9,-2.58,44.08,5.68,29.34,30.13,2477.25,,
0.858428698,4-16-2017,7,0.32,10,15.78,15.41,94.04,9.52,29.19,29.98,66.23,,
0.837303459,4-27-2016,14,0.93,3.74,15.25,13.1,88.11,15.63,28.97,29.76,1072.5,,
0.748826931,06-07-2016,10,0.64,10,20.94,8.28,44.32,15.76,29.09,29.88,3840.25,,
0.240930915,08-05-2016,15,1,10,26.65,23.92,80.15,7.38,29.12,29.91,823.75,,
0.21934729,03-09-2016,17,1,8.04,16.54,15.32,89,6.96,29.16,29.96,28.58,,
0.290635749,6-30-2016,6,0.01,10,17.09,13.19,75.32,2.16,29.28,30.07,305.25,,
0.771384208,11-16-2016,7,0.56,1.92,2.04,2.72,98.28,0.2,29.15,29.94,586.75,,
0.49723558,03-12-2017,6,0,10,-6.39,-11.14,65.84,0.24,29.64,30.44,0.01,,
0.788615811,9-21-2017,12,0.44,10,33.11,22.66,52.68,7.96,29.24,30.03,3617,,
0.820559768,9-14-2017,17,0,10,25.15,17.17,58.4,5.36,29.13,29.92,1181.25,,
0.760293191,09-05-2017,13,0.42,10,21.73,8.76,42.56,20.44,29.15,29.94,4570.75,,
0.170570272,4-21-2016,11,0.75,9.92,18.79,14.83,74.19,5.69,29.07,29.86,3680.75,,
0.664878299,7-23-2017,10,0.64,10,28.54,24.25,74.76,12.6,29.06,29.85,2059.25,,
0.659071408,9-20-2017,17,0,10,31.1,21.09,53.85,6.48,29.11,29.9,922,,
0.52098069,9-23-2017,16,0.01,10,32.44,18.91,44.36,7.08,29.24,30.03,2102.25,,
0.611812404,9-18-2017,15,0.55,10,29.13,19.85,58.68,6,29.18,29.97,1942,,
0.287056862,6-16-2016,10,0.42,10,26.77,19.22,62.56,13.36,29.06,29.85,3931,,
0.940742933,4-15-2016,13,0,10,23.79,5.06,28.44,9.08,29.36,30.16,4079.5,,
0.273148598,06-10-2016,12,0.39,10,32.21,19.76,46.34,8,29.22,30.01,4240,,
0.177739874,11-29-2016,17,0,10,11.36,9.39,22.29,12.4,8.51,29.57,0,,
0.544913838,7-23-2016,9,0.19,10,28.21,24.4,80,6,29.2,30.02,2820.5,,
0.241969488,2-25-2016,12,0.85,10,2,-1.45,74.04,17.46,29.22,30.01,2579.5,,
0.026415084,10-23-2017,8,1,7.92,12.49,11.98,95.76,14.4,29.01,29.8,112.08,,
0.042575303,08-02-2017,7,0,6.2,20.46,20.33,93.2,0.2,29.27,30.06,801,,
0.535417989,5-17-2017,15,0.01,5.8,27.53,14.46,42.88,29.08,28.91,29.69,1688.25,,
0.417721297,1-19-2017,8,0.27,2.06,2.59,2.35,96.97,7.46,29.2,29.99,344.25,,
0.923721451,11-08-2016,15,0.31,7.08,14.29,13.35,90,7.42,29.36,30.16,467.5,,
0.533266101,07-01-2016,11,0.43,10,23.53,15.52,60.08,9.36,29.29,30.08,4161.75,,
0.371552444,5-21-2017,17,0.84,10,14.82,9.8,69.8,18.72,29.25,30.04,1017.75,,
0.247849424,7-21-2017,12,0.01,10,31.82,25.54,68.56,4.92,29.2,29.99,4135.25,,
0.59084413,8-27-2016,9,0.74,10,26.05,23.74,86.92,6.32,29.3,30.09,1838,,
0.659420175,02-05-2017,16,0,10,6.4,-2.17,43.05,6.76,22.36,30.07,533.18,,
0.974310517,1-29-2017,15,1,10,-1.56,-5.78,70.92,17.04,29.07,29.86,263.5,,
0.407892223,06-03-2016,14,0,10,27.13,10.2,32.89,0.99,29.26,30.05,2245.25,,
0.968912337,02-06-2016,15,0,10,7.66,0.49,60.8,10.32,29.39,30.19,1842.5,,
0.5521405,09-07-2017,8,0,10,15.49,9.98,67.64,9.6,29.31,30.11,1971.75,,
0.817070157,06-06-2016,13,0.15,10,29.51,6.42,22.72,26.64,28.92,29.7,4390.25,,
0.671287528,07-09-2017,8,0.01,10,24.75,16.12,57.92,2.16,29.31,30.1,2209.75,,
0.989907535,4-21-2017,8,0.69,10,10.24,4.76,67.85,9.19,29.3,30.09,1479.5,,
0.665130206,08-08-2017,13,0,10,26.31,12.81,41.88,5.76,29.39,30.19,4601.75,,
0.031326925,9-25-2017,8,0,10,25.11,17.28,64.8,2.8,29.26,30.05,1528.5,,
0.703670071,2-16-2016,17,1,6.48,1.33,-1,83.68,0.2,29.09,29.88,27.43,,
0.172704557,3-13-2017,13,1,5.9,-0.76,-1.94,88.58,9.93,29.3,30.1,70.88,,
0.289993427,8-21-2017,12,0,10,26.38,20.96,66.53,5.48,29.29,30.08,2550,,
0.343609662,9-27-2016,9,0,10,19.6,6.69,41.32,10.56,29.14,29.93,3159.75,,
0.169226908,2-15-2017,12,0,10,4.15,-6.81,45.24,18.56,29.14,29.93,4622.5,,
0.661809515,5-29-2016,16,0.28,10,28.44,13.77,39.52,13.12,29.24,30.03,2395,,
0.087240985,03-01-2016,6,0.71,10,4.4,2.12,83.44,9.48,28.93,29.72,11.68,,
0.729082336,7-14-2017,11,0.29,10,25.84,18.18,61.56,13.24,29.34,30.13,4275.25,,
0.487616097,12-28-2016,13,0.01,10,6.18,1.04,66.72,16.2,29.1,29.89,1439.5,,
0.640667295,8-13-2017,17,0.01,10,24.47,14.73,51.04,4.68,29.2,29.99,1284,,
0.511005902,1-29-2017,16,1,9.88,-1.4,-6.48,66.56,13.04,29.09,29.88,69.93,,
0.145282901,10-14-2017,16,0.64,10,28.1,19.46,59.96,13.8,29.1,29.89,777.5,,
0.347376917,5-16-2017,14,0,10,29.58,14.34,37.16,22.56,29.03,29.82,4252,,
0.458854392,3-27-2017,16,1,9.96,14.69,12.06,79.16,11.32,29.04,29.83,635,,
0.39846617,1-30-2017,9,0,10,-5.71,-6.86,80.8,3,29.26,30.05,510.75,,
0.899938823,3-22-2016,7,0,10,6.93,0.98,63.32,15.4,29.09,29.88,383.68,,
0.052045775,4-22-2016,12,0.81,8.08,17.09,11.35,76.29,14.04,29.23,30.02,2634,,
0.586292164,2-14-2017,6,0,10,0.69,-0.6,86.04,8.76,29.14,29.93,6.28,,
0.642167894,7-23-2017,8,0.82,9.92,26.32,25.21,89.08,10.2,29.04,29.83,443.25,,
0.01165774,11-08-2016,9,1,6.84,12.91,12.14,92.72,7.36,29.43,30.23,200.75,,
0.545951495,7-18-2016,10,0.75,8.2,22.89,23.23,94.77,5.62,29.38,30.19,33.42,,
0.057772406,1-26-2017,15,1,9.08,0.39,-1.41,84.28,15.38,29.16,29.95,186.98,,
0.947144566,5-18-2016,8,0.14,10,12.91,5.38,59.76,7.32,29.44,30.24,2332,,
0.163844866,04-03-2017,9,1,10,14.12,11.02,80.35,9.92,28.77,29.55,397.5,,
0.137084851,12-01-2016,11,1,10,3.85,0.28,77.68,17.36,29.15,29.94,858,,
0.864228364,06-03-2017,6,0.62,10,20.7,15.52,73.12,1.16,29.28,30.07,230.25,,
0.894658697,7-14-2017,17,0.42,10,24.91,16.92,60.48,9.92,29.33,30.12,2043.75,,
0.817682364,09-09-2016,12,0.91,10,23.97,21.52,84.62,7.61,29.15,29.95,1431,,
0.711079536,8-26-2017,16,0,10,24.54,14.01,48.96,4.4,29.39,30.19,2226.25,,
0.894609936,6-17-2017,12,0.39,10,28.14,20.32,59.52,11.76,28.92,29.7,1263,,
0.232932829,01-10-2017,15,0.99,10,12.4,10.71,86.08,32.6,28.68,29.46,213.75,,
0.638660811,2-17-2017,9,0,10,11.26,2.68,54.88,13.72,28.97,29.76,3391.75,,
0.923051019,08-10-2017,8,0,10,23.32,17.15,67.08,4.76,29.32,30.12,1907.75,,
0.775948556,10-10-2016,15,0,10,24.55,7.07,31.2,3.16,29.45,30.25,2949.5,,
0.893213645,4-22-2016,6,0.25,9.47,11.74,11.05,88.38,4,29.11,29.91,109.7,,
0.265891569,10-16-2017,6,0,10,4.51,3.93,95.72,4.04,29.54,30.34,0.17,,
0.243264112,02-08-2016,15,1,1.94,-5.22,-6.93,83.61,15.71,28.98,29.77,414,,
0.952152449,09-04-2017,15,0.96,10,30.35,21,56.08,12.2,28.97,29.76,1850,,
0.832816827,04-01-2017,14,0,10,13.46,4.04,51.56,4.8,29.4,30.2,4597.5,,
0.747380999,02-10-2016,13,0.29,10,-7.33,-13.09,61.24,11.76,29.26,30.05,2443,,
0.513020035,04-07-2017,10,0,10,8.78,-0.44,20.9,15.4,8.53,30.14,4578.25,,
0.009935816,06-12-2016,7,0,10,25.56,17.21,63.16,8.04,29.29,30.08,1027.75,,
0.89693665,4-15-2017,7,0,10,19.57,15.66,74.04,11.6,29.29,30.08,560,,
0.348937883,05-05-2017,15,0.28,10,16.63,4.54,43.52,18.6,28.98,29.77,4289.75,,
0.980512691,10-03-2017,13,1,9.73,22.38,19.53,82.69,14.23,29.52,30.32,742.25,,
0.123166107,5-27-2016,17,0.78,7.96,22.23,19.99,81.3,14,29.08,29.87,576.2,,
0.35258077,5-22-2016,11,0,10,26.73,5.15,23.36,10,29.28,30.07,4324.75,,
0.147800793,05-09-2016,10,1,7.04,16.12,13.85,90,9.57,29.14,29.93,1134.25,,
0.571529324,08-09-2017,13,0.03,10,26.56,11.82,38.56,5.76,29.38,30.18,4042,,
0.18040295,09-02-2017,6,0,10,8.75,7.42,81.2,7.36,29.27,30.06,44.48,,
0.340639363,07-03-2017,16,0.02,10,31.03,18.42,44.92,5.44,29.22,30.01,958.5,,
0.538302069,5-16-2016,14,0.9,10,16.89,5.07,42.48,13.88,29.36,30.16,2290.5,,
0.811843998,11-28-2016,9,1,3.69,7.29,6.94,95.62,17.81,28.81,29.59,111.4,,
0.823939701,4-24-2017,8,0,10,17.55,1.64,33.44,9.84,29.2,29.99,2345.25,,
0.047205753,1-31-2017,15,0,10,5.64,1,73.56,12.48,29.11,29.9,640.75,,
0.011519823,8-17-2016,7,1,0.58,21.91,22.17,98.7,5.04,29.36,30.16,251.5,,
0.189733605,11-18-2016,15,1,5.7,15.2,14.37,88.62,22.26,29.02,29.82,39.88,,
0.702164969,02-11-2017,10,0,10,11.94,8.27,81.92,6.44,29.12,29.91,3243,,
0.587686588,08-12-2017,17,0.14,10,23.84,13.75,51.08,8.32,29.26,30.05,1772.25,,
0.569942184,9-20-2017,14,0.29,10,33.61,20.77,46.64,9.48,29.12,29.91,3569.75,,
0.128994231,12-29-2016,6,0,10,0.3,-1.82,84.49,14.56,29.12,29.91,0,,
0.791887149,2-23-2017,8,0.43,4.3,9.09,9.55,99.11,0.31,28.96,29.76,2030.25,,
0.573686557,01-09-2017,10,0,10,-2.83,-7.24,70.08,13.28,29.52,30.32,1581.75,,
0.873402109,10-09-2017,6,0.17,8.44,13.95,13.57,95.9,1.06,29.09,29.88,0,,
0.563008067,08-07-2017,6,1,10,18.54,17.88,90,4.16,29.22,30.01,57.53,,
0.470776189,8-29-2016,14,0.17,10,30.83,23.36,61.16,2.8,29.38,30.18,3914.75,,
0.827435268,8-19-2016,13,0.73,9.71,27.17,23.24,74.11,6.78,29.15,29.94,3632,,
0.920357772,04-09-2017,14,0,10,24.35,13.29,47.32,31.92,28.96,29.75,3656.5,,
0.524169111,2-14-2017,17,0,10,7.41,1.77,64.24,10.36,29.01,29.8,28.65,,
0.004549705,2-18-2016,16,0.29,9.96,6.57,1.73,68.96,21.68,29.32,30.11,294.5,,
0.689567236,11-28-2016,12,1,3.94,9.28,9.14,97,21.76,28.7,29.48,171.25,,
0.490907043,7-22-2017,17,0.91,10,30.05,25.54,74.88,6.04,29.02,29.81,1569.75,,
0.269697056,8-31-2016,12,0.64,10,27.69,22.4,71.88,6.92,29.24,30.03,2446,,
0.977372654,09-09-2016,7,1,1.69,20.64,21.12,98.07,4.46,29.19,29.99,156.73,,
0.823448114,3-16-2016,12,0.28,9.04,15.41,0.19,35.64,28.16,29.03,29.82,4340,,
0.796514493,07-12-2016,17,0,10,27.73,22.43,71.45,7.11,29.11,29.9,1429.75,,
0.508324083,03-11-2017,16,0.03,10,0.62,-18.78,21.68,6.76,29.63,30.43,878.25,,
0.837690071,1-21-2017,12,0,10,15.86,11.28,71.6,15.56,28.74,29.52,4024.75,,
0.395257915,7-30-2016,10,1,10,22.75,20,81.5,9.5,29.18,30,1988.5,,
0.263546176,10-07-2017,11,0.52,10,28.24,17.64,53.44,26.6,28.87,29.66,3654.25,,
0.764776938,8-25-2016,17,0,10,28.13,23.63,75.2,4.6,29.24,30.03,1470.75,,
0.581079464,8-21-2016,8,0.14,10,19.22,16.55,84.12,9.36,29.16,29.95,1959.25,,
0.34216401,06-07-2017,6,0,10,16.09,10.49,67.32,13.88,29.29,30.08,247,,
0.98473221,8-31-2017,11,0.64,10,23.97,18.64,69.84,8.12,29.32,30.11,3435.75,,
0.680684185,02-07-2017,14,1,4.59,11.81,10.85,92.9,22.85,28.67,29.45,339.5,,
0.116968824,9-16-2016,9,0,10,24.67,20.52,73.44,9.36,29.26,30.05,1135.5,,
0.519308276,06-12-2017,14,0.42,10,33.61,19.13,40.8,12.08,29.17,29.96,4031,,
0.973549807,10-26-2017,16,0,10,17.32,7.3,52.36,15.28,28.86,29.64,1163.25,,
0.14511644,04-06-2016,6,0.92,10,9.54,1.93,57.6,12.2,28.96,29.75,9.95,,
0.990454615,12-10-2016,16,0.04,3.92,-2.46,-5.38,21.42,8.4,8.54,30.42,4.02,,
0.155828915,10-26-2016,7,0.16,10,9.35,7.31,86,11.24,29.39,30.19,41.12,,
0.670144418,7-20-2017,9,0.59,6.32,25.48,23.81,93.88,3.12,29.3,30.1,240,,
0.639922698,04-03-2016,15,0,10,19.09,4.83,38.28,32.56,28.98,29.77,4034.5,,
0.948627396,03-09-2016,14,1,9.89,18.59,14.28,75.32,12.18,29.13,29.92,844.5,,
0.599859048,04-11-2016,12,0.04,10,8.92,2.24,62.48,18.12,29.19,29.98,1099.25,,
0.327608845,03-07-2017,6,0.96,10,10.99,10.73,93.27,17.63,29.03,29.82,49.74,,
0.888257049,8-31-2017,9,0.29,10,21.54,18.54,81.12,13.48,29.34,30.13,1823.75,,
0.601371,08-06-2017,12,1,8.4,20.77,18.24,91.37,6.04,29.26,30.05,1133,,
0.11782717,07-06-2017,11,0.44,10,29.65,20.95,56.44,7.36,29.22,30.01,1170.25,,
0.227191029,5-19-2017,8,0.82,6.51,11.15,9.7,95.67,17.11,29.19,29.98,42.59,,
0.401911914,7-23-2017,13,0.01,10,30.95,20.89,51.96,12.72,29.04,29.83,4585.5,,
0.821520154,6-23-2016,17,0.01,10,28.16,20.44,60.44,11.4,29.1,29.89,1653.75,,
0.298391552,11-18-2016,13,1,10,19.98,15.78,73.12,16.08,29.02,29.81,139.18,,
0.749749287,1-14-2017,12,1,3.65,-0.34,-0.7,95.19,4.03,29.64,30.44,546.5,,
0.354886996,09-09-2016,8,1,2.56,21.22,21.81,98.85,5.19,29.19,29.98,371.5,,
0.072952233,05-06-2016,17,0.28,10,25.39,7.28,28.96,13.08,29.07,29.86,1567,,
0.847243947,3-23-2017,7,0.98,10,0.56,-3.9,71.48,10.8,29.59,30.39,227.6,,
0.330896731,07-10-2016,11,0,10,25.98,17.08,56,5.64,29.29,30.08,4383.5,,
0.158251703,2-28-2016,15,0.56,10,17.2,8.43,53.44,23.92,28.76,29.54,201.73,,
0.785936179,10-20-2017,17,0,10,20.94,8.9,46.12,7.76,29.31,30.1,252.3,,
0.510632156,05-12-2016,12,0.99,9.88,18.65,16.52,84.96,14.4,29.2,29.99,903.75,,
0.12376596,4-13-2017,15,0.75,10,25.97,13.54,44.36,6.44,29.36,30.15,2201.5,,
0.75043903,06-02-2017,11,0,10,27.71,4.42,21.72,3.2,29.31,30.1,4542,,
0.864478696,03-07-2016,12,1,10,12.12,9.67,83,13.76,29.14,29.93,605,,
0.728832837,02-05-2016,8,0.92,9.73,-2.74,-4.65,84.08,10,29.57,30.37,652.25,,
0.260277883,12-11-2016,6,0.04,10,-0.21,-4.15,21.54,10.16,8.53,30.06,0,,
0.035752973,1-20-2017,13,1,7.11,9.45,9.32,95.04,7.96,28.84,29.63,334.25,,
0.877228025,5-30-2016,17,0.34,10,28.34,14.67,23.21,10.8,11.03,29.97,484.75,,
0.05490713,10-13-2017,17,0,10,22.5,14.91,62.88,7.08,29.29,30.08,458.25,,
0.576761159,8-17-2016,8,1,2.55,22.37,22.58,98.29,2.32,29.36,30.15,625,,
0.13506302,02-02-2016,9,1,6.35,3.34,1.65,86.89,18.3,29.01,29.81,172.5,,
0.647113606,9-21-2017,17,0,10,31.55,21.99,55.32,2.84,29.2,29.99,597,,
0.917271631,3-16-2016,9,0,10,12.39,5.5,64.68,27.16,28.98,29.77,2990,,
0.400239907,10-28-2016,11,0.14,10,15.82,11.28,74.16,15,29.4,30.19,2654.25,,
0.264484288,6-30-2017,10,0.75,7.05,23.65,21.59,84.51,9.19,29.07,29.86,803.75,,
0.625022232,1-13-2017,16,0.01,10,-1.1,-4.05,78.92,14.76,29.82,30.63,105.15,,
0.973404239,05-12-2016,11,1,7.04,18.86,17.16,86.77,11.69,29.18,29.98,696.75,,
0.752394726,10-04-2017,11,1,8.85,22.98,21.18,86.39,14.08,29.52,30.32,605.5,,
0.809254994,5-24-2016,6,0,10,16.71,9.97,63.08,6,29.24,30.03,257.5,,
0.191548928,4-25-2016,16,0.44,10,27.08,13.73,42.56,16.92,28.92,29.7,2190.75,,
0.413375961,6-15-2017,15,0,10,30.99,17.67,41.8,6.32,29.07,29.86,0,,
0.168671414,4-24-2017,16,0,10,24.76,-2.47,15.24,13.4,28.99,29.78,2985.75,,
0.493880473,10-08-2016,7,0,10,8.39,4.1,67.8,3.72,29.51,30.31,391.65,,
0.315635968,08-07-2016,17,0,10,24.79,15.6,54,10,29.18,30,1234,,
0.000896464,06-09-2017,11,0.63,10,28.61,11.75,34.08,15.2,29.09,29.88,4269.75,,
0.597435894,10-27-2017,17,1,10,5.28,-1.6,61,11.8,29.14,29.93,104.43,,
0.869533934,1-22-2017,12,0.96,3.04,8.29,7.55,94.53,10.36,28.77,29.55,3636.5,,
0.421743596,01-01-2017,14,0,10,5.24,-4.41,47.24,7.72,29.29,30.08,1642,,
0.469225292,3-13-2016,7,1,1.29,12.21,11.78,97.44,10.2,28.99,29.78,18.03,,
0.719222764,11-06-2016,14,0,10,19.12,7.08,43.48,7.76,29.52,30.32,2481.5,,
0.938929185,12-19-2016,12,0,10,-9.88,-14.08,66.36,7.08,29.89,30.7,3504,,
0.647225864,04-06-2016,13,1,4.09,9.7,9.39,96,9.1,28.8,29.58,302,,
0.807136489,07-11-2017,8,0.98,9.54,26.44,23.76,80.28,10.78,29.11,29.9,1877.25,,
0.021696702,03-12-2017,13,0,10,2.07,-13.98,28.6,3.52,29.59,30.39,4478.25,,
0.465268319,2-16-2017,7,0.88,10,-3.74,-4.33,88.52,1.8,29.18,29.97,335.5,,
0.182336254,03-05-2017,11,0.91,10,16.32,1.11,33.44,21.12,29.4,30.2,2831,,
0.967432938,12-07-2016,8,0.04,10,-1.47,-4.7,21.97,7.96,8.53,30.14,374.25,,
0.083148797,8-15-2017,6,0.08,3.33,19.03,19.66,97.21,0.1,29.12,29.91,104.09,,
0.043815889,2-18-2017,14,0,10,19.57,5.74,41.12,11.4,28.95,29.74,2882,,
0.534550666,12-11-2016,16,0.04,2.37,1.66,1.59,22.65,7.48,8.52,29.83,0.3,,
0.71416557,9-14-2017,14,0.02,10,26.18,16.66,54.64,3.32,29.11,29.9,4167.25,,
0.067031139,9-21-2016,7,0,10,19.79,17.95,85.72,1.2,29.39,30.18,570.5,,
0.371822194,02-12-2017,10,0.01,10,8.8,5.24,77.6,17.16,29.32,30.11,4237,,
0.845502013,9-26-2016,9,0,10,18.08,9.82,57.83,11,29.31,30.1,1354,,
0.61644507,4-22-2016,17,0.33,9.85,14.68,10.13,71.74,11,29.27,30.07,1746.75,,
0.479588943,09-04-2016,13,0,10,26.94,15.41,50.36,6.92,29.36,30.16,4135.25,,
0.104075903,4-26-2017,8,0,10,23.24,14.4,56.2,21.64,28.67,29.45,2022.5,,
0.26350249,2-29-2016,14,0,10,14.13,1.84,42.96,16.52,29.15,29.94,3779.25,,
0.476653389,7-26-2016,7,1,10,23.95,17.8,69,6,29.25,30.07,347.75,,
0.581022445,11-13-2016,12,0,10,12.23,1.03,44.88,10.44,29.39,30.19,4131.25,,
0.594911628,07-11-2016,16,0.05,10,26.59,4.32,24.32,11,29.16,29.95,2620,,
0.359564164,4-13-2016,6,0,10,2.05,-0.1,82.28,5.72,29.53,30.33,83.83,,
0.480095575,06-10-2017,8,0,10,25.39,14.3,49.24,14.64,29.17,29.96,2284,,
0.834955217,9-20-2016,15,0.01,10,31.51,19.28,46.04,2.12,29.31,30.1,2903.5,,
0.432747417,5-25-2017,7,1,7.88,13.19,12.48,92.88,15.84,28.83,29.61,415,,
0.471744349,5-16-2017,6,0,10,20.8,16.29,71.96,13.76,29.11,29.9,240.6,,
0.214944663,11-08-2016,13,1,5.95,13.77,13.56,95.37,8.85,29.38,30.17,365.25,,
0.060350144,11-15-2016,8,0,5.41,6.01,5.77,94.04,8.96,29.15,29.95,1862.75,,
0.342682109,10-21-2017,6,0,10,11.98,9.72,87.16,5.76,29.31,30.11,0,,
0.571209681,10-15-2016,13,0.89,9.08,22.63,17.59,74.81,15.65,29.23,30.02,1382.25,,
0.042927041,07-08-2017,17,0,10,26.44,13.89,44.32,6.72,29.23,30.02,2222.75,,
0.820140541,06-02-2016,9,0,10,25.19,11.54,41.12,6.76,29.29,30.08,2444,,
0.196839724,09-03-2016,15,0.55,10,25.53,14.54,48.16,8,29.34,30.14,3137.5,,
0.623968323,04-01-2016,7,1,9.04,6.82,5.3,89,0.96,28.92,29.71,121.28,,
0.836455461,09-05-2016,11,0.11,10,30.2,23.02,63.69,9.21,29.34,30.14,3699.5,,
0.453677982,6-15-2016,10,0.63,10,29.52,25.46,77.88,13.04,29.02,29.81,3206.5,,
0.212866658,11-14-2016,12,0,10,16.06,7.14,54.48,12.6,29.14,29.93,3814,,
0.834166752,4-22-2017,7,0,10,7.94,3.19,72.8,17.64,29.33,30.13,872,,
0.239365937,05-05-2016,14,0.53,10,18.67,6.45,42.64,10.32,29.18,29.97,2561,,
0.044251118,09-12-2017,17,0.14,10,23.33,12.04,47.16,9.4,29.02,29.81,555,,
0.766298515,9-23-2016,7,0,8.84,20.72,19.32,87,0.96,29.3,30.09,509.5,,
0.833113223,06-11-2017,8,0,10,27.02,16.76,52.84,17.16,29.23,30.02,2263,,
0.979261569,11-19-2016,10,1,10,2.26,-1.41,75.43,24.31,29.44,30.24,1333,,
0.952559091,05-04-2017,11,1,9.92,8.56,7.62,93.62,22.46,29.03,29.82,1051.75,,
0.469088904,4-24-2016,15,0.43,10,25.04,10.4,36.6,15.36,29.09,29.88,2964.5,,
0.335845063,9-21-2017,14,0.03,10,33.07,21.71,49.44,7.28,29.21,30,2780.25,,
0.964017176,3-15-2016,12,0.63,10,20.61,14.54,69.52,19.44,28.86,29.64,3766,,
0.965627091,04-02-2017,12,0.28,10,15.1,6.52,55.36,15.08,29.28,30.07,4118.75,,
0.667848082,11-12-2016,9,0,10,5.53,1.11,71.4,5.08,29.69,30.49,3437.25,,
0.266388801,7-25-2017,6,0,10,18.21,16.34,87.12,6.08,29.39,30.18,163.35,,
0.667649571,12-06-2016,15,0.04,7,3.33,2.32,22.41,14.8,8.52,29.87,173.55,,
0.315670017,9-23-2016,13,0.01,10,31.46,18.24,44.2,4.36,29.25,30.04,4054,,
0.558762372,1-29-2017,8,1,9.33,-2.32,-5.64,75.59,9.45,29.05,29.84,149.8,,
0.281760462,2-23-2016,15,0,10,8.85,-0.32,51.84,13.36,29.17,29.96,1012.25,,
0.473799514,05-06-2017,8,0.74,10,11.28,8.54,82.58,10.54,29,29.79,1400,,
0.131494089,10-17-2016,13,0,10,29.28,19.13,52.28,21.2,28.87,29.65,4095.75,,
0.683364424,9-30-2016,11,1,10,17.97,16.2,85.62,14.58,29.28,30.07,1384.25,,
0.88632653,10-09-2017,8,1,0.09,17.67,17.52,98.78,1.11,29.13,29.92,456.75,,
0.10225624,7-30-2017,6,0,10,17.25,16.06,83.88,5.72,29.39,30.19,138.4,,
0.706289679,9-26-2017,11,0.17,10,31.4,17.47,43.92,9.56,29.2,29.99,3618.5,,
0.694496666,06-07-2017,15,0,10,25.49,6.2,28.04,15.88,29.25,30.04,4030.25,,
0.79288299,7-26-2016,13,0,10,26.93,20.6,67,8,29.23,30.05,2446.25,,
0.598829882,6-14-2016,14,0.96,7.84,25.83,22.44,86.2,9.27,29.04,29.84,1552.75,,
0.600319821,01-09-2017,7,0,10,-6.68,-8.87,76.56,10.88,29.53,30.33,82.74,,
0.981679377,01-08-2017,17,0,10,-8.73,-13.59,66.8,9.04,29.79,30.59,0,,
0.992387547,05-05-2016,17,0.29,10,18.42,5.84,42.2,10.76,29.17,29.96,720.25,,
0.033744443,4-15-2017,13,0.63,10,26.95,12.58,39.48,22.56,29.21,30,4571.25,,
0.29877048,4-30-2016,14,1,7.16,14.17,13.29,96.16,9.6,29.02,29.81,189.25,,
0.344070131,7-23-2016,6,0,6,23.62,22.2,90,0,29.21,30.03,160.18,,
0.683627351,04-07-2016,9,0.98,10,4.69,0.97,76.49,20.33,28.92,29.71,936,,
0.450407245,3-24-2017,10,0,10,22.63,13.42,56.6,18,29.24,30.03,3871.5,,
0.752416774,04-08-2017,7,0,10,7.06,1.96,73.44,7.12,29.3,30.09,754.25,,
0.81343684,6-28-2016,13,0.74,10,24.65,15.56,56.72,9.08,29.34,30.14,2769.75,,
0.111377282,6-25-2016,7,0,10,24.3,21.18,82.72,5.76,29.32,30.12,1028.25,,
0.511469614,03-07-2016,8,0.92,10,9.06,6.54,82.64,11.56,29.18,29.97,166.5,,
0.204897452,10-15-2016,9,1,6.32,17.45,16.46,91.92,11.52,29.3,30.09,401.5,,
0.39458918,2-20-2016,9,0,10,11.4,3.17,55.16,13.04,29.17,29.96,3437.5,,
0.507863481,4-29-2016,9,1,4.27,11.82,9.05,84.51,7.65,29.29,30.08,847.75,,
0.991830431,03-04-2016,17,0,10,3.64,-1.65,67.04,6.28,29.34,30.13,115.86,,
0.759783698,08-02-2016,6,0,8,20.83,19.4,87,3,29.26,30.08,293.25,,
0.007157625,08-11-2017,16,0.15,10,26.05,17.87,60.36,11.52,29.2,29.99,2743.25,,
0.268578687,10-31-2016,10,0.03,10,13.62,10,77.66,9.81,29.33,30.13,2739,,
0.746273313,5-31-2017,8,0,10,21.21,7.99,42.48,13.72,29.26,30.05,2395,,
0.749599599,03-03-2017,16,0,10,2.82,-8.58,43.04,4.16,29.76,30.56,1343.5,,
0.454251268,6-18-2017,17,0,10,25.62,14.72,48.2,11.4,28.97,29.76,686.25,,
0.095338497,7-24-2017,10,1,10,23.54,19.29,76.16,8.54,29.22,30.01,2534.25,,
0.31933975,1-30-2017,12,0.54,10,-0.95,-5.14,70.16,11.12,29.19,29.98,2564,,
0.908210817,06-06-2017,17,0,10,24.45,6.42,30.64,18.6,29.19,29.99,2008.5,,
0.718649859,10-07-2016,15,0,10,17.4,9.22,56.64,14,29.36,30.15,2814.5,,
0.599693419,08-09-2016,15,0.44,10,29.2,20.6,57,5,29.19,30.01,3137,,
0.819813546,10-28-2017,8,0.91,10,3.53,1.35,86.62,12.88,29.15,29.94,405,,
0.053204317,4-28-2017,8,0.99,10,11.11,9.16,86.32,9.36,29.15,29.94,488,,
0.559780437,09-03-2017,8,0,10,20.91,17.53,80.16,5.24,29.26,30.05,1802,,
0.915708944,7-30-2017,8,0,10,22.1,17.32,72.92,3.76,29.41,30.21,2107.75,,
0.498624339,02-02-2017,12,0,10,-2.77,-11.57,49.88,11.32,29.61,30.41,4500.5,,
0.456568327,8-31-2017,7,0,9.96,18.46,17.92,94.16,8.36,29.34,30.13,392.25,,
0.244723724,6-30-2016,8,0,10,22.46,14.78,60.12,7.36,29.27,30.06,2239,,
0.294279891,4-24-2016,17,0,10,23.78,10.82,41.16,14.04,29.07,29.86,1274.5,,
0.249365093,6-30-2016,9,0.28,10,23.85,14.9,57.84,7.44,29.27,30.06,2333.25,,
0.930299673,3-26-2017,11,1,10,15.44,11.65,73.53,17.18,29.07,29.86,2399,,
0.456901068,4-25-2017,17,0,10,25.04,10.42,37.64,21.08,28.76,29.54,1406.75,,
0.992864147,04-05-2017,6,1,5.64,7.24,7.14,95.72,15.12,29.01,29.8,2.8,,
0.483295291,3-18-2016,7,0,10,3.15,-1.83,67.68,8.24,29.29,30.08,281.13,,
0.472788251,10-26-2017,12,0,10,16.82,7.11,52.74,15.11,28.98,29.77,4276.75,,
0.463092221,6-20-2016,17,0.87,10,31.52,21.92,54.83,12.59,29.24,30.03,1365.75,,
0.767906624,8-27-2017,14,0,10,27.11,15.2,47.52,6.64,29.27,30.06,4087.25,,
0.430370455,03-02-2017,17,0.99,10,1.9,-3.66,63.6,12.2,29.54,30.34,56.99,,
0.934299014,6-17-2016,8,0,10,22.93,16.1,63.52,10.76,29.24,30.03,2206.25,,
0.133405454,08-08-2017,16,0.38,10,25.94,13.47,44.2,6.04,29.36,30.16,2467,,
0.05636817,11-24-2016,12,1,7,4.31,2.6,85.72,7.76,29.41,30.21,286.5,,
0.504654963,9-29-2017,14,0,10,24.98,4,26.48,11.92,29.38,30.17,4035.25,,
0.864626291,06-06-2016,12,0.14,10,29.04,6.42,23,21.44,28.92,29.71,4593.25,,
0.718361882,10-05-2016,15,0.44,10,27.46,15.93,46.24,10.76,29.19,29.98,2240.75,,
0.169173597,10-16-2016,9,1,8.1,18.23,17.99,94.12,10.03,29.19,29.98,59.9,,
0.475385233,3-29-2017,12,0.73,10,13.85,3.66,47.8,18,29.32,30.11,3076,,
0.308437366,11-20-2016,14,0,10,2.23,-5.14,56.8,8.4,29.51,30.31,2024.25,,
0.90785464,8-19-2016,6,0.64,2.52,22.06,21.9,97.58,7.68,29.16,29.96,35.98,,
0.626369535,07-07-2016,10,0.54,10,24.21,22.53,87.67,7.18,29.12,29.91,2071,,
0.585780695,8-30-2017,10,0.28,10,23.81,17.19,66.08,5.96,29.31,30.1,3901.5,,
0.454926301,3-15-2016,9,0.15,10,14.8,12.85,87.96,17.68,28.93,29.72,2228.25,,
0.86378792,05-02-2017,6,0.01,10,7.44,4.36,80,14.16,28.96,29.75,162.18,,
0.631391398,7-17-2017,6,0,10,18.64,16.79,87.72,7.76,29.24,30.03,205.33,,
0.867691872,8-22-2017,10,0.65,10,23.77,20.69,80.84,9.69,29.16,29.95,1898.75,,
0.020325951,10-26-2016,8,0.83,10,10.17,7.47,80.96,13.04,29.38,30.18,395.25,,
0.377491001,02-05-2017,12,0,10,6.65,-2.13,52.36,11.96,29.25,30.04,4436.75,,
0.280475784,8-15-2016,13,1,2.77,23.43,22.85,97.75,8.71,29.19,29.98,295,,
0.244330849,8-19-2016,14,0.67,9.92,27.53,22.81,71.34,6.19,29.15,29.94,2653.25,,
0.953857702,5-26-2016,8,0.98,8.21,18.11,17.91,94.14,9.14,29.19,29.98,30.17,,
0.018562755,7-18-2017,10,0,10,27.1,18.12,54.8,1.92,29.31,30.11,3939.5,,
0.420081133,11-14-2016,17,0.55,10,12.48,7.95,67.64,5.76,29.12,29.91,0,,
0.290790553,07-04-2017,8,0,10,27.3,21.5,69.08,0.24,29.28,30.07,725,,
0.527234376,10-12-2017,17,0.99,10,16.7,14.28,86.53,3.48,29.32,30.11,275.25,,
0.14632241,11-26-2016,11,0.46,7.07,7.39,5.1,82.45,8.85,29.56,30.36,2127.25,,
0.220800568,2-20-2017,15,0,10,21.54,11.38,51.44,19.68,29.21,30,1792.5,,
0.75103679,12-17-2016,7,1,2.6,-0.23,-0.33,97.93,0.4,28.85,29.64,12.06,,
0.733044363,2-15-2017,6,0,10,-2.75,-4.4,81.64,6.72,29.09,29.88,11.79,,
0.212272379,02-01-2016,11,0.42,10,4.5,1.05,75.88,0,29.27,30.06,3562,,
0.279571455,10-16-2017,8,0,10,10.3,6.3,77,7.96,29.57,30.37,1572.25,,
0.79938074,06-09-2016,13,0.43,10,27.92,13.69,39.72,13.64,29.21,30,3227.25,,
0.656409227,03-02-2016,11,0,10,-1.06,-8.98,51.72,6.08,29.4,30.2,4713.75,,
0.133286417,03-02-2017,14,1,10,3.39,-4.69,55.17,17.48,29.51,30.31,1674.25,,
0.370991154,04-02-2016,14,0.73,10,6.75,-4.95,44.36,35.08,29,29.79,4458.25,,
0.2897001,02-03-2016,17,1,10,-0.54,-2.36,84.2,19.72,29.17,29.96,0.74,,
0.974120606,09-12-2016,10,0,10,24.41,13.91,52.08,8.4,29.35,30.15,3820,,
0.745768537,7-30-2017,9,0,10,24.49,16.41,59.44,4.4,29.41,30.21,3158.25,,
0.720589109,2-16-2017,17,0,10,9.12,-0.12,53.56,11.4,28.97,29.76,18.12,,
0.406753864,05-01-2016,6,1,1.07,11.46,11.46,99.85,8.19,29.11,29.9,128.18,,
0.708567046,3-21-2016,7,0,10,0.5,-1.92,80.08,7.92,29.41,30.21,421.95,,
0.379748394,08-11-2016,10,0.44,10,30.2,25.62,73.8,8.68,29.23,30.02,3097.25,,
0.696432942,1-15-2017,9,1,4.96,-0.69,-2.2,87.44,4.44,29.62,30.42,602.5,,
0.934003217,05-02-2016,15,1,10,13.59,9.23,71.36,7.64,29.2,29.99,634.5,,
0.978433127,10-01-2017,12,0,10,22.13,4.77,32.52,10.2,29.37,30.17,4291,,
0.303255672,8-29-2017,6,0.01,8.92,15.39,16,94.6,4.6,29.25,30.04,72.2,,
0.175557342,09-06-2017,7,0.14,10,11.89,9.75,83.12,7.6,29.22,30.01,520.5,,
0.112304032,4-13-2017,8,0.99,10,16.17,8,59.44,12.52,29.46,30.26,196.75,,
0.465134265,9-13-2017,17,1,10,20.02,17.4,85.43,2.23,28.97,29.76,194.75,,
0.486174087,2-26-2017,11,0,10,6.46,-8.82,32.28,21.16,29.3,30.09,3694.25,,
0.928639259,05-12-2016,8,0.99,7.93,18.93,17.92,90.67,13.26,29.18,29.97,768.25,,
0.064293207,7-24-2016,15,0,10,30.41,26.1,77,9,29.11,29.93,2881.75,,
0.77138857,09-11-2017,13,0,10,22.92,9.98,43.44,10.92,29.38,30.18,4041.75,,
0.312929131,04-12-2017,8,0,10,11.37,5.26,64.6,2.16,29.59,30.39,2053.25,,
0.904119484,10-13-2016,15,0,10,15.15,2.79,42.16,2.12,29.47,30.27,3237,,
0.682309834,6-19-2016,12,0.44,10,30.45,20.96,52.33,8,29.42,30.22,4326.25,,
0.597533911,9-19-2017,14,0.28,10,26.44,19.71,66.08,0.12,29.13,29.92,4044.25,,
0.802696858,07-08-2016,16,0,10,26.42,12.89,39.72,12.72,29.09,29.88,2969,,
0.505405413,10-15-2017,14,1,10,13.36,6.91,64,16.64,29.35,30.14,1508,,
0.718405993,3-27-2016,7,0,10,7.49,3.7,74.2,3,29.2,29.99,416.75,,
0.875703046,11-29-2016,16,0.14,10,12.09,9.84,21.97,12.52,8.51,29.55,36.65,,
0.414134658,5-30-2016,12,0.41,10,26.36,3.28,21.02,0.66,29.23,30.02,3826.75,,
0.193042147,05-07-2016,6,0.52,10,18.15,11.21,60.08,16.32,28.98,29.77,134.58,,
0.794760608,02-03-2016,6,0.16,10,2.47,0.22,79.12,15.36,28.83,29.61,0.68,,
0.97151818,8-31-2017,8,0,9.04,19.94,18.38,86.88,10.68,29.33,30.12,1090.5,,
0.519368266,3-23-2016,11,0.38,10,19.57,10.86,54.44,16.68,29,29.79,4429.25,,
0.291653002,04-09-2016,12,0,10,2.71,-9.08,40.68,6.68,29.46,30.26,4719.75,,
0.667413331,3-28-2016,6,1,10,4.81,3.3,89,13,29.23,30.05,5.83,,
0.972260034,09-12-2016,9,0,10,22.57,15.16,62.8,8.04,29.36,30.16,3024.5,,
0.155845845,04-02-2017,10,0,10,11.43,6.22,69.32,11.72,29.36,30.15,1820,,
0.608527113,10-15-2017,7,1,6.54,14.67,13.82,95.35,21.08,29.14,29.94,13.32,,
0.118293002,10-16-2016,10,1,9.92,18.47,17.92,90.12,8.84,29.19,29.98,230.33,,
0.106208538,05-09-2016,13,0.99,9.04,20.07,16.59,87.64,14.24,29.1,29.89,2376.75,,
0.700813064,05-10-2016,17,0.52,10,21.36,17.01,74,3.47,29.1,29.89,996.75,,
0.87038576,12-18-2016,10,0,10,-13.97,-16.48,79.72,13.68,29.69,30.49,2525.25,,
0.041697641,3-18-2016,16,0.84,10,9.69,-3.39,37.68,9.28,29.28,30.07,1018.25,,
0.123698644,08-07-2017,16,0.01,10,23.96,14.76,52.32,8.32,29.27,30.06,2361.5,,
0.125791956,8-22-2016,7,0,10,17.42,15.58,83.28,0,29.4,30.2,711,,
0.010540074,3-27-2016,9,0,10,15.98,7.92,58.48,7.4,29.17,29.96,2882.5,,
0.007385725,4-15-2016,14,0,10,24.1,5.66,30.12,7.96,29.35,30.15,4361.75,,
0.104384245,06-09-2016,11,0.74,10,24.73,13.07,44.96,7.12,29.27,30.06,2433.75,,
0.529494308,10-16-2017,12,0,10,17.12,4.29,43.08,7.64,29.53,30.33,4485.75,,
0.295590278,3-31-2017,15,0.04,9.04,6.1,4.6,22.41,13.16,8.52,29.91,709.75,,
0.757633371,10-20-2017,13,0,10,25.84,10.7,38.72,12.04,29.34,30.13,3736,,
0.555747469,7-19-2016,8,0.91,7.83,24.5,23.71,93.89,2.96,29.45,30.26,1338,,
0.449210734,9-16-2016,17,0,10,24.01,21.52,83.72,5.68,29.15,29.94,618.75,,
0.434765491,6-14-2016,17,0.29,10,26.35,23.16,79.96,12.36,29.02,29.81,1887.75,,
0.123508925,1-17-2017,13,1,9.18,5.32,4.73,92.96,15.24,29.14,29.94,234.75,,
0.36001177,4-20-2017,11,0.43,10,26.1,16.29,53.72,16.4,29.1,29.89,0,,
0.896090428,3-13-2017,11,1,8.77,-1.11,-2.3,86,10.27,29.31,30.11,71.78,,
0.143525261,06-09-2016,9,0.8,10,25.29,12.09,43.68,9.6,29.27,30.06,3066,,
0.850591509,2-15-2016,8,1,2.83,-3.33,-3.72,95.7,7.11,29.14,29.93,395.75,,
0.063636004,5-18-2016,11,0.43,10,17.68,8.34,51.36,6.96,29.42,30.22,4074,,
0.623825551,2-16-2016,9,0.35,7.11,-2.87,-4.5,86.63,5.22,29.03,29.82,3130.5,,
0.632438687,06-07-2017,11,0.14,10,23.78,6.24,30.88,18.84,29.29,30.08,4713.25,,
0.850444501,3-24-2017,17,0.73,10,21.94,13.77,56.52,18.08,29.19,29.98,721.5,,
0.608934134,2-15-2016,15,1,2.96,-0.89,-0.91,95.56,6.15,29.06,29.86,537,,
0.195540787,4-23-2016,12,0.51,10,17.27,8.56,53.52,6.04,29.36,30.15,2879.25,,
0.633895884,05-08-2017,11,0.92,10,13.09,2.02,44.04,8.2,29.32,30.12,2667.5,,
0.026639492,04-06-2016,10,1,7.2,8.9,7.21,87.92,11.8,28.85,29.64,199.7,,
0.938802351,06-03-2017,14,0.29,10,31.7,12.08,28.64,4.44,29.19,29.98,3891.25,,
0.306223832,06-11-2016,15,0.44,10,32.84,17.89,37.94,13.94,29.2,30,2991.75,,
0.116857127,1-23-2017,6,0.98,5.69,3.47,3.06,93.62,13.88,28.91,29.7,0,,
0.719943009,06-03-2016,11,0,10,26.07,11.3,38.32,1.2,29.29,30.08,3461.25,,
0.128696112,3-23-2017,14,1,10,9.2,-2.31,43.36,14.76,29.4,30.2,1653.5,,
0.055209125,11-25-2016,14,1,8.08,5.1,2.42,81.32,12.36,29.53,30.33,394.5,,
0.66430992,10-01-2017,8,0,10,13.61,7.09,63.88,9.64,29.47,30.27,1114.25,,
0.093480159,3-19-2016,11,0.5,10,7.89,-0.94,52.64,6.8,29.34,30.13,2946,,
0.856626966,04-08-2017,9,0,10,13.08,3.62,51.56,17,29.28,30.07,3523.5,,
0.401234309,4-30-2017,17,0.1,10,19.45,18.87,27.51,15.44,10,29.64,301.5,,
0.889211055,9-29-2016,7,0.99,10,15.29,13.92,89.58,10.6,29.3,30.1,135.5,,
0.671512983,12-11-2016,14,0.11,2.87,1.3,0.98,27.62,12.25,10.02,29.83,70.05,,
0.742294797,06-12-2017,16,0.01,10,33.51,19.06,40.44,14.32,29.14,29.93,2919.75,,
0.844786935,6-13-2016,16,0.36,10,29.07,10.97,32.31,3.12,19.01,29.9,2717.5,,
0.379922782,12-08-2016,16,0.04,10,-5.62,-9.24,21.58,16.2,8.54,30.43,10.63,,
0.675522138,09-08-2016,10,0.93,7.56,24.3,23.81,96.17,4.44,29.15,29.95,611.75,,
0.181354895,6-28-2017,15,0.14,10,28.32,17.26,50.8,18.8,29.13,29.92,993.75,,
0.088743864,3-16-2016,11,0.43,10,14.8,2.54,42.92,25.64,29.02,29.81,4652.75,,
0.348328672,5-14-2017,9,0,10,25.42,12.92,44.28,16.04,29.17,29.96,3483,,
0.945722875,9-22-2017,11,0.42,10,32.41,20.51,49.68,5,29.29,30.08,4003.25,,
0.583772812,5-21-2016,6,0.74,10,12.89,7.63,66.44,7,29.3,30.09,115,,
0.53858884,9-17-2016,7,1,4.58,20.75,20.62,96.85,2.34,29.17,29.96,61.28,,
0.799033267,07-05-2016,6,1,4.32,21.86,21.53,94.44,0.12,29.15,29.94,187.45,,
0.536937568,9-21-2016,17,0.32,7.36,27.16,19.85,63.24,7.88,29.32,30.11,840.75,,
0.165481889,8-16-2016,11,1,9.96,25.58,22.95,82.76,2.88,29.31,30.1,2385.25,,
0.018386792,07-09-2016,6,0,10,19.33,17.38,85.08,7.36,29.21,30,200,,
0.283006955,12-13-2016,17,0,10,-8.48,-14.91,21.46,10.96,8.53,30.23,0,,
0.840238684,4-27-2017,12,1,8.15,9.1,7.09,85.66,14.27,28.92,29.71,1137.5,,
0.123539814,01-07-2017,11,0.14,10,-9.82,-14.23,66.88,10.64,29.75,30.55,1340.5,,
0.160860676,12-19-2016,8,0,10,-16.76,-18.94,78.04,5.56,29.95,30.76,673.75,,
0.867037225,04-02-2016,9,0.73,10,6.62,-0.01,62.76,29.96,28.87,29.66,2086.25,,
0.698197005,6-22-2017,15,1,10,27.96,22.72,71.16,15.72,29.02,29.81,575.75,,
0.731083881,10-25-2016,15,0.99,10,14.82,4.09,48.64,7.64,29.52,30.32,961.5,,
0.625726532,10-04-2016,16,0.53,10,25.37,14.02,46.16,12.88,29.17,29.96,2092.75,,
0.316347683,8-25-2016,14,0.99,10,28.41,23.18,73.28,5.4,29.27,30.06,3069,,
0.070599815,6-18-2016,11,0.42,10,28.81,13.79,31.28,8.44,22.45,30.21,4227,,
0.419061601,5-16-2016,11,0.14,10,17.82,3.67,37.32,12.4,29.39,30.19,3500.75,,
0.556882254,6-30-2017,11,0.72,10,25.38,22.52,89.58,6.82,29.06,29.85,139.68,,
0.328178214,2-27-2016,17,0,10,9.99,3.16,58.92,12.8,29.14,29.93,110.94,,
0.451280624,9-22-2017,13,0.44,10,33.55,19.92,44.04,5.32,29.26,30.05,3179.25,,
0.74064047,9-25-2016,13,0.52,10,29.45,18.94,45.58,10.08,29.2,29.99,3178.25,,
0.984042556,3-19-2017,12,0,10,10.26,0.84,52.48,6.48,29.53,30.33,4715.25,,
0.960205734,4-23-2017,17,0,10,21.3,-3.32,18.08,10.16,29.22,30.01,1786,,
0.058938251,12-15-2016,8,0,10,-14.12,-19.28,61.8,13.96,29.67,30.47,1002.25,,
0.404727113,05-08-2017,16,0,10,18.91,7.9,49,8.76,29.22,30.01,2982.5,,
0.7463438,8-17-2016,17,0.42,10,26.81,24.15,81.24,6.68,29.28,30.07,1298,,
0.11011027,5-17-2016,8,1,10,12.32,8.75,76.48,9.36,29.41,30.21,713.75,,
0.845831486,01-04-2017,15,0.64,10,-6.13,-11.14,64.88,16.04,29.31,30.1,550.75,,
0.613961205,07-03-2016,17,1,10,18.86,18.25,95.56,10.6,29.16,29.95,316.5,,
0.77502301,08-03-2017,9,0.28,10,27.22,21.55,68.56,7.68,29.22,30.01,2798.5,,
0.558689259,7-23-2016,13,0.19,10,30.36,24.4,70,7,29.19,30.01,3710.75,,
0.866083427,4-14-2017,8,0.14,9.96,17.34,11.89,71.28,8.08,29.4,30.2,1340.75,,
0.370575001,11-22-2016,6,0,10,0.15,-1.07,86.16,5.48,29.49,30.3,1.32,,
0.075069718,8-18-2016,8,0,9.96,25.79,23.92,85.2,6.68,29.3,30.09,1769.25,,
0.211681577,2-21-2017,14,0.92,10,16.59,13.49,76.92,0,29.13,29.92,868.25,,
0.725143622,09-01-2016,12,0.63,10,24.45,13.12,47.04,12.56,29.35,30.14,4211.5,,
0.034342232,07-05-2016,10,0.99,10,26.42,21.77,74.92,4.73,29.16,29.96,2245,,
0.525333946,5-31-2016,12,0.42,10,26.47,11.52,34.33,10.16,29.17,29.96,2560.75,,
0.685895924,3-30-2016,12,0.96,9.62,13.53,8.9,77.58,10.34,29.04,29.84,628.25,,
0.54493671,10-16-2016,15,1,10,22.48,19.57,79.2,7.36,29.11,29.9,815.25,,
0.728231484,7-23-2016,8,0,10,27.45,23.3,74,0,29.22,30.04,1838.5,,
0.581427612,09-10-2017,16,0,10,22.88,9.44,41.44,10.84,29.52,30.32,2596.25,,
0.699595868,11-05-2016,12,0,10,16.59,8.59,56.4,5.76,29.57,30.37,3607,,
0.81437833,4-19-2016,9,0,10,22.11,9.22,42.48,6.72,29.39,30.19,1241.25,,
0.887840264,04-05-2016,10,0,10,4.42,-3.94,54.2,10.76,29.64,30.44,4491.5,,
0.502197248,5-20-2017,12,0.43,10,22.02,18.91,84.32,19.2,29.12,29.91,3913,,
0.84755603,06-11-2017,11,0,10,30.43,16.91,41.88,15.72,29.22,30.01,4508.75,,
0.91194545,9-20-2016,16,0,10,30.44,19.3,46.6,3.72,29.31,30.1,2007.75,,
0.519304906,03-09-2017,8,0,10,5.92,-2.67,56.12,12.72,29.34,30.13,2650.5,,
0.936515293,11-11-2016,7,0,10,6.88,4.55,79.76,9.72,29.38,30.18,515,,
0.480622824,07-04-2016,11,1,9.64,21.98,20.09,84.54,2.04,29.09,29.89,1243.25,,
0.385974977,4-17-2016,15,0,10,27.01,2.03,18.96,8.12,29.5,30.3,3952.75,,
0.258055054,10-22-2016,11,0,10,13.83,2.97,46.68,7.72,29.34,30.13,4162.75,,
0.83739474,05-05-2016,16,0.3,10,19.15,5.61,40,11.96,29.17,29.96,1544.75,,
0.726173905,6-26-2016,7,0.42,10,24.89,22.85,86.8,5.44,29.27,30.06,608.5,,
0.776674874,11-06-2016,10,0,10,15.21,8.86,65.64,3.8,29.6,30.4,3888,,
0.790396518,08-08-2017,6,0,10,14.52,11.39,72.59,6.36,29.39,30.19,112.68,,
0.687846593,2-28-2016,11,0,10,16.79,8.64,57.28,22.47,28.85,29.63,4410,,
0.773276962,8-26-2017,13,0.14,6.48,25.78,12.77,43.92,4.44,29.42,30.22,4258,,
0.67348444,01-10-2017,14,1,8.08,11.54,10.24,89.84,30.28,28.64,29.42,256,,
0.686983096,2-25-2017,12,0.99,10,-0.42,-5.81,65.53,22.08,29.16,29.95,3520.25,,
0.192266052,07-11-2017,15,0.53,10,27.68,24.51,81.48,13.04,29.16,29.95,2683,,
0.323838356,8-25-2017,11,0,9.04,22.14,11.32,49.2,5.68,29.45,30.25,3666,,
0.426786527,4-20-2016,13,0.91,10,19.29,10.88,53.16,12.96,29.22,30.01,1758.5,,
0.83675211,9-16-2017,11,0.31,10,29.24,19.02,53.12,7.4,29.32,30.11,2485.5,,
0.781698946,5-30-2016,6,0,10,19.3,16.34,83.12,0,29.27,30.06,258.75,,
0.361298493,03-08-2016,9,0,10,16.16,10.79,70.84,18.8,29.18,29.97,3244.25,,
0.43209309,02-12-2017,16,0,10,7.41,-3.79,44.45,25.04,29.45,30.25,764.25,,
0.327038406,4-23-2016,15,0,10,19.53,7.49,44.04,5.36,29.29,30.08,4007.75,,
0.964751306,1-26-2017,13,1,10,0.33,-1.96,81.47,17.61,29.13,29.92,299.75,,
0.723948517,09-07-2016,8,0,10,27.25,24.39,82.44,8.2,29.3,30.09,1620.5,,
0.639200153,6-17-2017,17,0.64,10,29.71,20.84,56.2,11.72,28.89,29.67,449.5,,
0.50024256,6-20-2016,8,0,10,28.32,22.79,69.76,15.64,29.36,30.16,2050,,
0.055374641,08-01-2016,11,0.67,10,27.01,22.09,74.33,0.77,29.3,30.09,4244.5,,
0.163889775,11-11-2016,12,0.3,10,13.53,5.26,57.24,18.88,29.46,30.26,1850.5,,
0.348761184,12-19-2016,17,0,10,-9.66,-12.2,73.84,6.16,29.81,30.62,0,,
0.550481746,10-26-2016,9,0.71,10,11.36,7.54,78.08,15.68,29.35,30.15,607,,
0.45083082,7-25-2016,7,0,10,23.12,21.1,90,0,29.18,30,586,,
0.92242752,3-22-2016,13,0,10,18.8,4.54,37.08,24.88,28.94,29.73,4664.75,,
0.779526184,2-17-2016,16,1,9.82,0.94,-2.56,77.4,6.25,29.49,30.29,226,,
0.732156883,09-03-2017,12,0.42,10,26.88,15.17,47.92,4.68,29.26,30.05,4136.75,,
0.156146383,04-08-2016,15,0.92,10,6.38,-0.4,64.45,19.56,29.09,29.88,1341.5,,
0.738315241,9-21-2016,12,0,10,30.8,15.74,38.56,3.88,29.36,30.16,4353.75,,
0.420659258,12-30-2016,13,0.99,10,1.95,-3.87,64.04,11.28,29.3,30.09,1408.5,,
0.744626605,7-27-2016,10,0,10,27.37,21.1,69,7,29.22,30.04,3605,,
0.022411468,04-07-2017,8,0,10,5.75,-1.1,61.08,14.88,29.33,30.12,2214.25,,
0.535800276,9-14-2016,14,0.63,10,26.43,19.41,66.08,9.72,29.37,30.17,3632.25,,
0.247723103,7-29-2017,7,0,10,17.42,12.14,70.68,10.64,29.3,30.1,922.75,,
0.732830094,6-21-2017,12,0.28,10,28.65,18.84,55,4.72,29.17,29.96,1320.75,,
0.61095487,7-14-2017,9,0.28,10,24.77,19.82,72,11.96,29.31,30.11,3287.25,,
0.19271263,8-16-2017,8,0,9.96,26.08,23.22,81.48,5.64,29.21,30,1171,,
0.270505907,7-16-2016,9,0,10,22.12,15.29,62.8,6.68,29.36,30.16,3159.75,,
0.460977074,04-12-2016,15,0,10,11.03,-3.68,34.36,6.72,29.52,30.32,4172.25,,
0.023905365,05-01-2016,9,1,2.8,13.17,12.52,96,7.6,29.16,29.95,1004.75,,
0.017301813,3-26-2017,17,1,10,13.24,10.79,84.17,14.36,29.1,29.89,225,,
0.932931981,03-03-2016,13,1,1.6,3.07,1.32,97.28,7.08,29.18,29.97,390.25,,
0.041396808,4-24-2017,15,0,10,25.19,-2.75,14.88,12.16,29,29.79,4018,,
0.818479852,02-09-2016,11,1,1.85,-7.41,-9.72,81.51,21.46,29.08,29.87,977.5,,
0.49740586,3-24-2017,13,0.14,10,24.82,13.95,49.28,23.72,29.19,29.98,4409.25,,
0.493963902,11-24-2016,15,1,5.16,3.97,2.54,88.72,6.48,29.42,30.22,53.75,,
0.210415553,6-19-2016,8,0,10,26.56,19.16,60.96,5.16,29.46,30.26,2052.25,,
0.322050186,4-24-2017,11,0,10,22.4,-1.28,19.36,9.6,29.14,29.93,4667.5,,
0.677979183,06-08-2016,16,0,10,25.01,6.34,29.32,4.92,29.2,29.99,2881.75,,
0.308954641,07-06-2016,16,0.03,10,27.33,23.64,75.84,6.72,29.08,29.87,1736.75,,
0.960559118,6-30-2016,12,0.39,10,24.87,15.55,55.28,8.72,29.22,30.01,2840.75,,
0.137276466,9-17-2016,8,0.99,9.67,21.56,20.71,92,2.44,29.18,29.97,399.5,,
0.629998588,10-12-2017,9,1,2.4,14.99,14.93,99.04,1.92,29.38,30.18,430,,
0.45808606,03-06-2017,14,1,7.96,14.53,13.64,91.8,23.88,29.08,29.87,244.75,,
0.724372211,06-01-2017,13,0,10,26.7,4.27,22.2,5.68,29.28,30.07,4671.75,,
0.200518667,6-13-2016,10,0,10,27.93,12.95,37,5.22,29.23,30.02,3639.25,,
0.228064744,6-27-2017,10,0,10,21.28,8.48,42.68,1.92,29.36,30.16,1424.25,,
0.007773277,2-25-2016,14,1,10,2.1,-2.21,70,14.24,29.25,30.04,1247.25,,
0.770970053,10-27-2016,6,1,10,8.96,7.6,88.89,8.42,29.36,30.16,0,,
0.36614822,10-09-2016,12,0,10,23.51,6.69,32,7.16,29.51,30.31,4435,,
0.472114785,05-05-2016,12,0.02,10,17.2,7.71,51.68,16.28,29.18,29.97,2991,,
0.49510429,7-15-2016,12,0.28,10,26.24,19.67,65.52,13.48,29.24,30.03,4620.5,,
0.811284634,09-03-2017,7,0,10,17.55,15.52,83.88,4.68,29.25,30.04,704,,
0.226067853,12-14-2016,15,0.15,10,-3.61,-10,56.28,18.32,29.38,30.18,85.13,,
0.546443269,05-08-2017,15,0,10,18.31,7.62,49.64,9.36,29.22,30.01,3883,,
0.429728517,07-01-2017,15,0.43,10,28.33,15.06,42.68,13.56,29.19,29.98,1188.75,,
0.295338747,7-30-2016,16,0,10,25.82,19.4,65,9,29.13,29.95,2094.5,,
0.460554843,11-23-2016,7,1,3.05,4.85,4.66,96.9,15.2,29.22,30.01,11.17,,
0.907176797,6-25-2016,12,0,10,31.27,22.74,56.45,7.11,29.28,30.07,4339.75,,
0.497225617,09-09-2017,12,0,10,24.62,14.39,54.92,12.12,29.55,30.35,4647,,
0.064209498,12-18-2016,16,0,10,-13.37,-16.81,74.56,8.68,29.8,30.6,39.43,,
0.675702786,11-25-2016,10,0.92,9.92,4.57,1.38,76.84,2.24,29.55,30.35,1002,,
0.963485068,03-05-2016,6,1,2.54,2.06,1.78,93.85,8.42,29.26,30.05,16.92,,
0.217136242,07-02-2016,9,0,10,17.36,12.58,73.08,7.36,29.36,30.16,1416.5,,
0.354801611,12-03-2016,6,1,10,1.07,-1.6,80.2,9.4,29.56,30.36,0.29,,
0.046771078,6-22-2016,16,0.14,10,28.8,24.48,76.08,10,29.08,29.87,2768,,
0.119615076,02-04-2016,8,0.3,10,-5.49,-8.8,74.57,11.88,29.46,30.26,1750.25,,
0.87132814,03-05-2017,16,1,10,14.47,7.83,60.48,21.76,29.33,30.12,123.93,,
0.718939778,5-20-2017,10,0.74,10,16.38,15.54,95.26,19.11,29.13,29.92,1191,,
0.006837448,5-18-2016,14,0.91,10,19.44,6.39,41.24,7,29.37,30.17,2482.75,,
0.607576845,02-08-2017,12,1,2.22,-0.85,-1.24,94.94,10.92,29.12,29.91,114.38,,
0.482689929,11-23-2016,14,1,4.07,7.93,7.62,99.86,9.39,29.11,29.9,59.9,,
0.617782391,3-16-2017,6,0,10,-8.01,-9.01,86.28,5.64,29.57,30.37,0.5,,
0.250794658,10-18-2017,13,0,10,21.81,5.94,36.72,16.04,29.34,30.13,4260,,
0.712135041,09-02-2016,9,0,10,20.75,14.56,66.84,9.68,29.44,30.24,2989.75,,
0.201905076,8-29-2016,9,0,10,26.95,23.43,80.84,7.36,29.45,30.25,2399,,
0.371459691,8-28-2017,11,0,10,24.72,16.93,62.4,6,29.24,30.03,4283.75,,
0.600090303,8-26-2016,17,0.89,9.88,23.71,24.06,88.92,4.16,29.29,30.08,88.18,,
0.487944518,3-28-2017,16,1,10,12.07,6.59,71.93,14.46,29.31,30.1,1179.75,,
0.75548449,3-26-2016,16,0,10,16.17,2.41,38.52,11,29.27,30.06,2931.25,,
0.96942809,04-01-2017,6,0.04,5,1.64,1.45,94.76,4.44,29.39,30.19,19.86,,
0.095085116,01-12-2017,11,1,10,0.07,-0.11,95.72,11.8,29.32,30.11,533.25,,
0.28215967,09-12-2016,7,0,10,16,14.13,88.08,3.4,29.36,30.16,603.5,,
0.811414313,7-21-2017,9,0,10,28.17,23.57,77.44,0,29.22,30.01,2364.5,,
0.029230936,2-23-2017,10,0.04,9.71,13.52,10.89,79.91,7.04,28.96,29.75,1278,,
0.527153389,03-06-2016,7,0.31,2.67,0.2,-0.04,92.59,8,29.46,30.26,1203,,
0.649667145,4-16-2016,12,0.63,10,25.4,6.54,28.4,8,29.46,30.26,4538.75,,
0.32711934,5-13-2017,17,0,10,26.02,8.64,31.24,11.12,29.06,29.85,1802.25,,
0.174392892,03-11-2016,15,0,10,14.35,7.21,58.16,7.96,29.49,30.29,2019.5,,
0.783717541,3-15-2016,15,0,10,23.17,15.01,59.84,19.6,28.75,29.53,3710,,
0.4543815,4-19-2017,16,0.42,10,27.53,16.75,21.31,7.7,8.92,30.01,0,,
0.247293188,9-27-2016,14,0,10,24.49,1.1,21,16.04,29.02,29.81,4262,,
0.457124271,11-01-2016,10,0,10,23.85,14.26,52.76,18.28,29.19,29.98,2408,,
0.73122275,4-14-2017,17,0,10,24.82,13.58,46.56,15.32,29.28,30.07,949.5,,
0.571607648,7-27-2016,14,0.19,10,27.24,21.1,67,6,29.16,29.98,2766.75,,
0.046399123,9-20-2016,8,0.4,10,24.66,19.9,73.56,1.2,29.36,30.15,1384.75,,
0.720372279,6-23-2016,15,0,10,29.92,21.09,57.09,12.48,29.1,29.89,3850,,
0.318885675,02-05-2016,6,0.56,9.96,-3.37,-4.33,87.27,7.23,29.53,30.33,0.37,,
0.857341948,2-20-2016,6,0,10,4.16,0.26,67.91,14.16,29.14,29.93,15.74,,
0.019934293,3-19-2016,17,1,10,6.57,-0.13,59.2,8.08,29.34,30.13,116.93,,
0.005237533,7-19-2016,10,0,10,28.15,22.8,70,0,29.42,30.25,3707.5,,
0.938229711,8-22-2017,17,0.15,10,24.17,16.41,58.64,10.6,29.17,29.96,1388.75,,
0.785248364,5-28-2017,12,0.83,10,24.64,18.27,62.24,13.84,28.97,29.76,2495.25,,
0.073018635,7-16-2016,8,0,10,21.1,15.29,67.8,7.44,29.36,30.15,2124.25,,
0.103065342,3-18-2016,11,0,10,7.78,-2.56,47.28,8.64,29.33,30.12,2512.5,,
0.54653956,08-03-2017,13,0.42,10,29.37,21.04,55.96,12.44,29.13,29.92,3482,,
0.021201947,4-30-2016,6,1,2.45,10.52,9.96,94.78,12.29,29.18,29.97,15.1,,
0.035806504,10-17-2016,7,0.98,10,19.51,17.64,85.8,13.8,29,29.79,115.35,,
0.176268555,12-07-2016,14,0.18,10,0.64,-3.7,21.42,12.44,8.53,30.15,675.75,,
0.539272429,10-28-2016,6,0,3.36,5.19,5.34,98.44,5.64,29.46,30.26,0,,
0.189313215,02-12-2016,17,0.14,10,-4.25,-12.38,50.36,19.48,29.46,30.26,35.88,,
0.388121598,5-21-2016,8,0.04,10,18.12,8.52,50.51,8.72,29.31,30.11,1487,,
0.165165765,06-04-2017,17,0.28,10,28.63,18.6,50.44,14.88,28.99,29.78,1226.5,,
0.824970756,06-06-2016,8,0,10,23.13,16.33,64.36,9.92,28.96,29.75,2245.75,,
0.508653104,7-30-2016,17,0.44,10,25.24,20,69,6,29.14,29.96,1684.75,,
0.832780201,05-04-2017,12,1,9.81,8.76,7.79,90.5,25.85,29,29.79,1013,,
0.003394883,04-06-2016,17,0.92,10,9.32,5.87,74.75,17.76,28.78,29.56,477,,
0.267346516,04-12-2016,13,0,10,10.22,-2.88,39.6,8.52,29.54,30.34,4706.25,,
0.596777209,7-27-2017,17,0.65,10,27.8,23.13,70.92,9.55,29.09,29.88,813.5,,
0.118797494,5-24-2017,11,1,4.42,15.03,14.74,91.62,7.46,28.74,29.53,990.75,,
0.440357786,10-22-2016,9,0.28,10,10.44,1.62,51.72,7.36,29.37,30.17,2796.5,,
0.867981222,7-23-2017,17,0,10,29.93,21.87,57.88,6.72,29.03,29.82,1858.75,,
0.246394277,2-19-2016,7,0,10,8.63,4.23,71.32,21.92,28.95,29.74,500.75,,
0.602688966,06-09-2016,14,0.21,10,28.79,13.3,36.24,11.7,29.18,29.97,4052,,
0.301817246,6-19-2017,7,0.29,10,21.7,16.82,74.2,8.64,29.1,29.89,364.5,,
0.964884414,6-27-2017,17,0,10,23.78,7.85,35.4,3.4,29.27,30.06,702.25,,
0.402430113,12-01-2016,12,0.92,10,4.04,0.5,75.76,16.28,29.15,29.94,650.25,,
0.203324252,07-03-2016,12,1,5.32,17.33,16.74,96.84,8.96,29.26,30.05,465.75,,
0.042665972,03-12-2017,15,0,10,2.76,-13.15,29.92,2.8,29.54,30.34,2974,,
0.763090834,8-14-2017,11,0,10,27.43,16.6,48.88,3.76,29.12,29.91,3813.5,,
0.212699486,10-04-2017,12,1,10,23.42,21.43,89.76,10.68,29.51,30.31,899.75,,
0.704944109,9-25-2017,17,0,10,30.06,16.02,40.68,3.64,29.14,29.93,772.5,,
0.773879478,08-12-2017,6,0,10,15.62,14.92,88.2,5.64,29.27,30.06,107.18,,
0.824407371,8-31-2016,14,0.29,10,27.62,21.05,65.08,14.44,29.22,30.01,2197.25,,
0.594946138,03-08-2016,7,0.42,10,11.87,8.46,76.04,12.24,29.21,30,374.25,,
0.070029261,6-18-2017,7,0.99,10,22.73,21.18,88.8,13.16,28.92,29.71,199.8,,
0.593931976,1-22-2017,6,0.72,3.56,4.13,4.23,99.45,7.12,28.77,29.55,0,,
0.816852768,12-31-2016,8,1,10,4.02,-2.35,61.72,17.84,28.9,29.68,190.75,,
0.315101002,4-22-2016,7,0,9.96,14.03,11.48,81.88,9.64,29.13,29.92,925,,
0.590155545,11-09-2016,9,0,10,8.71,6.18,80.84,10.88,29.55,30.35,3437.5,,
0.615388244,06-11-2017,15,0,10,32.09,15.71,34.28,17.8,29.18,29.97,3801.5,,
0.043558523,4-16-2016,16,0.62,10,25.79,5.74,25.36,9.16,29.44,30.24,3173.75,,
0.819335647,2-16-2016,16,1,8.08,2.03,-1.1,81.53,4.68,29.07,29.86,412.5,,
0.660314041,11-02-2016,6,0.65,10,16.11,13.41,86.53,3,29.32,30.11,0,,
0.925085412,5-26-2016,17,0,10,26.14,20.79,66.92,10.48,29.08,29.87,1284,,
0.808769146,12-01-2016,16,1,10,3.28,-0.01,75.88,11.72,29.2,29.99,4.96,,
0.41837659,10-04-2016,12,0.72,10,25.58,13.24,43.56,12.08,29.23,30.02,4373.75,,
0.353996503,4-21-2016,10,0.76,9.92,17.84,15.35,82.15,7.69,29.09,29.88,1556.5,,
0.825288908,4-14-2016,17,0,10,19.01,1.42,30.16,10.12,29.34,30.13,1198,,
0.299590236,4-30-2017,7,1,6.96,13.96,13.59,97.16,9.32,28.97,29.76,216.35,,
0.128850016,01-11-2017,12,1,0.09,5.3,4.75,97.28,13.8,28.98,29.77,367.25,,
0.864567946,11-19-2016,12,1,10,3.16,-2.36,67.22,22.61,29.44,30.24,1437.75,,
0.146284311,07-03-2017,12,0,10,30.85,18.02,44.24,4.36,29.26,30.05,1504.75,,
0.989943266,2-24-2017,16,0.41,10,12.14,6.6,64.54,22.53,28.75,29.54,1013.25,,
0.377264541,9-27-2016,15,0,10,24.28,0.42,20.44,16.96,29.01,29.8,3470.75,,
0.99608839,3-31-2017,16,0.04,9.04,5.98,4.54,22.41,12.16,8.52,29.93,460.25,,
0.621108427,3-25-2017,17,1,10,16.46,15.26,87.84,5.56,29.12,29.91,177.5,,
0.973533021,6-20-2016,12,0.44,10,32.06,20.6,49,14,29.32,30.14,3656,,
0.358636609,04-12-2016,14,0,10,10.76,-3.32,36.28,7,29.53,30.33,4682.5,,
0.446141325,09-02-2016,7,0,10,16.97,14.61,84.96,8.52,29.44,30.24,643.75,,
0.081379235,2-16-2016,7,0.91,7.21,-4.51,-5.12,87.68,3.28,29.03,29.82,220.33,,
0.008915538,9-22-2017,8,0,10,27.29,22.03,75.56,3.12,29.31,30.11,1542.75,,
0.201635491,1-13-2017,11,0,10,-2.19,-5.47,75.84,13.04,29.9,30.71,1743.5,,
0.442366742,01-03-2017,10,1,2.16,5.31,5.48,98.26,8.63,28.97,29.76,196.5,,
0.624536408,8-30-2016,13,0.01,10,28.02,24.64,80.72,5.36,29.31,30.1,1360.5,,
0.130904469,3-16-2016,13,0.44,9.04,15.76,-0.78,32.6,28.44,29.03,29.82,4254.25,,
0.047827555,6-24-2016,13,0.74,10,27.55,19.96,61.6,4.92,29.29,30.08,3277.5,,
0.761334369,3-23-2016,15,1,10,17.83,10.99,63.56,19.12,28.95,29.74,431.75,,
0.316376924,01-07-2017,7,0.71,10,-18.07,-19.57,80.12,3.16,29.72,30.52,44.66,,
0.180714467,5-18-2017,14,0.3,10,31.11,15.24,35.88,19.12,29.06,29.85,3262.25,,
0.893944354,06-03-2017,15,0.15,10,31.91,12.69,29.28,2.8,29.17,29.96,3725.25,,
0.977657869,6-20-2016,15,0.02,10,32.53,21.85,50.56,15.11,29.26,30.05,2977.25,,
0.757112195,7-28-2017,13,0.54,10,27.02,18.07,53.92,15.56,29.15,29.94,3437,,
0.529499131,5-14-2017,10,0,10,26.41,12.35,40.28,13.64,29.16,29.95,4241,,
0.773215824,7-30-2016,13,0.02,10,26.18,20.82,68.78,5.11,29.18,29.97,4573.5,,
0.083842286,02-04-2016,7,0.42,10,-5.41,-8.68,75.44,12.08,29.45,30.25,243.54,,
0.534329472,2-13-2017,6,0,10,-4.2,-4.72,89.28,2.04,29.56,30.36,13.92,,
0.521193352,02-01-2016,14,0,10,8.47,0.63,57.12,3.72,29.24,30.03,3189.25,,
0.711554672,08-02-2016,14,0.69,10,28.63,21.51,59.47,2.83,29.28,30.07,2128.25,,
0.914279105,07-01-2017,11,0.28,10,27.6,17.6,52.92,13.32,29.2,29.99,1555,,
0.874539853,07-07-2016,16,0.38,10,26.13,16.01,55.28,12.88,29,29.79,2905.75,,
0.983273879,8-15-2017,12,0.71,10,29.36,21.74,59.53,6.46,29.14,29.93,3242.75,,
0.596303117,10-13-2016,16,0,10,14.92,2.72,42.8,0.12,29.47,30.27,2020.25,,
0.804555929,07-06-2016,9,0.03,10,21.6,20.81,92.88,10.88,29.08,29.88,611.25,,
0.709573255,5-25-2017,14,0.99,9.96,18.09,13.95,76.72,11.16,28.9,29.69,2182,,
0.661726488,11-10-2016,7,0,10,3.09,2.31,82.32,8.4,29.44,30.24,823.5,,
0.165926167,2-14-2016,8,1,9.04,-8.43,-11.16,77.16,19.44,29.46,30.26,316.25,,
0.968125826,1-19-2017,16,1,3.37,5.54,5.3,96.31,10.66,29.02,29.81,25.16,,
0.646864254,02-09-2017,10,0,10,-9.15,-13.15,69.88,15.64,29.57,30.37,250.25,,
0.749463314,11-07-2016,16,0.14,10,17.38,10.39,60.56,1.08,29.46,30.26,102.69,,
0.208233429,05-07-2016,15,0.13,10,22.82,11.32,52.16,14.38,29.02,29.81,3274.75,,
0.029601626,2-22-2017,11,0.55,8.85,18.28,14.13,76.16,12.15,29.02,29.81,3322,,
0.815572923,1-22-2017,10,0.96,3.92,7.06,6.67,95.49,9.88,28.81,29.6,2454.5,,
0.898717697,06-05-2016,11,0.75,10,22.73,16.82,68,13.32,28.98,29.77,2488.25,,
0.083126671,04-09-2017,11,0,10,22.13,11.66,49.92,23.4,29.03,29.82,3028.5,,
0.186116672,8-19-2017,16,0.38,10,29.03,18.73,51,5,29.15,29.94,1137.25,,
0.980609122,06-03-2016,8,0,10,23.53,11.12,43.84,5.04,29.3,30.09,1723,,
0.988352805,8-20-2016,12,0.44,10,26.12,21.58,72.64,16.2,28.9,29.69,3795.25,,
0.156079409,9-23-2017,17,0.01,10,30.79,19.58,50.53,5.76,29.24,30.03,716.5,,
0.808307107,06-06-2016,7,0,10,21.58,15.45,67.48,11.12,28.97,29.76,1082.5,,
0.871083517,2-13-2016,14,0,10,-7.32,-17.08,43.56,8.28,29.74,30.54,3525.75,,
0.491422717,7-20-2016,12,0.12,10,28.39,22.96,73.6,6,29.39,30.19,3956.25,,
0.669253279,05-06-2017,16,0.65,10,15.98,5.89,49.36,13.48,29.05,29.84,2490.5,,
0.197858949,7-23-2016,17,0,10,30.21,25.89,74.67,5.11,29.15,29.94,1293.75,,
0.942102553,1-16-2017,16,1,0.01,6.58,5.85,98.46,8.08,29.22,30.02,53.49,,
0.521926949,03-12-2016,11,0.99,6.36,12.7,9.44,81.92,6.68,29.33,30.12,1616.75,,
0.499699184,10-10-2017,7,0.92,5.84,19.58,19.01,96.72,4.92,29.29,30.08,102.15,,
0.330481073,2-20-2017,11,0,10,17.79,11.78,68.52,17,29.31,30.11,3020,,
0.479204245,5-30-2017,7,0.01,10,18.88,9.51,53.76,13.16,29.24,30.03,1040.75,,
0.788600649,04-06-2016,15,1,5.9,8.98,8.28,92.17,15.89,28.79,29.57,226,,
0.674611461,07-04-2017,11,0.15,10,30.18,20.61,54.36,5.04,29.29,30.08,1391.5,,
0.980891858,2-16-2017,10,0,10,3.7,-4.3,56.4,9.08,29.17,29.96,2988.5,,
0.360093264,05-02-2017,8,0.28,10,10.44,5.3,70.8,23.36,28.98,29.77,2422.25,,
0.408537134,9-15-2017,14,0.29,10,31.2,16.31,40.24,7.44,29.2,29.99,3452.25,,
0.064736574,07-02-2017,17,0,10,29.5,17.53,45.32,7.44,29.24,30.03,590.25,,
0.846028912,10-22-2016,15,0,10,16.52,5.65,45.96,10.12,29.26,30.05,2872.25,,
0.494054279,3-22-2016,10,0,10,13.41,2.05,47.88,21.76,29.04,29.83,2000.25,,
0.63735389,3-21-2016,13,0.43,10,10.15,-2.38,40.36,15.48,29.36,30.16,4291.75,,
0.796764223,11-02-2016,7,0.44,10,16.62,14.05,83.76,4.56,29.34,30.13,43.13,,
0.425305288,7-31-2016,14,0.75,10,27.39,20,65,5,29.23,30.05,2786.5,,
0.226061935,10-23-2016,10,0,10,19.05,10.76,55.6,14.72,29.22,30.01,3580.5,,
0.64371243,10-10-2017,14,1,10,24.94,15.54,56.56,13.76,29.22,30.01,1499.75,,
0.413850509,3-29-2017,15,1,9.96,12.15,8.19,74.88,20.24,29.22,30.01,873,,
0.381559307,08-09-2017,15,0.14,10,26.71,13.46,42.4,4.04,29.36,30.15,3800.25,,
0.535979929,09-02-2016,15,0.44,10,24.26,12.75,46.88,9.36,29.38,30.17,3200.25,,
0.203651283,6-29-2016,10,0,10,21.82,11.16,49.72,9.16,29.36,30.16,4162.75,,
0.718768863,02-08-2017,8,1,10,-0.31,-2.35,81.58,7.38,29.06,29.85,332.75,,
0.823737422,03-10-2016,17,0.03,9.92,10.17,7.24,22.17,6.72,8.53,30.1,55.37,,
0.792944683,7-21-2017,10,0.02,10,29.68,24.11,72.68,0,29.23,30.02,3290,,
0.866809798,07-01-2016,6,0,9.88,19.3,17.1,87,11.32,29.21,30,223.25,,
0.578139512,05-07-2017,10,0,10,13.04,1.48,44.56,5.12,29.26,30.05,4353.75,,
0.752003109,01-11-2017,10,0.91,6.13,2.85,1.84,92.28,15.17,29.09,29.88,431.5,,
0.043781319,8-23-2016,7,0,10,18.86,16.69,86.88,4.76,29.44,30.24,697.25,,
0.903540164,10-09-2016,9,0,10,18.66,8.64,48.72,2.84,29.55,30.35,2889,,
0.706826061,07-09-2017,14,0.52,10,29.91,19.44,52.24,10.32,29.22,30.01,3549.25,,
0.697241551,10-23-2016,6,0.14,9.04,6.36,6.31,88.04,5.4,29.24,30.03,0,,
0.169629225,8-22-2017,11,0.65,10,24.68,20.65,75.23,9.38,29.16,29.95,3149.25,,
0.912194513,06-12-2017,9,0.01,10,29.48,20.24,54.84,10.6,29.22,30.01,3232.75,,
0.324385458,4-27-2017,11,1,10,8.63,6.21,83,16.32,28.91,29.69,1293.75,,
0.829247475,10-09-2016,15,0,10,24.07,5.9,28.96,9.32,29.47,30.27,3024.5,,
0.710663658,05-10-2017,6,0.73,4.96,13.85,11.99,90,5.4,29.16,29.95,241.73,,
0.856306793,4-30-2017,8,1,7.33,14.83,14.03,97.6,10.82,28.95,29.73,597.5,,
0.690508967,3-19-2017,8,0,10,4.61,0.36,73.2,4.4,29.58,30.38,1647.75,,
0.599805677,06-08-2016,15,0,10,24.96,6.35,29.08,4.12,29.2,29.99,3668.5,,
0.373353818,09-02-2017,12,0,10,21.52,10.53,49.12,8.36,29.26,30.05,4699.5,,
0.486987839,8-21-2017,8,0,10,26.2,23.89,84.16,6.04,29.31,30.1,903.5,,
0.501297633,11-21-2016,6,0,10,-5.14,-6.55,83.72,1.16,29.5,30.3,9.42,,
0.365374305,09-12-2016,13,0,10,26.5,13.49,43.48,9.32,29.3,30.09,4470.25,,
0.810573871,03-09-2016,16,1,10,17.49,14.76,80.24,8.4,29.15,29.94,112.08,,
0.753714221,11-15-2016,10,0,9.92,10.17,7.65,75.72,6.04,29.14,29.93,3802.25,,
0.682277151,10-19-2017,9,0,10,17.76,11.54,67.56,7.04,29.4,30.2,2594.75,,
0.888182207,08-05-2016,9,0.25,10,26.46,22.6,75.84,5.12,29.16,29.95,2953.5,,
0.842903268,1-18-2017,14,0.84,10,4.98,2.85,82.81,10.69,29.31,30.11,1172.25,,
0.576715675,6-20-2016,6,0,10,24.15,21.62,82.08,10.6,29.39,30.19,250.75,,
0.340474201,5-27-2017,12,1,10,20.73,17.76,79.6,3.08,29.13,29.92,1870.75,,
0.164198035,09-10-2016,7,0.63,9.04,21.21,21.28,99.72,0,29.07,29.86,323.48,,
0.91044338,9-29-2017,16,0,10,23.38,3.39,19.84,13.2,8.53,30.2,2234.75,,
0.274102977,3-21-2017,7,0,7.96,4.99,2.48,81,6.16,29.37,30.16,343.43,,
0.265098426,5-13-2017,14,0,10,26,9.6,33.4,9.84,29.08,29.87,4516,,
0.032203109,4-16-2017,8,0.91,10,16.62,15.68,88.08,14.92,29.21,30,608.5,,
0.423362134,07-04-2017,14,0.73,7.55,27.99,14.76,47.93,9.96,29.28,30.07,1300.25,,
0.166541317,3-18-2017,12,1,10,4.81,0.35,70.77,17.08,29.42,30.22,1155.75,,
0.725376605,6-24-2017,11,0.64,10,23.29,12.2,48.56,15.36,29.27,30.06,1397,,
0.361849683,11-07-2016,14,0.15,10,19.24,8.24,47.12,2.8,29.46,30.26,894.75,,
0.342437158,11-12-2016,7,0.14,8.08,-0.73,-0.76,93,0.28,29.68,30.48,783.75,,
0.361478529,10-06-2017,11,1,10,21.3,20.19,94.36,7.96,29.23,30.02,752.25,,
0.425096898,07-07-2017,14,0.62,10,32.5,23.43,57.92,17.8,29.05,29.84,3766.75,,
0.997022609,10-15-2017,9,1,9.96,12.13,8.63,76.34,19.73,29.25,30.04,148.2,,
0.944551512,3-23-2016,16,1,10,17.29,10.93,64.92,18.32,28.96,29.75,280,,
0.851940894,2-24-2016,13,1,0.5,0.4,0.01,92,28.32,28.65,29.44,236.25,,
0.748405012,10-09-2017,11,0,10,25.86,16,54.56,2.68,29.14,29.93,4035.25,,
0.460579463,10-02-2017,11,0.76,10,26.03,11.25,40.88,9.96,29.4,30.2,1919.25,,
0.845545073,7-15-2017,6,0.26,9.92,16.84,15.92,86.19,0,29.39,30.18,245.43,,
0.947750631,08-09-2016,9,0,10,25.86,19.49,64.76,1.41,29.23,30.03,2354,,
0.740052855,9-18-2017,8,0.56,10,21.65,18.06,79.84,6.92,29.3,30.09,829.25,,
0.925150571,2-17-2016,13,1,10,1.68,-2.24,76.49,6.68,29.46,30.26,675.5,,
0.001949784,09-07-2017,7,0,10,11.87,9.53,81.64,6.68,29.31,30.1,638.25,,
0.655039566,5-23-2016,7,0,10,19.45,8.36,46.56,9.08,29.26,30.05,1056.5,,
0.613001309,3-21-2017,14,0.84,10,12.08,0.79,46.84,13.8,29.42,30.22,2026,,
0.608468462,09-01-2016,10,0,10,23.37,13.84,55.4,12.36,29.36,30.16,3795.25,,
0.616457831,08-12-2016,10,0.83,10,29.77,25.62,74.96,10.62,29.09,29.88,2367.75,,
0.354350727,6-17-2017,6,0,10,22.66,20.28,83.28,11.4,28.91,29.7,77.35,,
0.445632139,6-21-2016,11,0.04,10,26.49,15.76,49.12,11.88,29.27,30.06,4200.25,,
0.938586112,09-03-2017,14,0.15,10,27.45,15.35,46.12,6.96,29.24,30.03,3733.5,,
0.139607283,1-21-2017,17,0,10,12.61,10.42,81.84,4.48,28.76,29.54,0.64,,
0.593440519,11-13-2016,16,0,10,10.71,1.43,48.64,8.4,29.31,30.11,78.01,,
0.91564056,2-29-2016,13,0,10,13.17,0.79,41.48,18.8,29.15,29.94,4480.75,,
0.984299204,07-07-2016,17,0.8,10,27.59,22.92,75,11.24,28.99,29.78,1842.25,,
0.461058681,06-11-2016,16,0.39,10,32.83,17.98,38,10.89,29.2,29.99,2234.5,,
0.641650746,09-07-2016,7,0,9.96,25.29,23.77,87.12,9.04,29.3,30.09,531.25,,
0.423138369,6-14-2016,10,0.14,10,28.47,22.7,70.72,8.32,29.09,29.88,3653.5,,
0.621725236,10-24-2017,13,1,6.63,6.64,5.3,91.15,17.85,28.99,29.78,812.25,,
0.821457455,4-19-2016,16,0,10,24.8,4.72,25.4,9.8,29.3,30.09,818.75,,
0.438977826,5-29-2016,9,0.15,10,26.04,16.98,57.04,10.44,29.28,30.07,2920,,
0.890303712,11-19-2016,9,1,10,2.2,-1.34,74.56,23.36,29.41,30.21,1172,,
0.968593458,08-05-2016,7,0,10,23.65,20.6,84,0,29.12,29.94,858.25,,
0.953269106,6-13-2017,8,0.14,10,29.42,23.56,69.08,8.88,29.22,30.01,2117.75,,
0.915603397,4-22-2017,9,0,10,10.51,3.25,59.96,21.96,29.34,30.13,2057,,
0.866005107,2-13-2017,9,0,10,1.19,-1.54,79.96,7,29.58,30.38,3118.5,,
0.268314862,07-07-2017,7,0,10,26.57,22.6,74.2,10.32,29.14,29.93,372.5,,
0.851207197,8-14-2017,17,0.88,10,27.61,18.56,54.48,7.32,29.04,29.83,1444.25,,
0.754142074,12-18-2016,14,0.44,10,-12.17,-14.95,79.72,11.04,29.75,30.55,1576,,
0.304151765,07-05-2017,16,0.62,10,28.6,22.34,65.4,5.36,29.26,30.05,762,,
0.283319394,4-22-2016,15,0.97,9.89,13.66,10.16,77.97,13.59,29.25,30.05,3824.5,,
0.665444497,2-22-2017,17,0,10,18.88,13.65,67.64,8.92,28.92,29.71,33.75,,
0.369992957,09-02-2016,17,0,10,22.95,13.38,50.64,7.24,29.36,30.16,1420.5,,
0.159393839,9-16-2016,8,0.42,10,22.9,20.02,81.68,7.76,29.26,30.05,1011.75,,
0.487098506,07-12-2017,14,0.53,10,31.78,25.58,66.72,4.2,29.17,29.96,2938.5,,
0.045574429,2-20-2016,12,0,10,18.17,4.87,41.36,10.2,29.15,29.94,4551,,
0.235814229,09-03-2016,10,0,10,23.16,16.66,65.68,5.04,29.41,30.21,3729.25,,
0.064080628,03-10-2017,16,0.26,10,2.41,-17.35,21.72,15.08,29.6,30.4,835.25,,
0.135293985,04-11-2017,15,0.43,10,13.67,5.66,55.2,10.12,29.44,30.24,2564.25,,
0.918679939,04-04-2017,7,1,3.33,10.96,10.47,94.9,10.36,28.89,29.68,125.48,,
0.421182648,3-20-2016,6,0.54,10,1.32,-0.2,87.56,9.6,29.36,30.15,1.97,,
0.573493825,8-29-2017,8,0,10,20.5,17.56,80.92,0.12,29.26,30.05,1688.75,,
0.565633087,05-10-2017,9,0.28,9.88,20.53,16,77.28,6.52,29.17,29.96,3057.25,,
0.843183906,03-03-2016,9,1,2.69,1.24,-0.16,94.2,7.46,29.21,30,205,,
0.738119678,7-21-2016,8,0.38,8.47,27.82,25.67,83.59,7.53,29.33,30.13,966.5,,
0.067310135,7-24-2016,9,0.19,7,29.36,25.6,82,9,29.17,29.99,2739.25,,
0.479320213,2-14-2017,16,0,10,9.61,1.46,56.24,13.12,29.02,29.81,439.75,,
0.068773624,10-03-2017,15,1,10,22.44,20.58,86.04,14.32,29.51,30.31,894,,
0.20817849,09-06-2016,15,0.63,10,32.06,24.1,60.6,10.04,29.29,30.08,2354.5,,
0.004248469,12-07-2016,12,0.42,10,1.14,-3.62,21.46,12.44,8.53,30.15,3502.5,,
0.350207509,5-22-2017,9,0,10,17.97,9.28,54.16,9.16,29.3,30.09,3485.25,,
0.043950347,1-25-2017,10,0.88,10,9.08,6.59,82.89,21.96,28.74,29.52,1343.5,,
0.546291119,7-31-2017,7,0.02,10,22.54,16.91,67.48,2.16,29.41,30.21,785.25,,
0.844251138,12-10-2016,6,0.04,10,-5.27,-7.99,21.93,5.72,8.54,30.55,0,,
0.590704802,09-09-2017,11,0,10,23.8,13.86,53.84,11.52,29.56,30.36,4404,,
0.40389407,10-19-2017,12,0,7.44,22.76,11.98,50.68,1.16,29.38,30.18,4079.5,,
0.301336615,2-14-2016,14,1,1.9,-6.62,-8.29,84,15.69,29.3,30.09,1043,,
0.092967046,11-22-2016,13,0,10,7.55,-0.08,58.56,13.12,29.42,30.22,2207.75,,
0.886626204,7-24-2016,10,0,9,30.1,25.6,77,11,29.16,29.98,3449,,
0.149004263,08-05-2017,8,0,10,20.73,15.42,67.88,5,29.3,30.09,1983.5,,
0.654422302,9-27-2016,7,0,10,14.15,8.24,66.56,8.28,29.15,29.94,499.25,,
0.720910446,09-07-2016,6,0,9.84,23.25,23.05,93,7.6,29.3,30.09,33.85,,
0.99150925,09-06-2017,8,0.03,10,14.28,9.99,74.88,8.56,29.23,30.02,1981.5,,
0.793534848,2-15-2016,11,1,2.42,-1.53,-1.52,92.16,7.72,29.11,29.9,1204,,
0.717825689,2-26-2016,9,0,10,-0.37,-4.24,72.12,9,29.51,30.31,3085.5,,
0.447388151,1-26-2017,7,1,4.53,-0.21,-0.72,92.32,19.8,29.04,29.83,52.11,,
0.300950154,02-02-2016,14,1,0.92,9.99,9.27,97.38,15.76,28.76,29.54,133.75,,
0.406187938,12-08-2016,9,0.04,9,-6.09,-9.31,21.7,19.4,8.54,30.36,803,,
0.175189733,10-29-2016,11,0,10,25.25,15.8,56.4,20.04,29.21,30,2722,,
0.114387271,07-03-2017,11,0,10,30.16,17.83,46.41,3,29.27,30.07,1458.75,,
0.292972438,6-25-2017,16,0.45,10,22.97,8.3,38.84,14.92,29.34,30.13,822.75,,
0.810148795,05-09-2016,17,1,8.88,16.57,15.6,87.84,16.08,29.09,29.88,288.5,,
0.76739475,08-09-2016,8,0.21,10,23.95,18.96,73.83,2.53,29.23,30.03,1787.75,,
0.368621895,10-14-2017,10,0.41,10,25.03,17.05,61.04,14.24,29.24,30.03,2113,,
0.111924245,8-23-2016,14,0.15,10,26.36,17.96,57.6,10.68,29.39,30.18,3643.75,,
0.094846264,05-09-2016,8,1,6.46,14.05,12.29,92.08,10.89,29.13,29.92,636,,
0.006960751,9-16-2017,17,0.02,10,29.37,16.03,41.44,3.72,29.23,30.02,1121.25,,
0.215862357,07-11-2016,15,0.44,10,29.77,21.7,61,13,29.16,29.98,3091.25,,
0.047075379,7-13-2017,6,0.91,7.9,24.59,24.27,92.78,6.96,29.24,30.03,183,,
0.143968044,11-15-2016,9,0,9.88,7.81,6.72,85.04,6.08,29.15,29.94,3178.5,,
0.822803781,10-23-2016,16,0,10,22.77,11.56,46.28,11.52,29.17,29.96,1445,,
0.93173923,8-31-2016,10,0.38,10,26.16,22.44,76.68,2.8,29.27,30.06,1844.75,,
0.341411133,05-01-2016,10,1,4.67,13.87,12.62,94.85,7.58,29.17,29.96,1323.25,,
0.408886568,7-18-2016,8,0.6,10,25.26,24.59,86.92,5.44,29.37,30.17,1319,,
0.033101108,06-11-2016,10,0.28,10,31.08,20.42,52.48,15.12,29.26,30.05,3295.5,,
0.700730066,6-20-2017,8,0,10,24.2,15.45,58.72,7.96,29.24,30.03,802,,
0.120502357,9-26-2017,13,0.44,10,32.42,16.78,39,8.88,29.17,29.96,2462.5,,
0.18308888,08-07-2016,14,0.47,10,26.85,15.07,46.33,5.11,29.24,30.03,2217.5,,
0.939241337,6-17-2017,9,0,10,25.31,20.9,74.84,9.16,28.92,29.71,773.75,,
0.519469599,1-20-2017,10,1,4.18,7.99,8.12,99.33,7.86,28.89,29.68,875.5,,
0.436906536,2-23-2017,15,0.62,9.92,15.86,11.73,73.72,12.68,28.91,29.69,444,,
0.43575772,1-29-2017,10,1,9.64,-2.28,-5.64,74.46,8.62,29.08,29.87,151.25,,
0.665106404,02-12-2017,17,0,10,5.53,-3.78,50.25,18.28,29.49,30.29,32.13,,
0.14635013,05-04-2016,9,0.63,10,12.86,7.38,68.92,17.12,28.96,29.75,1619,,
0.323542495,06-02-2017,9,0,10,26.19,7.24,28.68,0,29.33,30.12,3394.75,,
0.096227175,07-02-2017,9,0,10,26.65,15.33,48.56,7.6,29.31,30.11,1106.75,,
0.258762997,07-08-2016,10,0.65,10,28.22,23.34,73.15,11.09,29.08,29.87,3865.5,,
0.392199924,7-20-2016,11,0,10,28.32,22.99,70.16,6.92,29.4,30.2,3645,,
0.553500836,10-11-2017,10,1,1.56,14.66,14.49,98.67,11.66,29.25,30.05,462.5,,
0.924689114,1-21-2017,8,0,4.36,7.72,7.01,98.28,7.28,28.78,29.56,643.25,,
0.235675366,07-06-2016,8,0.92,10,20.95,20.42,93,4.12,29.16,29.95,239.63,,
0.013116386,09-08-2017,7,0,10,13.3,9.84,75.96,1.92,29.4,30.2,554,,
0.473215701,10-04-2017,9,0.98,10,23.53,20.04,81.04,9.65,29.55,30.35,726,,
0.229699165,10-27-2017,16,1,10,5.94,-1.51,59.96,13.68,29.12,29.91,778.75,,
0.376193267,7-21-2017,8,0.28,10,26.94,23.18,80.28,2.16,29.21,30,2046.25,,
0.955673135,07-09-2017,7,0,10,22.05,17.2,72.6,3,29.31,30.1,995.75,,
0.634817513,10-12-2016,9,0.62,10,21.02,15.12,65.88,14.56,29.22,30.01,2098,,
0.993110169,01-04-2017,10,0.01,10,-7.64,-11.86,70.88,15.52,29.35,30.14,3166.5,,
0.300216613,8-30-2016,15,0.16,10,27.52,23.68,40.25,7.44,15.45,30.08,2251.75,,
0.305575936,8-28-2017,12,0.15,10,25.91,16.98,58.85,2.68,29.23,30.02,4385,,
0.046302995,02-12-2016,11,1,7.44,-3.57,-6.27,78,15.32,29.39,30.19,702.5,,
0.393676711,03-06-2016,9,0.42,9.88,4.73,1.18,76.12,15.68,29.46,30.26,3664.5,,
0.952812952,7-15-2016,17,0.03,10,24.35,17.17,63.36,9.04,29.24,30.03,1836.5,,
0.934005342,03-09-2017,9,0,10,7.85,-3.48,44.72,14.12,29.34,30.14,3793.25,,
0.533155319,08-06-2017,16,1,10,22.14,18.01,76.76,8.44,29.21,30,1065.25,,
0.445520124,04-02-2017,14,0.14,10,17.45,4.82,41.24,15.36,29.2,29.99,4378.75,,
0.70588613,03-05-2017,12,1,10,17.08,3.24,38.28,22.04,29.37,30.17,1915.75,,
0.223934738,8-15-2017,16,0.52,10,30.12,21.09,56.84,1.28,29.12,29.91,2525,,
0.974217035,03-09-2017,13,0.28,10,13.29,-4.73,29.2,10.92,29.27,30.06,3231.75,,
0.723546353,2-19-2017,12,0,7.04,14.79,9.86,75.76,4.36,29.28,30.07,4374.75,,
0.57436839,07-04-2017,9,0,10,28.6,21.16,61.56,0.96,29.28,30.07,1099,,
0.31527577,04-06-2017,10,0.29,10,8.47,3.28,70.88,21.16,29.05,29.84,3358.25,,
0.594317306,03-07-2016,11,1,10,11.45,9.29,83,16,29.16,29.95,606.75,,
0.04517868,7-17-2016,6,0.28,10,19.35,18.35,92.04,5.36,29.31,30.11,264.5,,
0.460314217,01-01-2017,12,0,10,3.79,-3.23,60.64,5.48,29.32,30.11,3761,,
0.172844801,11-14-2016,7,0,10,3.79,0.86,84.32,6.16,29.22,30.01,524.75,,
0.674115819,8-17-2017,8,0.41,10,24.93,20.83,73.04,10.36,29.05,29.84,1148.5,,
0.038276536,6-19-2017,15,0.01,10,27.24,10.15,33.4,22.72,29.11,29.9,1329,,
0.000834326,03-12-2016,14,1,10,14.55,9.74,72.12,9.04,29.24,30.03,705.75,,
0.883910841,04-02-2017,16,0,10,18.13,5.22,41.36,10.2,29.15,29.94,2441.5,,
0.804280275,04-09-2017,13,0,10,24.4,13.04,47.56,27.16,28.98,29.77,3683.5,,
0.703333261,10-10-2016,13,0,10,24.29,7.55,32.56,3.08,29.48,30.28,3077.75,,
0.268073924,8-21-2016,16,0.3,10,23,14.83,56.76,8.92,29.23,30.02,2510,,
0.306255104,02-03-2016,11,1,7.44,2.78,1.22,86.8,21.4,28.96,29.75,250.5,,
0.783188757,10-28-2017,9,0.92,10,4.28,0.34,76.11,12.19,29.15,29.94,727.25,,
0.252694377,06-05-2016,13,0.45,10,24.04,16.54,60.64,15.12,28.97,29.76,3537,,
0.910392617,9-16-2017,6,0,4,16.09,16.15,96.72,0.12,29.31,30.11,22.05,,
0.262074558,11-30-2016,11,0.43,10,5.95,1.94,72.8,12.2,28.87,29.65,3248.75,,
0.159515266,12-18-2016,12,0.54,8.04,-12.93,-15.23,81.12,9.88,29.71,30.51,3097,,
0.20145515,12-10-2016,14,0.04,10,-2.11,-7.84,21.42,7.44,8.54,30.44,467,,
0.070202806,05-03-2017,14,1,9.92,10.77,5.01,60.03,8,29.31,30.11,1233.75,,
0.221045784,3-22-2017,13,0,10,4.6,-5.92,46.56,14,29.7,30.5,4714,,
0.861123938,6-29-2016,11,0,10,22.75,10.81,45.84,8.08,29.35,30.14,4581.5,,
0.832282482,07-11-2017,9,1,4.44,22.15,22.11,92.02,20.25,29.16,29.96,496.2,,
0.951526116,9-16-2017,7,0,7.04,19.6,17.69,92,3.12,29.33,30.12,517,,
0.211097405,4-16-2016,6,0,10,12.13,6.94,70.04,3.84,29.46,30.26,89.56,,
0.321640664,02-03-2017,15,0,10,-0.88,-13.58,20.31,11.32,8.54,30.47,2016.25,,
0.63034771,5-18-2017,7,0.52,10,24.19,19.18,71.96,22,29.03,29.82,1096.25,,
0.781452387,02-11-2017,8,0,10,5.75,5.19,85.88,6.44,29.11,29.9,1270.75,,
0.669114168,4-15-2016,16,0,10,24.13,6.61,31,8.92,29.34,30.14,2918.75,,
0.412522328,12-16-2016,11,1,10,-5.87,-12,60.96,15.08,29.31,30.1,605.75,,
0.148348839,3-24-2016,11,0.99,8.07,14.21,13.41,86.86,23.54,28.68,29.47,1492.75,,
0.37661336,12-15-2016,7,0,10,-14.66,-18.68,67.8,12.28,29.63,30.43,168.02,,
0.595382663,4-23-2017,9,0,10,15.68,1.54,37.24,13.12,29.33,30.12,3640,,
0.566148041,1-17-2017,6,1,10,7.07,6.47,92.45,12.96,29.07,29.87,0,,
0.219868437,1-24-2017,17,1,10,4.45,2.6,85.84,9.52,29,29.79,0.59,,
0.024948579,5-26-2016,16,0,10,26.6,20.24,64.16,10.44,29.08,29.87,2217.75,,
0.661412932,08-02-2017,9,0,10,25.46,20.83,71.2,3.84,29.28,30.07,3004,,
0.006636072,10-04-2017,7,0.99,10,20.94,18.95,83.36,4.88,29.55,30.35,63.6,,
0.265363161,1-17-2017,15,1,8.04,4.66,3.94,93.51,14.57,29.17,29.96,191.53,,
0.616128824,2-25-2016,17,1,10,2.35,-1.2,73.84,9.08,29.31,30.1,40.9,,
0.112075459,3-19-2017,15,0,10,12.9,1.19,44.16,10.32,29.44,30.24,3805,,
0.94988175,11-10-2016,11,0,10,13.8,6.26,59.16,18.76,29.37,30.17,4296.5,,
0.651313255,8-30-2017,14,0.43,10,25.77,16.73,56.4,7.92,29.27,30.06,3285.25,,
0.821822257,03-04-2017,17,0,10,11.1,-0.02,46.4,10.16,29.53,30.33,139.05,,
0.348684135,12-12-2016,10,0.04,9.92,-3.08,-5.43,21.97,11.16,8.53,30.13,1981.25,,
0.943436091,6-16-2016,16,0.42,10,27.73,19.26,58.52,12.6,29.07,29.86,2934.25,,
0.39973559,7-23-2016,14,0.72,10,30.87,25.82,70,5.11,29.2,29.99,2572.5,,
0.351743924,6-23-2017,16,0,10,26.7,12.71,41.16,9.68,28.97,29.76,1006.75,,
0.893403152,10-24-2016,16,0,10,15.17,4.44,46.24,7,29.54,30.34,1013.5,,
0.682129009,6-29-2016,7,0,10,17.32,11.36,64.56,7.64,29.36,30.16,1105.25,,
0.549421256,01-09-2017,17,0.65,10,-0.52,-3.65,76.04,13.4,29.4,30.19,0,,
0.371172998,03-11-2016,11,0,10,10.14,5.54,71.44,7.08,29.56,30.36,4186.75,,
0.257959978,10-23-2016,8,0.14,10,12.93,8.92,74.04,12.04,29.24,30.03,1331.25,,
0.58106643,07-08-2017,10,0.42,10,25.69,17.54,61.92,7.4,29.27,30.06,3589.75,,
0.095503726,10-11-2016,6,0.46,4.96,12.28,10.71,88.56,2.8,29.45,30.25,0,,
0.626229313,2-24-2016,15,1,1.04,0.74,0.09,91.73,27.26,28.68,29.47,208.5,,
0.026688537,7-16-2017,16,0.73,10,29.49,22.6,65,7.16,29.17,29.96,2686.75,,
0.669339577,2-21-2017,12,0.74,9.04,15.11,13.94,87.72,1.6,29.16,29.95,610.25,,
0.10322282,7-19-2017,17,0.14,10,31.22,26.21,72.53,5,29.27,30.06,1900.25,,
0.229398736,9-18-2016,16,0,10,28.05,11.54,34.2,2.88,29.16,29.95,2363.25,,
0.753038839,8-17-2016,9,1,4.72,23.09,22.92,92.56,5.32,29.36,30.15,1174.75,,
0.536258703,9-27-2017,9,0.56,10,21.23,14.99,69.76,10.32,29.31,30.1,1926.75,,
0.446168937,01-06-2017,12,0.83,7.44,-12.73,-16.97,69.72,9.84,29.48,30.28,494.5,,
0.762048478,6-20-2017,11,0,10,28.57,11.22,35.24,9.59,29.2,30,1554.75,,
0.62430505,12-07-2016,16,0.3,10,-0.16,-4.03,21.66,10.12,8.53,30.18,47.36,,
0.006658349,11-21-2016,14,0,10,5.19,-4.74,47.72,1.16,29.48,30.28,1940.5,,
0.249449106,07-03-2016,11,1,3.48,17.12,16.78,95.56,6.8,29.27,30.06,471.75,,
0.418485682,10-02-2017,6,0.56,10,16.29,12.42,80.45,4.8,29.38,30.18,1.04,,
0.821444824,10-24-2016,14,0,10,16.6,5.01,46.8,5,29.55,30.35,2507.75,,
0.964661419,11-25-2016,16,1,7.04,5.03,3.11,84.76,8.72,29.55,30.35,8.55,,
0.037632376,10-03-2016,16,0.82,10,21.45,13.24,58.64,5.76,29.25,30.04,1569,,
0.578927827,6-21-2017,16,0,10,29.27,19.32,56.28,7,29.12,29.91,577.75,,
0.599932204,05-05-2016,8,0.43,10,9.1,5.12,73.19,15.84,29.17,29.96,727.75,,
0.532620669,8-31-2016,13,0.54,10,27.81,22.08,68.92,9.92,29.23,30.02,2523.5,,
0.281392248,11-16-2016,15,0,10,17.34,8.06,53.2,0,29.13,29.92,791.25,,
0.478945095,11-03-2016,13,0.83,10,17.54,13.92,79.6,8.76,29.41,30.21,1840.25,,
0.867417226,3-15-2017,13,0.14,10,-2.04,-8.84,57.56,11.16,29.59,30.39,3766.75,,
0.135256016,9-17-2017,7,0.16,7.96,20.7,18.54,88.8,5.4,29.31,30.1,379.75,,
0.102856697,11-22-2016,12,0,10,6.51,-0.04,61.76,14.12,29.44,30.24,962.25,,
0.664483127,8-20-2017,17,0.42,10,29.45,23.01,66.6,4.48,29.23,30.02,701.25,,
0.19753743,4-25-2017,9,0,10,21.98,10.83,46.96,11.32,28.93,29.72,3360.75,,
0.780447174,05-02-2017,7,0.02,10,8.99,4.74,74.72,18.16,28.97,29.76,992.5,,
0.268753186,12-02-2016,13,1,10,4.6,1.88,77.92,10.2,29.42,30.22,735.75,,
0.635699367,3-18-2016,12,0,10,8.87,-2.08,45.48,7.36,29.31,30.1,3581,,
0.856834435,1-25-2017,9,0.03,10,8.72,6.44,84.62,16.42,28.73,29.51,1235,,
0.156504113,5-20-2016,15,1,10,18.89,5.52,38.6,13.32,29.26,30.05,631,,
0.217796465,6-14-2016,11,0.63,10,29.53,23.4,69.04,8.76,29.09,29.88,3911.25,,
0.488782042,11-19-2016,14,1,10,3.28,-2.74,64.68,21.16,29.46,30.26,459.5,,
0.521164277,11-30-2016,13,1,10,4.17,0.68,76.51,16.11,28.86,29.64,404.5,,
0.918862869,11-16-2016,17,0,10,11.82,7.22,69.12,1.8,29.14,29.93,0,,
0.223477347,08-09-2017,7,0,10,19.86,15.77,74.08,0.2,29.43,30.23,707.5,,
0.326865259,06-01-2017,8,0,10,22.96,6.37,33.04,7.6,29.34,30.13,2472.75,,
0.610226555,9-26-2016,14,0,10,23.01,1.18,22.68,16.72,29.23,30.02,4368.75,,
0.225013472,6-23-2017,13,0.2,10,25.95,18.43,63.11,11.85,28.95,29.73,650.5,,
0.408966572,4-26-2017,7,0,10,20.84,14.27,64.52,21.36,28.69,29.47,704.25,,
0.743353827,4-13-2017,7,0.8,10,13.24,7.17,69.32,9.04,29.48,30.28,416.5,,
0.021473004,02-09-2016,7,1,4.66,-7.77,-9.83,82.08,15.6,29.03,29.83,109.58,,
0.684344691,5-17-2016,7,1,10,11.4,8.62,79.28,7.44,29.41,30.21,275.75,,
0.274346144,9-30-2017,11,0,10,19.13,7.01,45.12,6.72,29.61,30.41,4456.75,,
0.196548027,9-24-2016,11,0,10,28.76,20.42,60.76,5.04,29.34,30.14,3978,,
0.906075852,02-03-2017,6,0.16,10,-7.28,-11.67,21.58,7.72,8.54,30.43,0.79,,
0.061984248,08-06-2017,6,1,10,17.78,16.71,90,4.28,29.25,30.04,35.46,,
0.283641162,1-16-2017,13,1,0.17,5.09,4.88,99.84,2.68,29.28,30.07,345.5,,
0.725245679,9-13-2016,17,0.29,10,27.71,20.03,62.04,3.76,29.27,30.06,1130.5,,
0.918203095,05-02-2016,11,1,9.92,11.88,8.6,76.48,8.08,29.26,30.05,1170.25,,
0.676979576,03-10-2017,17,0.16,10,1.2,-16.87,24.72,12.48,29.6,30.4,159.83,,
0.238341659,08-07-2017,9,0.98,10,22.04,17.1,71.26,8.85,29.24,30.03,1960,,
0.85737217,11-20-2016,12,0,10,1.03,-5.1,63.72,9.24,29.53,30.33,4160,,
0.49544953,2-15-2016,7,1,3.08,-3.83,-4.14,94.56,6.72,29.14,29.93,88.08,,
0.765424937,2-15-2017,17,0,10,3.25,-5.69,51.05,10.84,29.12,29.91,41.69,,
0.516992102,12-31-2016,7,0.57,10,3.33,-2.9,61.36,15.36,28.89,29.67,72.95,,
0.820827882,5-18-2017,8,0.53,10,25.51,18.83,64.48,18.84,29.04,29.83,2048.75,,
0.335942915,9-22-2017,17,0.22,10,28.8,19.36,55.85,7.33,29.24,30.04,217.5,,
0.529091238,5-24-2017,6,1,2.33,13.7,13.68,96.23,6,28.78,29.56,139.48,,
0.325562814,03-11-2016,6,0,6.44,2.25,2.21,93.68,4.48,29.54,30.34,99.7,,
0.775067433,3-14-2017,7,0.99,10,-6.17,-7.26,85.8,7.36,29.45,30.25,12.66,,
0.964683708,07-10-2017,16,0.9,10,30.64,23.91,67.24,10,29.05,29.84,2622.5,,
0.866751984,05-01-2016,12,1,7.08,15.43,13.27,89.88,1.28,29.17,29.96,1994.75,,
0.138452519,10-23-2016,14,0.14,5.84,24.21,11.41,42.88,19.16,29.14,29.93,3633.5,,
0.770780701,6-14-2016,6,0.77,5.86,22.13,21.82,92.86,7.93,29.11,29.9,39.56,,
0.734615557,3-19-2016,9,1,10,5.41,0.96,72.16,7.72,29.34,30.14,2003,,
0.907598089,05-09-2017,13,0.71,10,24.74,17.05,69.85,11.48,29.09,29.88,4181.5,,
0.575727795,9-22-2017,16,0.17,10,30.42,19.96,53.32,11.85,29.24,30.03,648.75,,
0.793534815,1-31-2017,10,0.73,10,4.99,1.38,75.88,19.08,29.05,29.84,2407.25,,
0.553776326,03-12-2017,8,0,10,-2.43,-12.26,47.04,1.08,29.68,30.48,1502,,
0.044392908,04-09-2017,15,0,10,24.12,13.73,50,29.32,28.95,29.73,2698,,
0.846001145,03-07-2017,15,0,10,11.52,0.18,44.8,19.44,29.2,29.99,2933.25,,
0.596712927,7-29-2016,14,0.44,10,27.07,21.9,71.45,10.44,29.11,29.9,3649.25,,
0.324840464,1-29-2017,14,1,7.88,-1.79,-5.55,74.28,12.92,29.06,29.86,586.25,,
0.782621467,11-23-2016,16,1,4.69,8.01,7.98,96.44,6.51,29.12,29.92,8.04,,
0.543308374,1-17-2017,9,1,4.11,5.93,5.91,96.56,14.37,29.13,29.92,437.25,,
0.284378481,11-07-2016,15,0.42,10,18.78,9.31,53.32,2.28,29.47,30.27,745.5,,
0.008293479,04-03-2017,6,0.98,10,11.72,9.14,77.56,7.72,28.82,29.6,5.63,,
0.095464442,07-08-2017,16,0.44,10,27.04,13.84,43.36,7.36,29.24,30.03,3057.75,,
0.785175392,5-22-2016,9,0,10,23.89,4.82,27.28,8.24,29.31,30.11,3202.75,,
0.221526617,03-06-2017,6,1,10,10.95,8.36,79.76,17.2,29.23,30.02,11.28,,
0.666140209,04-09-2017,16,0,10,23.19,12.73,49.16,30.36,28.95,29.73,2073.25,,
0.505726309,8-25-2017,10,0,10,21.18,11,51.64,8.32,29.45,30.25,3756.5,,
0.63231835,03-06-2017,10,1,9.88,12.91,11.91,91.76,21.8,29.19,29.98,316.25,,
0.459737724,4-28-2017,13,0.92,8.92,13.08,12.2,90.96,14.04,29.07,29.86,731.5,,
0.16074022,06-07-2017,7,0,10,17.68,10.8,63,12.92,29.3,30.09,1184.25,,
0.5456755,02-11-2016,17,0,10,-5.62,-13.46,52.72,0,29.51,30.31,27.93,,
0.36037675,2-29-2016,15,0,10,14.48,2.34,20.67,19.68,8.52,29.93,2665.25,,
0.01121468,9-20-2016,13,0.48,10,31.16,19.52,46.6,1.84,29.32,30.11,3140,,
0.180303954,08-10-2017,9,0,10,25.81,17.71,58.24,8.64,29.33,30.12,2917.75,,
0.829625578,2-15-2016,9,1,2.98,-2.65,-2.8,94.56,7.16,29.13,29.92,1000.5,,
0.23358597,10-31-2016,13,0.05,10,18.13,13.17,70.35,12.23,29.23,30.02,3443.5,,
0.208282765,4-22-2017,14,0,10,17.12,0.28,29.84,20.2,29.29,30.08,4687.5,,
0.787715028,02-04-2017,11,0.14,10,-0.15,-11.38,41.52,18.8,29.54,30.34,2023,,
0.550036327,1-27-2017,9,1,10,-0.92,-3.62,78.72,15.4,29.17,29.96,310.5,,
0.519951775,09-03-2016,16,0.63,10,25.53,14.94,49.44,6.84,29.34,30.13,2303,,
0.241863215,9-28-2017,10,0.14,10,18.98,11.06,60.68,2.12,29.41,30.21,3847.75,,
0.374269131,5-28-2016,14,0,10,26.29,19.88,64.44,19.04,29.17,29.96,3436.5,,
0.226054107,07-06-2016,13,0,10,25.6,16,55.28,6.2,29.06,29.85,4459,,
0.678324869,08-02-2017,12,0.69,10,28.12,18.87,54.25,4.92,29.26,30.06,4474.75,,
0.927955994,12-19-2016,16,0,10,-8.15,-12.37,68.53,7.08,29.83,30.63,42.45,,
0.021127684,04-06-2016,12,1,3.65,9.68,9.13,94.62,16.69,28.83,29.61,253,,
0.372943854,3-30-2017,13,0.98,9.11,18.7,16.37,88.53,9.37,28.75,29.54,2451.75,,
0.210208517,5-13-2016,16,0,10,20.69,8.45,42.84,10.56,29.13,29.92,2608.75,,
0.648101436,5-20-2017,7,1,2.05,13.12,12.65,97.54,11.29,29.2,30,42.08,,
0.221141035,02-06-2017,6,0,9.92,-2.01,-2.47,88.72,6.32,29.21,30,2.44,,
0.618163357,03-07-2017,16,0.14,10,11.15,-1.32,40.76,19.76,29.22,30.01,1470.25,,
0.391478088,11-07-2016,13,0,10,19.82,8.27,45.8,6.8,29.48,30.28,2242.5,,
0.529771671,5-14-2017,17,0,10,27.32,9.77,31.2,12.56,29.07,29.86,1835.25,,
0.840019061,06-10-2017,14,0,10,30.49,10.33,27.24,18.48,29.11,29.9,4458.25,,
0.321073089,09-12-2017,15,0,10,24.81,10.19,38.04,14.36,29.04,29.83,1693.75,,
0.617725865,08-02-2017,17,0.66,10,27.59,20.53,62.8,3.64,29.21,30,1168.75,,
0.506068742,1-14-2017,15,1,4.38,-0.13,-0.97,91.47,8.35,29.63,30.43,216.25,,
0.125561209,6-15-2016,6,0.52,6.65,23.38,22.27,96.58,7.04,29.03,29.82,120.73,,
0.961498291,3-13-2017,12,1,6.89,-0.87,-1.98,86.23,10.15,29.31,30.11,81.68,,
0.88354372,6-30-2017,14,0.14,10,28.28,20.67,61,8.2,29.04,29.83,1068.25,,
0.361939935,2-22-2017,9,0.99,0.66,12.21,12.55,99.01,7.55,29.04,29.84,2319.75,,
0.607430459,08-07-2016,8,0.44,10,22.86,15.6,64,8,29.24,30.06,1606.75,,
0.503672215,04-05-2017,16,1,6.63,9.33,8.47,95.66,18.89,28.74,29.52,117.18,,
0.464830002,1-13-2017,7,0,10,-5.65,-8.05,79.76,10.64,29.85,30.66,124.26,,
0.380124224,12-09-2016,7,0.04,9.96,-4.96,-8.33,21.58,10.28,8.54,30.55,77.33,,
0.235644293,01-05-2017,14,0.99,6.69,-10.05,-13.64,72.35,5.84,29.25,30.04,153.75,,
0.245875839,03-10-2016,10,0.38,8.92,9.37,7.19,44.41,12.54,15.97,30.08,746.25,,
0.849786789,10-03-2016,9,1,9.04,18.69,14.74,78.12,0.28,29.33,30.12,1189,,
0.519965156,06-02-2016,7,0,10,22.02,14.92,61.24,2.24,29.28,30.07,910,,
0.202850405,7-14-2017,8,0,10,23.9,19.99,79.76,8.04,29.32,30.12,2154.25,,
0.383697079,11-27-2016,17,1,10,6.48,4.93,85.76,15.04,29.13,29.92,0,,
0.773931927,12-03-2016,11,1,10,2.27,-1.41,74.43,7.04,29.57,30.37,943.25,,
0.743671714,10-02-2017,17,0,10,25.44,8.82,33.52,9.8,29.37,30.17,694.75,,
0.790489815,8-25-2017,14,0,10,23.92,10.72,43.4,8.6,29.41,30.21,4128.25,,
0.754461588,02-12-2016,16,0.31,10,-2.99,-11.06,51.92,22.24,29.42,30.22,674.25,,
0.089434804,3-13-2017,17,1,3.26,-1.22,-2.19,88.83,12.41,29.32,30.12,34.38,,
0.843017204,09-07-2017,16,0.01,10,21.48,8.02,40.52,12.52,29.27,30.06,2505.75,,
0.281758235,03-08-2017,6,0,10,1.73,-1.73,70.84,10.8,29.33,30.12,162.82,,
0.386431619,12-03-2016,14,1,10,2.77,-1.18,75.64,5.64,29.54,30.34,780.25,,
0.022546872,1-27-2017,10,1,10,-0.93,-3.39,79.68,13.76,29.17,29.96,314.5,,
0.123206334,06-12-2017,10,0.44,10,30.29,20.24,52.6,8.92,29.22,30.01,3903,,
0.726934298,06-05-2017,15,0.14,10,31.59,13.54,34.09,18.04,28.97,29.76,3873.25,,
0.572808984,05-03-2017,9,0.01,10,10.27,4.98,65.48,7.72,29.38,30.18,1542.5,,
0.282311685,08-01-2017,15,0.85,10,24.5,16.22,59.3,5.31,29.28,30.07,1367.75,,
0.078875742,1-30-2017,10,0,10,-3.67,-6.97,69.47,7.32,29.26,30.05,972,,
0.832664265,1-18-2017,15,0.92,10,4.69,2.6,85.84,13.08,29.31,30.1,403.75,,
0.353518634,7-19-2017,7,0.83,7,23.45,22.36,99.76,1.92,29.34,30.14,470.38,,
0.814980883,11-09-2016,11,0.42,10,11.47,7.01,71.44,11.28,29.54,30.34,3513,,
0.986090118,3-13-2017,14,1,4.16,-0.67,-1.76,88.85,10.31,29.29,30.09,64.75,,
0.312511807,6-27-2016,16,0,10,30.88,18.68,45.12,12.36,29.25,30.04,2966.25,,
0.968636522,01-03-2017,14,1,6.44,3.9,3.72,94.85,16.23,28.98,29.77,157.38,,
0.775378672,1-17-2017,11,1,10,6.19,5.81,93.68,15.68,29.13,29.92,470,,
0.474884569,05-08-2017,17,0,10,18.46,9.1,53.16,7.04,29.21,30,1704.5,,
0.451849726,3-25-2016,10,0.83,10,3.19,-0.95,71.92,5,29.31,30.1,4050,,
0.331591809,7-14-2016,13,0,10,26.75,12.71,42.88,8.06,29.15,29.95,4447,,
0.585156534,09-11-2016,12,0.01,10,23.53,10.51,42.68,0,29.41,30.21,4553.5,,
0.89802312,04-11-2017,6,0.96,9.92,9.55,8.45,88.58,4.73,29.36,30.16,78.85,,
0.719881401,02-04-2017,6,0,10,-10.59,-12.45,83.84,0.24,29.64,30.44,0.77,,
0.362592259,6-24-2017,6,0,10,17.41,14.84,83.04,8.32,29.2,29.99,77.23,,
0.302521474,7-24-2016,11,0.19,10,30.79,25.6,75,14,29.15,29.97,3812.75,,
0.485157151,4-15-2016,11,0,10,22.11,1.47,24.24,9.48,29.39,30.18,3495.5,,
0.917275917,08-03-2016,16,0,10,29.05,22.2,63,7,29.2,30.02,2056.75,,
0.524442072,2-26-2017,17,0.46,10,6.7,-5.42,40.84,20.04,29.26,30.05,52.86,,
0.421236195,9-24-2016,6,0.96,1.46,19.25,19.82,95.71,7.39,29.35,30.15,3.8,,
0.74795844,7-19-2017,9,0.14,10,27.5,24.31,83.6,5.68,29.34,30.13,3016.5,,
0.814624905,10-08-2017,14,0.17,10,25.77,11.76,41.72,9.6,28.96,29.75,3334.25,,
0.46799524,05-11-2016,9,0.97,5.92,19.26,18,95.08,7.58,29.26,30.05,1755.5,,
0.040173301,1-15-2017,6,0.31,4.68,-1.59,-2.59,94.28,0.12,29.63,30.43,0,,
0.755584044,1-13-2017,15,0,10,-0.84,-4.15,74.76,15.32,29.83,30.63,461,,
0.56174288,3-26-2016,17,0,10,15.42,3.1,41.72,10.16,29.27,30.06,1619.25,,
0.018233712,7-16-2016,17,0.01,10,22.11,7.69,33.23,1.11,29.3,30.1,1959.5,,
0.130506271,3-24-2016,12,0.83,10,13.2,9.36,74.51,25.12,28.71,29.49,1427,,
0.424668645,4-22-2016,16,0.92,7.04,14.3,10.33,77.04,13,29.26,30.05,1675.75,,
0.851338997,06-02-2017,14,0,10,29.23,4.64,20.08,5.56,29.27,30.06,4372.5,,
0.15171723,10-25-2017,6,0,10,2.83,1.31,90,7.04,29.04,29.83,0,,
0.858867356,11-29-2016,9,0,10,9.52,8.48,90.92,10.96,28.82,29.6,2116.5,,
0.991623335,4-18-2016,14,0,9.96,27.61,3.96,19.96,9.4,29.43,30.23,3958,,
0.927940448,07-06-2017,17,0.38,10,29.78,22.56,66.6,3.64,29.17,29.96,669.5,,
0.666435399,02-08-2016,14,1,1.78,-4.87,-6.8,82.31,16.86,28.96,29.76,370,,
0.408844563,5-20-2016,11,0.16,10,20.17,5.51,36.4,12.44,29.3,30.09,1991.5,,
0.653018581,11-10-2016,17,0,10,10.64,6.46,73.04,8.12,29.27,30.06,0,,
0.914903101,1-23-2017,7,0.97,5.77,3.38,2.94,94.54,15,28.92,29.71,63.21,,
0.947304661,11-10-2016,13,0,10,15.42,6.34,54,17.76,29.31,30.1,3584.25,,
0.314586101,4-25-2016,11,0.83,10,25.91,13.16,42.52,20.96,28.97,29.76,3954.25,,
0.902620209,09-04-2017,8,0,10,22.58,18.92,76.12,11.72,29.08,29.87,1449,,
0.21551694,09-07-2017,9,0,10,17.95,10.12,59.6,9.96,29.31,30.11,3162.5,,
0.706355067,4-23-2016,14,0,10,19.03,7.99,47,7.6,29.31,30.11,4500.75,,
0.360401293,02-09-2016,6,1,8.36,-7.32,-9.58,79.56,14.32,29.01,29.8,0.3,,
0.855243431,2-28-2017,10,1,1.58,12.46,12.42,98.24,12.54,29.07,29.86,458.25,,
0.555297589,5-27-2017,7,1,0.62,16.21,16.13,99.04,8.96,29.11,29.91,442,,
0.770558701,5-28-2016,7,0.3,10,21.98,19.85,84.23,15.73,29.15,29.94,576.75,,
0.367561127,2-14-2017,10,0,10,6.58,1.38,69.6,15.08,29.14,29.93,3985.75,,
0.755595114,03-07-2016,7,0.74,10,8.22,5.74,83.96,10.96,29.16,29.95,149.38,,
0.386915424,11-14-2016,10,0,10,13.07,5.71,56.36,14.2,29.19,29.98,3502.75,,
0.287000603,7-20-2016,17,0,10,28.86,23.9,72,7,29.3,30.12,2165.25,,
0.846704136,1-18-2017,8,1,4.84,2,1.71,95.58,7.38,29.38,30.18,105.38,,
0.080367412,7-13-2017,9,0.28,10,25.6,23.47,85,8.72,29.26,30.05,1453,,
0.480922663,07-05-2017,13,0,10,29.12,22.31,65.4,5.72,29.29,30.08,812.25,,
0.028880419,12-14-2016,12,0.83,10,-6.07,-11.93,54.44,13.24,29.39,30.19,195.75,,
0.217903557,01-04-2017,11,0.29,10,-7.02,-11.52,67.88,19.36,29.34,30.13,4162.25,,
0.637484028,06-12-2017,8,0,10,28.43,20.18,60.12,13.68,29.24,30.03,2193.5,,
0.253666372,7-15-2017,17,0,10,25.56,18.02,60.08,1.24,29.27,30.06,2056.5,,
0.385854735,7-17-2016,17,0,10,28.64,25.28,79.18,11.17,29.21,30.01,1591.25,,
0.665106551,1-27-2017,8,1,10,-1.09,-3.33,82.56,13.44,29.18,29.97,203.75,,
0.476075607,07-10-2016,10,0,10,25.15,16.68,58.64,7.36,29.29,30.08,3920.25,,
0.724332081,4-23-2017,14,0,10,21.77,-3.03,18.68,12.36,29.25,30.04,4675,,
0.252639462,8-28-2017,7,1,5.84,19.2,16.59,83.88,3,29.27,30.06,400.75,,
0.042526244,9-20-2016,17,0,10,28.98,19.53,53,4.28,29.31,30.1,1003,,
0.986235667,9-30-2016,14,1,9.54,18.88,16.44,79.47,9.26,29.22,30.01,698.25,,
0.087367532,8-16-2016,13,0.54,10,26.92,22.88,79.44,4.76,29.3,30.09,3879,,
0.306190793,10-29-2016,14,0,10,26.53,15.49,49.52,16.16,29.15,29.94,2842,,
0.626273275,8-24-2017,12,0.42,10,24.94,13.35,47.44,9.72,29.31,30.1,3427,,
0.165109169,3-26-2017,14,0.98,10,15.97,10.03,63.04,17.31,29.06,29.85,2335.5,,
0.687115914,05-06-2017,9,0.56,10,12.55,6.71,65.11,11.5,29,29.8,2275,,
0.467734999,7-13-2016,15,0.19,10,29.92,23.9,65,14,29.03,29.85,3592.25,,
0.417820147,3-29-2016,16,0,10,14.3,-0.07,36.52,12.12,29.41,30.21,2899.5,,
0.235230724,6-17-2016,15,0.01,10,29.9,14.11,34.8,6.12,29.23,30.02,3350.75,,
0.038927019,8-28-2017,9,0.16,10,21.13,18.52,83.88,5.64,29.25,30.04,795.75,,
0.995535567,09-01-2017,17,0,10,20.09,11.18,53.48,11.52,29.29,30.08,2012,,
0.54836283,05-04-2017,17,1,9.84,8.46,7.06,87.92,23.32,29.03,29.82,300.5,,
0.297847089,11-07-2016,6,0.14,10,5.65,5.04,88.04,0.32,29.52,30.32,50.62,,
0.362031654,09-08-2016,8,1,3.12,23.86,23.62,98.11,6.86,29.14,29.94,23.55,,
0.699231765,4-20-2017,16,0.66,10,21.34,11.51,49.88,20.96,29.08,29.87,1914.25,,
0.59053663,3-13-2016,15,0.99,9.79,16.77,15.37,87.54,6.85,28.89,29.67,1359.25,,
0.127769001,1-31-2017,16,0.01,10,4.95,1,21.58,10.28,8.52,29.91,120.95,,
0.059305798,4-28-2017,14,1,6.89,12.53,12.04,92,14.41,29.05,29.84,331.35,,
0.577472145,8-14-2016,12,0.15,10,24.47,21.45,77.08,5.04,29.29,30.08,1458.25,,
0.214496769,10-04-2017,15,1,9.92,23.69,21.05,85.5,8.65,29.46,30.26,630.75,,
0.278354994,9-25-2016,9,0.48,9.92,26.29,20.77,70.28,6.72,29.29,30.08,2573.25,,
0.936609284,9-19-2017,7,1,9.7,20.01,19.94,97.96,0,29.17,29.96,65.08,,
0.290098889,07-01-2016,9,0.63,10,21.36,16.39,69.6,12.56,29.27,30.06,3433,,
0.137434185,2-23-2016,12,0,10,8.32,-0.86,51.92,15.44,29.23,30.02,4407,,
0.202026027,12-29-2016,10,0,10,2.17,-1.25,76.6,22,29.18,29.97,3244.75,,
0.235973372,07-10-2017,6,0.7,10,23.56,20.6,80.8,9.72,29.15,29.94,43.88,,
0.141225668,6-28-2016,16,0.64,10,24.59,15.33,54.48,10.8,29.31,30.11,2500,,
0.420430575,4-19-2017,15,0.17,10,27.72,16.62,21.02,10.92,8.52,30.01,922,,
0.84848103,8-13-2016,16,1,10,25.46,22.36,78.24,7.76,29.12,29.91,1495.25,,
0.232360888,03-01-2017,9,1,6.6,7.2,6.59,92.4,27.16,28.84,29.62,264.25,,
0.471536853,11-08-2016,7,1,10,12.53,10.5,84.68,6.76,29.42,30.22,53.83,,
0.002594568,01-10-2017,8,1,8.96,5.26,4.43,94.43,21.27,28.89,29.67,47.5,,
0.437183735,2-27-2016,13,0,10,10.19,3.49,62.84,19.28,29.2,29.99,4439.25,,
0.292887554,12-15-2016,11,0,10,-10.85,-18.34,51.72,9.84,29.69,30.49,3370.75,,
0.390984065,8-27-2016,15,0.55,10,30.07,24.5,70.64,7.32,29.25,30.04,2420,,
0.043611091,04-10-2017,9,0,10,20.5,13.25,60.36,16.72,29.14,29.93,2528,,
0.105294536,3-13-2016,9,1,2.49,13.68,12.87,99.74,7.89,28.97,29.76,180.25,,
0.759153704,9-13-2016,7,0,10,18.07,15.8,86.04,0.2,29.31,30.11,526.5,,
0.367505444,5-17-2017,12,0,10,27.72,13.36,38.92,23.68,28.95,29.74,2641.25,,
0.277283211,7-24-2016,14,0,10,31.21,25.6,68,10,29.13,29.95,3987.75,,
0.870536158,9-27-2017,13,0,10,23.11,11.72,49.56,10.36,29.3,30.09,2605.75,,
0.381541442,03-04-2016,8,0,10,-1.16,-4.99,74.76,7.44,29.41,30.21,2757,,
0.052052103,06-02-2016,10,0,10,25.58,10.86,39.2,2.56,29.29,30.08,2787.75,,
0.424735767,6-27-2017,12,0.01,10,22.66,7.83,38.8,4.48,29.35,30.14,1583.75,,
0.191233765,10-27-2017,9,0.89,10,5.66,-0.69,64.92,14.48,29.11,29.9,891.75,,
0.391492437,9-19-2016,6,0,10,14.03,13.33,91.92,0.12,29.28,30.07,18.1,,
0.621701662,04-10-2016,7,0.73,10,5.1,-1.8,62.04,21.04,29.17,29.96,285.75,,
0.502403767,9-24-2016,16,0.42,7.44,29.87,20.22,57.36,8.6,29.28,30.08,1618,,
0.978063001,02-07-2016,17,0.15,10,5.74,2.05,71.64,12.44,29.04,29.83,19.33,,
0.368002356,6-17-2017,8,0.14,10,24.53,20.63,77.2,9.84,28.92,29.71,437,,
0.501699223,07-12-2017,12,0.65,10,31.17,25.86,70.15,9.51,29.18,29.98,3102.5,,
0.817437385,4-30-2016,11,1,2.81,12.58,11.88,95.38,15.23,29.07,29.87,590.75,,
0.621951783,5-19-2016,12,0.14,10,20.89,3.75,30.68,2.88,29.37,30.17,4446.75,,
0.104621925,9-13-2017,9,1,4.84,17.54,17.34,97.34,5.89,28.99,29.78,332,,
0.251337071,6-23-2017,12,0.92,10,23.63,20.23,79.54,9.96,28.95,29.74,259.75,,
0.621823308,9-23-2016,11,0,10,30.08,18.66,48.24,2.68,29.29,30.08,4051.25,,
0.523998133,6-27-2016,12,0,10,25.19,3.15,21.55,9.41,29.3,30.09,4539.25,,
0.759337493,3-15-2017,12,0,10,-2.73,-9.15,58.2,12.04,29.61,30.41,2666,,
0.155216366,10-20-2017,15,0,10,25.58,8.42,34,10.88,29.31,30.1,2569,,
0.243536298,3-14-2016,12,1,7.44,13.39,12.21,91.8,7.44,28.92,29.71,1020.75,,
0.63659795,8-25-2017,9,0,10,19.37,11.43,57.72,7.68,29.45,30.25,2133.5,,
0.260520191,10-18-2017,11,0,10,19.96,7.04,43.76,13.44,29.39,30.19,4248.25,,
0.956281252,06-08-2017,9,0,10,23.35,8.96,37.96,3.72,29.25,30.04,3395.5,,
0.199496457,8-18-2016,10,0.45,10,28.23,23.63,73.68,5.68,29.3,30.09,2399,,
0.05311691,6-17-2016,7,0,10,20.69,16.69,75.88,13,29.23,30.03,1051.5,,
0.52391212,2-20-2017,16,0,10,20.25,11.5,56.68,15.72,29.21,30,336.75,,
0.764997038,04-07-2016,11,1,10,5.74,0.15,68.62,16.34,28.95,29.73,1734,,
0.999320225,09-07-2016,17,0.14,10,29.2,22.98,65.56,8.44,29.2,29.99,675.75,,
0.206368648,06-05-2017,10,0,10,30.52,11.41,29.44,3.84,28.99,29.78,4149,,
0.389462631,05-09-2017,12,0.88,10,24.24,16.58,64.4,4.36,29.09,29.88,4673.75,,
0.93114246,8-19-2017,13,0.15,10,29,17.52,48.76,4.36,29.17,29.96,3102.75,,
0.375521383,1-28-2017,8,1,7.04,-1.13,-2.56,87.56,10.64,29.04,29.83,171.25,,
0.07843242,5-14-2017,6,0,9.96,17.97,12.15,69.56,5.68,29.14,29.93,215.3,,
0.221724703,01-02-2017,14,1,1.89,7.9,7.62,99.84,8,29.15,29.94,201.5,,
0.706480543,11-23-2016,6,1,3.77,4.62,4.29,96,14.92,29.24,30.03,0,,
0.54399531,3-21-2016,12,0.63,10,9.26,-2.46,43.36,12.8,29.4,30.2,4096.5,,
0.636500232,02-10-2017,6,0,10,-3.74,-6.73,78.72,15.84,29.34,30.13,0,,
0.99923359,09-10-2017,14,0,10,23.56,8.14,36.2,9.28,29.54,30.34,4322.5,,
0.953814502,02-08-2017,14,1,0.71,-1.56,-2.11,92.56,14.52,29.14,29.93,26.03,,
0.858894651,02-09-2017,8,0,10,-12.24,-16.02,76,9.24,29.52,30.32,93.2,,
0.717481809,6-14-2017,10,0.29,10,32.02,22.39,55.76,11.28,29.15,29.94,3729.25,,
0.805610642,5-14-2017,11,0,10,27.22,11.67,36.72,13,29.15,29.94,4607.75,,
0.716912021,7-29-2017,9,0,10,20.5,13.54,60.92,10.56,29.31,30.11,3382,,
0.307397048,10-18-2017,17,0,10,17.51,8.16,54.41,8.88,29.31,30.1,367.7,,
0.304345441,2-18-2017,9,0,10,11.95,4.92,55.36,12.68,29,29.79,2239.25,,
0.773007094,06-11-2017,10,0,10,29.39,16.87,44.8,16.52,29.23,30.02,4076.5,,
0.919180452,07-10-2016,6,0,10,19.04,16.42,81.44,0.12,29.31,30.11,200.5,,
0.911232251,03-02-2016,13,0,10,1.46,-11.14,37.96,8.12,29.36,30.16,4055.75,,
0.334228346,3-15-2016,7,0.97,0.68,10.57,10.62,98.72,10.04,28.96,29.75,192.08,,
0.10659967,09-11-2017,15,0,10,22.64,10.48,45.84,11.6,29.34,30.14,2716.75,,
0.523529201,9-15-2016,11,0.54,10,26.47,18.77,62.12,6.4,29.39,30.19,3739.25,,
0.929652502,10-16-2016,17,0.48,10,20.28,18.91,87.96,8.04,29.09,29.88,311.35,,
0.77521982,10-26-2016,6,0.17,10,9.07,7.6,89.08,8.52,29.39,30.19,0,,
0.854160932,12-15-2016,13,0,10,-8.98,-18.79,41.47,10.64,29.67,30.47,2099.75,,
0.006130944,10-22-2016,7,0.14,10,3.08,1.25,79.24,2.56,29.35,30.15,196,,
0.487528794,10-26-2017,11,0,10,15.03,7.04,59.12,13.76,29.02,29.81,4083,,
0.858046854,4-14-2016,6,0,10,4.71,1.42,79.28,7.68,29.45,30.25,51.76,,
0.403501779,10-28-2016,9,0,10,11.63,9.26,81.92,14.76,29.45,30.25,2313.75,,
0.566838236,8-27-2017,12,0.02,10,26.18,14.39,48.08,6.28,29.31,30.1,4351.25,,
0.766049036,07-04-2017,17,0,10,25.09,22.54,86.73,5.36,29.24,30.03,354,,
0.525961914,5-28-2017,15,0.41,10,25.57,14.54,48.68,18.28,28.98,29.77,3125.5,,
0.696934273,04-09-2017,7,0,10,14.86,6.86,59.8,18.4,29.08,29.87,400.75,,
0.506357057,5-15-2016,17,0,10,13.55,-3.04,30.6,6.44,29.36,30.15,1846.25,,
0.670797664,09-11-2017,11,0,10,22.09,10.46,48.48,11,29.43,30.23,4004.75,,
0.204342069,3-16-2017,11,0,10,3.48,-7.49,44.2,7.08,29.55,30.35,4706.75,,
0.976939355,01-12-2017,8,1,10,0.56,0.12,91.88,7.28,29.16,29.95,64.75,,
0.466178138,04-03-2017,10,1,9.15,14.92,12.81,85.07,10.29,28.74,29.52,571,,
0.840044128,02-04-2017,17,1,10,1.07,-8.63,47.68,15.36,29.28,30.07,1.14,,
0.665382612,4-16-2017,15,0.84,9.04,20.04,16.9,79.28,11.44,29.24,30.03,1993.75,,
0.77632978,11-17-2016,14,0,10,23.34,11.85,46.28,20.08,29.01,29.8,1443.25,,
0.462269523,08-02-2016,9,0.44,10,26,21.97,68.32,3,29.31,30.11,1914,,
0.961808688,6-22-2017,8,0.4,10,26.42,22.13,73.31,11.46,29.12,29.91,763.5,,
0.795283434,2-28-2017,11,1,1.74,13.15,13.11,98.44,12.52,29.06,29.85,516.25,,
0.46427328,12-06-2016,9,1,2.64,1.63,0.99,95.12,8.64,28.97,29.77,552.25,,
0.891605158,5-14-2016,6,0.66,10,5.74,2.4,75.48,20.96,29.23,30.02,210.13,,
0.808083629,9-15-2017,17,0,10,28.8,16.26,44.12,5.68,29.2,29.99,795.5,,
0.349697235,3-30-2016,13,0.98,7.43,13.02,9.79,80.1,11.04,29.01,29.8,86.9,,
0.199341764,02-02-2017,6,0,10,-6.93,-11.64,67.76,12.12,29.59,30.39,0,,
0.78701333,01-10-2017,6,1,10,4.03,1.78,85.4,20.4,28.95,29.74,0,,
0.245136144,9-22-2016,17,0,10,28.83,15.28,41.16,5.36,29.2,29.99,405.5,,
0.260796858,5-16-2016,10,0,10,17.42,4.06,38.88,11.88,29.4,30.2,3745.5,,
0.81882755,7-22-2016,11,0,10,27.42,20.6,63,0,29.26,30.08,3595,,
0.709383622,10-08-2016,17,0,10,17.18,5.88,46.28,0.96,29.45,30.25,668.75,,
0.717121654,5-31-2017,9,0,10,21.68,8.38,40.24,14,29.26,30.05,3569.75,,
0.434832004,2-29-2016,8,0,10,2.32,-0.11,82.12,11.6,29.21,30,2518.5,,
0.673530224,7-31-2017,10,0.14,10,27.18,17.47,53.2,5.68,29.41,30.21,3905.25,,
0.577613381,2-20-2017,6,1,0.25,7.04,7.25,99.84,8.72,29.34,30.14,6.23,,
0.856163762,06-05-2016,10,0.9,10,21.45,16.69,72.31,14,28.98,29.77,2347.75,,
0.896268517,02-09-2016,15,1,4.78,-7.12,-10.71,73.38,20.35,29.12,29.91,517.5,,
0.619251338,9-14-2016,11,0.55,10,24.52,19.92,75.12,6.89,29.41,30.22,2418,,
0.667471964,08-07-2017,14,0.15,10,23.63,15.21,57.04,7.6,29.27,30.06,2807,,
0.399478556,05-05-2017,10,0.28,10,12.79,7.02,67,22.12,28.99,29.78,4623.25,,
0.239953689,5-15-2017,11,0,10,28.35,12.96,36.16,11.28,29.15,29.94,4540.75,,
0.248085636,8-25-2016,16,0.64,10,28.71,23.77,73.08,5.72,29.25,30.04,2372.75,,
0.634884768,8-29-2017,9,0,10,22.21,18.3,76.76,5.76,29.26,30.05,3058.75,,
0.648624162,8-25-2016,7,0,10,22.31,21.73,94.48,7,29.27,30.06,637,,
0.340152819,04-04-2016,7,0.98,9.92,3.27,0,78.19,16.42,29.23,30.02,469.25,,
0.368740197,07-09-2016,12,0.54,10,25.62,18.22,61.36,7.36,29.27,30.06,3565.75,,
0.160687661,6-18-2016,16,0,10,30.28,12.4,29.96,9.32,29.38,30.17,2655.25,,
0.363990433,12-09-2016,12,0.04,9.96,-3.25,-8.31,21.18,7.96,8.54,30.54,1226.75,,
0.109775196,2-13-2016,15,0,10,-6.95,-17.08,42.84,8.96,29.74,30.54,1998.5,,
0.724723867,9-17-2017,14,1,10,29.14,19.71,59.25,8.52,29.25,30.04,2377.5,,
0.001951311,7-16-2017,7,0.38,10,22.34,19.1,76.64,1.08,29.25,30.04,1119.75,,
0.906542014,3-23-2017,6,0.63,10,-0.81,-3.49,80.76,7.44,29.58,30.38,2.04,,
0.481968547,3-27-2016,12,0.28,10,18.35,1.74,31.84,11.35,29.07,29.86,2152.5,,
0.902761361,9-29-2016,8,0.99,10,15.82,13.82,87.84,8.12,29.32,30.11,1462,,
0.253994685,7-30-2017,16,0.42,10,27.52,13.73,20.75,5.08,8.53,30.17,2643.5,,
0.066944424,06-05-2017,11,0.28,10,31.64,10.63,26.4,5.64,28.98,29.77,4431.5,,
0.970479152,10-02-2017,10,0.9,10,24.14,11.8,45.56,10.8,29.41,30.21,2747,,
0.060381701,10-02-2017,8,0.72,10,20.5,12.14,58.2,9.08,29.41,30.21,1283,,
0.696714526,6-18-2017,8,1,10,23.56,20.93,85.35,12.3,28.92,29.71,426,,
0.609535444,06-12-2016,14,0.82,10,28.29,9.05,28.83,14.77,29.29,30.08,3775,,
0.669001989,10-07-2017,14,0.99,9.08,26.34,17.15,60.19,21.27,28.81,29.59,1680.25,,
0.54919053,08-11-2017,9,0.84,10,23.09,19.39,78.24,5.36,29.25,30.04,1540.5,,
0.065420055,01-11-2017,17,0.98,2.63,11.87,11.33,99.12,11.44,28.86,29.65,0,,
0.72435973,7-18-2016,6,0.04,10,23.27,21.85,91.16,4.72,29.33,30.12,97.74,,
0.742946685,12-19-2016,9,0,10,-15.16,-18.12,74.08,6.08,29.97,30.78,1421,,
0.211173312,11-15-2016,13,0,10,14.63,7.79,59.44,9.52,29.11,29.9,3151.25,,
0.959642152,8-27-2017,16,0.99,10,26.11,14.56,47.76,0.2,29.27,30.06,1375.25,,
0.772279345,02-12-2016,15,0.74,10,-3.07,-10.04,57.48,22.36,29.41,30.21,1501,,
0.956263673,05-01-2017,7,1,10,12.09,8.15,72.2,15.28,28.72,29.5,576.75,,
0.198036844,01-05-2017,6,1,3.68,-11.48,-13.87,81.32,9.08,29.29,30.08,0,,
0.355358667,5-14-2016,12,1,10,9.52,2.22,59.44,21.36,29.28,30.07,2399.25,,
0.443400177,8-15-2017,9,0.42,10,26.43,21.56,71.04,5.64,29.14,29.93,2820.25,,
0.461265507,11-19-2016,11,1,10,2.42,-1.67,72.76,20.72,29.44,30.24,1266,,
0.365298448,03-11-2017,6,0.18,10,-4.29,-14.88,43.72,7.44,29.67,30.47,200.09,,
0.155825005,7-29-2017,6,0,10,16.2,12.94,78.53,9.28,29.28,30.07,137.9,,
0.387946307,06-01-2017,17,0,10,26.82,2.7,19.3,3.12,29.22,30.02,1962.75,,
0.503647135,3-15-2016,13,0,10,21.86,14.62,63.92,18.12,28.82,29.6,4354,,
0.993097816,01-01-2017,13,0,10,5.09,-4.62,49.16,7.68,29.29,30.08,2900,,
0.299726142,6-26-2017,11,0.16,10,21.74,7.55,38.96,15.4,29.36,30.16,1168,,
0.681705224,10-12-2017,10,1,3.29,15.68,15.37,99.04,3.93,29.36,30.16,858.25,,
0.556781842,03-07-2017,7,0.88,10,10.35,9.24,87.48,16.72,29.07,29.86,454.25,,
0.489062616,11-16-2016,13,0,9.04,16.74,8.51,56,2.04,29.14,29.93,3129,,
0.51056672,12-06-2016,14,0.04,7.12,3.25,1.98,22.25,15.12,8.52,29.84,133.83,,
0.508638838,6-28-2016,15,0.98,10,24.75,15.04,54.08,10.68,29.33,30.12,3116,,
0.49584934,2-19-2017,16,0,10,18.84,7.32,44.56,5.32,29.27,30.06,660.75,,
0.607295273,11-23-2016,12,1,4.65,7.3,6.93,96,8.34,29.13,29.92,182.75,,
0.847517229,4-27-2016,12,0.97,4.24,14.95,12.1,84.96,12.53,28.99,29.79,610.75,,
0.444997961,10-23-2017,11,1,10,12.72,11.45,92.77,16.54,28.96,29.75,499.5,,
0.34548827,06-07-2016,14,0.29,10,23.14,8.12,36.96,12.92,29.08,29.87,3555.75,,
0.472547712,5-22-2016,10,0,10,25.44,4.75,24.12,7.64,29.3,30.09,3936.25,,
0.263943884,6-27-2016,7,0,10,25.57,20.74,73.44,6.96,29.31,30.1,1061.25,,
0.214980715,8-24-2017,7,0,10,17.47,13.72,72.24,3.52,29.31,30.11,705.5,,
0.049152448,09-04-2017,9,0,10,25.83,20.04,69.08,15.56,29.07,29.86,2520.75,,
0.640714345,2-15-2017,7,0,10,-2.23,-5.08,77.04,8.64,29.12,29.91,692.5,,
0.280202413,08-02-2016,12,0,10,27.43,21.1,67,5,29.29,30.11,3170.75,,
0.165975932,09-04-2017,17,0.66,9.88,25.61,21.92,72.84,10.8,28.98,29.77,54.33,,
0.624255247,11-28-2016,11,1,7.17,8.98,8.36,94.54,21.34,28.72,29.51,100.78,,
0.660640605,08-11-2017,8,0.98,10,21.9,18.97,80.74,5.7,29.25,30.04,1029.25,,
0.671664496,11-16-2016,16,0,10,15.7,8.06,56.56,0,29.14,29.93,61.19,,
0.439011371,06-08-2017,8,0,10,22.17,9.56,43.24,2.16,29.27,30.06,2360.75,,
0.464023031,3-24-2016,14,1,10,10.28,7.36,76.7,23.46,28.76,29.54,1329,,
0.900133976,3-26-2016,12,0,10,13.02,4.54,57.24,13.04,29.32,30.11,4716,,
0.434647696,4-19-2016,10,0,10,23.28,8.65,37.68,8,29.39,30.18,1918,,
0.905178646,03-02-2017,13,0.73,10,4.04,-4.3,55.28,17.44,29.5,30.3,3202.75,,
0.760094114,5-18-2017,15,0.02,10,30.82,15.57,37.16,14.6,29.06,29.85,1893.75,,
0.294232645,8-16-2017,15,0.64,10,26.91,23.68,78.6,8.96,29.13,29.92,932,,
0.879337422,7-22-2016,16,0,10,28.99,23.3,70,5,29.2,30.02,2804.25,,
0.011569477,10-07-2017,12,0.75,10,28.36,17.6,52.8,22.96,28.85,29.63,3123.25,,
0.490803363,6-27-2017,7,0,10,17.44,11.66,69.4,0,29.38,30.17,385,,
0.376440677,10-15-2017,8,1,10,13.23,11.37,87.76,21.6,29.19,29.98,65.15,,
0.929283722,8-27-2017,13,0.15,10,26.75,15,48.84,6.32,29.28,30.07,3572.75,,
0.26199655,10-26-2017,14,0,10,18.42,6.57,46.72,19.4,28.91,29.69,3632.75,,
0.939788712,6-26-2017,6,0,10,15.01,11.76,74.47,5,29.37,30.17,77.98,,
0.732184417,05-10-2016,11,1,10,19.74,17.47,82.4,13.36,29.09,29.88,1772.5,,
0.824379389,01-11-2017,13,1,0.25,6.47,5.88,99.84,14.8,28.94,29.72,383,,
0.685432711,6-28-2017,10,0,10,24.72,15.4,54.56,15.72,29.25,30.04,1005.75,,
0.611881873,3-16-2017,17,0,10,5.9,-2.86,52.04,8.36,29.43,30.23,1323.75,,
0.814065383,11-04-2016,9,0,10,12.1,6.89,69.44,6.76,29.65,30.45,2539,,
0.819406776,11-15-2016,11,0,9.96,12.22,7.65,68.12,7.08,29.13,29.92,4005.25,,
0.667364881,04-05-2016,17,0.98,10,9.43,-2.24,42.84,15.04,29.4,30.2,1010.75,,
0.219016037,05-10-2016,9,0.98,10,19.14,16.81,84,14,29.08,29.87,2024.5,,
0.604148035,02-11-2016,16,0,10,-5.24,-13.56,49.6,1.92,29.51,30.31,570.75,,
0.559720539,9-14-2016,15,0.55,10,26,18.59,63.92,9,29.37,30.17,2400.5,,
0.697328999,11-03-2016,6,1,3.85,15.95,15.36,96.45,8.89,29.36,30.16,0,,
0.333019268,2-20-2016,16,0,10,19.26,5.58,41.13,7.44,29.13,29.92,909.5,,
0.459898088,8-20-2017,10,0.14,10,28.47,22.4,69.88,4.72,29.27,30.06,1414.75,,
0.964361175,11-05-2016,15,0,10,16.9,8.96,55.6,6.2,29.54,30.34,1832.75,,
0.35968394,10-19-2016,11,0.55,10,20.04,11.29,55.64,6.08,29.3,30.1,1136.75,,
0.278768776,04-09-2017,8,0,10,17.3,7.92,52.16,19.88,29.07,29.86,1781.75,,
0.105999011,4-26-2016,8,0.42,10,22.13,16.19,67.88,3.16,28.99,29.78,1341.75,,
0.428781066,5-23-2016,14,0,10,27.85,3.54,19.39,7.12,29.17,29.97,4060.75,,
0.18046503,9-19-2016,15,0,10,30.32,11.96,30.04,10.64,29.23,30.02,3385.5,,
0.756280625,05-11-2017,10,1,10,14.92,12.65,87.84,9.32,29.14,29.94,0,,
0.434191298,01-06-2017,9,0,10,-15.78,-19.08,71.32,0.24,29.49,30.29,418.75,,
0.110628388,7-21-2016,13,0.44,10,31.96,26.98,73.12,9.53,29.29,30.08,2539.75,,
0.326221792,5-29-2017,13,0.43,10,27.69,6.6,25.32,19.72,29.09,29.88,4571,,
0.845023242,03-04-2016,15,0.38,10,4.33,-2.34,61.92,4.8,29.35,30.15,2114.25,,
0.218396664,5-28-2017,6,0.6,6.74,18.07,17.34,92.67,2.89,28.95,29.74,318.25,,
0.033418756,10-24-2017,7,1,10,7.82,5.84,87.56,10.84,28.88,29.67,9.08,,
0.47756894,7-23-2016,12,0.44,10,30,23.9,70,6,29.2,30.02,3963.25,,
0.823470147,10-11-2016,8,0,10,16.58,11.56,70.96,7.88,29.45,30.25,1347,,
0.246751876,7-27-2016,12,0,10,28.64,20,57,0,29.21,30.03,4161.5,,
0.177707111,4-15-2017,8,0,10,21.68,16.38,71.08,14.92,29.29,30.08,1606.75,,
0.192783667,11-22-2016,8,0,10,1.44,-0.85,81.88,10.12,29.5,30.3,1564.5,,
0.608102913,3-21-2017,8,0,10,7.74,2.73,72.6,11.08,29.38,30.17,1408.25,,
0.788776339,02-09-2017,6,0,10,-13.07,-15.22,73.96,8.08,29.46,30.26,0,,
0.871931592,05-11-2016,6,1,0.12,14.78,14.75,100,2.03,29.21,30,259.35,,
0.621387042,9-15-2017,9,0,10,24.35,19.71,74.72,7.32,29.27,30.06,2925.25,,
0.207183624,09-03-2016,12,0.64,10,25.07,14.48,50.48,7.08,29.39,30.18,3382,,
0.107737776,09-04-2017,16,0.99,10,28.55,21.76,65.93,11.77,28.96,29.75,434.25,,
0.58804475,11-26-2016,7,0.14,4.4,0.69,1.21,95.72,2.68,29.59,30.39,386.28,,
0.823547266,06-09-2017,9,0.28,10,26.79,11.73,37.88,15.08,29.1,29.89,3292.25,,
0.481520688,03-01-2017,17,1,10,4.69,0.08,69.8,28.16,29.12,29.91,48.8,,
0.04487703,1-14-2017,17,1,6.96,-0.35,-1.42,90.76,6.12,29.65,30.45,0,,
0.965333601,7-31-2017,11,0.62,10,27.62,17.18,51.28,5.04,29.4,30.2,4184.5,,
0.253239504,6-22-2017,13,0.75,10,28.81,22.57,64.84,15.84,29.05,29.84,963.75,,
0.520555214,5-27-2016,11,0.3,10,25.42,18.98,63.92,21.92,29.12,29.91,2411.25,,
0.613940122,10-03-2016,14,0.99,10,21.88,12.68,54.72,1.84,29.27,30.06,1891.25,,
0.49531057,10-15-2016,6,1,1.73,15.6,15.42,96.81,9.62,29.31,30.1,0,,
0.32956257,04-12-2016,11,0,10,8.68,-3.08,43.04,7.44,29.56,30.36,4702.25,,
0.955804253,4-23-2017,8,0,10,13.6,1.1,42.56,10.76,29.33,30.12,2392,,
0.391189658,5-21-2016,12,0,10,23.89,4.01,25.88,12.8,29.3,30.09,4400,,
0.902835638,05-04-2016,13,0.98,10,13.89,5.3,56.08,19.88,28.99,29.78,3123.5,,
0.117630642,04-04-2017,10,1,10,12.26,10.21,86.08,14.44,28.96,29.75,1720.25,,
0.014831106,5-23-2016,15,0,10,27.75,3.41,19.12,8.36,29.16,29.95,3426.5,,
0.188512367,09-04-2016,16,0,10,26.78,16.59,56.28,6.6,29.34,30.13,1969.25,,
0.052130106,1-20-2017,17,1,8,9.6,9.48,94.92,6.36,28.85,29.64,0,,
0.968090915,04-06-2017,13,0.98,10,10.59,3.54,62.84,21,29.1,29.89,4211.5,,
0.438270639,6-23-2016,13,0.5,10,30.74,23.16,62.03,12.24,29.09,29.88,3855.75,,
0.645211934,4-27-2017,16,1,10,10.2,5.9,72.92,12.44,28.98,29.77,1371.25,,
0.317541566,12-04-2016,13,1,1.13,0.58,0.63,97.29,7,29.13,29.92,52.33,,
0.3918488,03-01-2017,13,1,9.93,5.93,3.26,82.05,29.59,28.97,29.76,1284.5,,
0.337978813,01-11-2017,15,1,0.19,9.85,8.38,98.46,12.8,28.87,29.66,107.25,,
0.557949611,3-23-2017,8,1,10,2.1,-4.15,65,13.08,29.59,30.39,732.5,,
0.033831229,05-07-2016,7,0.14,10,19.84,11.56,55.08,22.4,28.98,29.77,889.75,,
0.944260862,1-30-2017,16,0.05,10,1.58,-2.2,23.61,15.96,9.3,29.83,285.5,,
0.640894349,5-28-2016,8,0.76,10,22.33,19.67,80.8,16.96,29.17,29.96,812,,
0.070123569,2-21-2017,7,1,10,11.99,9.99,82.88,4.44,29.18,29.97,80.2,,
0.919103234,8-17-2017,7,0.31,10,23.21,21.64,87.56,9.96,29.07,29.86,355,,
0.573040384,01-09-2017,12,0,10,-1.1,-5.85,68.76,14.32,29.49,30.29,1445,,
0.141239366,05-05-2017,14,0.01,10,16.46,5.88,48.72,21.72,28.98,29.77,4582.75,,
0.272329885,08-09-2017,10,0,10,25.64,13.25,44.88,4.8,29.41,30.21,3808.75,,
0.984408223,4-19-2016,13,0,10,25.86,5.05,23.32,11.12,29.34,30.13,3595.75,,
0.138105143,04-03-2016,16,0,10,19.12,4.83,38.6,27.48,28.96,29.75,2936,,
0.043721811,12-10-2016,9,0.04,10,-4.42,-8.09,21.7,6.76,8.55,30.56,668.5,,
0.063965461,11-18-2016,14,1,4.39,17.77,16.19,86.31,17.69,29.01,29.8,12.56,,
0.89846409,10-26-2017,7,0.14,10,3.41,2.01,91.44,7,29.07,29.86,151.26,,
0.427064213,10-28-2016,15,0,10,19.19,14.77,70.88,14.72,29.29,30.08,2007,,
0.295712224,7-28-2016,6,0.9,6.1,21.95,20.66,88.8,9.6,29.11,29.93,72.45,,
0.985278039,05-03-2017,17,1,10,9.67,8.2,83.96,3.56,29.31,30.1,373.5,,
0.020956919,4-30-2017,12,0.93,7.89,18.54,17.75,92.93,14.91,28.95,29.75,381.25,,
0.661329329,08-10-2017,16,0.14,10,28.85,18.58,50.6,9.72,29.23,30.02,2433.75,,
0.783675515,2-22-2016,16,0,10,7.97,0.01,55.92,7.64,29.28,30.07,993,,
0.662114392,5-27-2016,7,0.42,10,20.76,19.14,85.92,11.08,29.16,29.95,802.25,,
0.301771658,2-27-2016,14,0,10,11.1,3.63,58.92,18,29.17,29.96,3778,,
0.077798424,4-15-2016,6,0,10,7.73,1.4,64.15,9.4,29.39,30.19,50.97,,
0.769358076,02-06-2017,17,1,0.16,6.44,6.68,98.56,9.8,28.97,29.76,1.69,,
0.4277678,11-26-2016,12,0.72,7.42,8.24,5.54,80.35,11.81,29.53,30.33,1785.25,,
0.461341988,4-28-2016,11,0.9,7.12,18.33,14.78,85.6,4.84,29.05,29.84,2488.75,,
0.194697043,2-26-2017,9,0,10,1.68,-7.15,52.72,18.88,29.31,30.11,2776.75,,
0.983543568,5-16-2017,7,0,10,22.77,16.63,65.2,15.84,29.12,29.91,1018,,
0.079406565,05-03-2017,8,0,10,9.54,4.75,69.32,7.72,29.38,30.17,1102.75,,
0.09755139,7-25-2017,13,0.29,10,27.05,17.92,55.6,3.4,29.38,30.17,3994.25,,
0.703256769,8-13-2017,6,0,9.96,14.2,14.96,91.08,0.12,29.29,30.08,105.63,,
0.181165181,11-25-2016,17,1,7.08,4.89,3.36,85.72,6.04,29.55,30.35,0,,
0.786246444,06-10-2017,12,0,10,29.54,11.16,30.6,18.16,29.14,29.93,4701.75,,
0.973501711,02-01-2017,7,0.04,10,0.98,-0.04,89.8,5.36,29.27,30.06,97.7,,
0.041298396,02-07-2017,8,0.82,8.92,14.7,14.12,92.88,13.44,28.63,29.41,440.25,,
0.201207004,5-15-2016,15,0,10,13.66,-1.86,33.64,11,29.36,30.16,4015,,
0.805223093,03-03-2017,9,0,10,-2.04,-9.52,55.36,7.28,29.82,30.62,3998.5,,
0.670574095,08-04-2017,16,0.91,10,20.68,12.99,60.6,9.52,29.22,30.01,3023.75,,
0.174251942,10-10-2017,13,0.88,10,24.85,16.5,60.24,12.68,29.22,30.01,2209,,
0.481156621,7-30-2017,11,0.42,10,26.73,13.62,42.28,4.68,29.41,30.21,4479.5,,
0.124080159,10-01-2016,8,1,3.15,15.3,14.95,96.49,3.18,29.23,30.02,166.13,,
0.972408459,7-24-2017,11,1,10,24.1,19.06,71.88,7.32,29.22,30.01,2670.25,,
0.684657043,05-07-2016,10,0.54,10,21.29,15.03,75.17,9.84,28.99,29.78,830.5,,
0.373264595,09-01-2017,14,0,10,20.7,12.12,57.88,13.36,29.29,30.08,3426.25,,
0.048478798,5-15-2016,11,0.63,10,12.33,0.47,42.56,15.32,29.38,30.17,4512.5,,
0.950191658,7-15-2016,8,0,10,23.54,18.93,75.68,8.4,29.23,30.02,2049.75,,
0.910445772,04-01-2016,14,0.98,8.4,10.53,5.27,72.93,19.8,29.01,29.8,3261.75,,
0.346000647,07-02-2016,16,0.63,10,18.57,13.54,68.72,4.44,29.34,30.14,1331.5,,
0.745515231,04-05-2017,13,1,10,11.15,10.17,94.8,10.68,28.77,29.55,648,,
0.839447713,05-01-2017,6,0.92,10,11.78,8.79,77.96,10.16,28.73,29.51,195.75,,
0.557544369,1-22-2017,15,1,2.01,8,7.79,95.67,14.88,28.77,29.55,247.25,,
0.174339255,6-29-2016,6,0,10,14.43,10.82,75.2,6.4,29.36,30.16,219.2,,
0.608132244,08-12-2016,14,0.02,10,29.96,25.61,72.2,8.6,29.04,29.83,1960.75,,
0.666430071,5-17-2017,14,0,5.2,27.7,13.84,40.36,28.76,28.91,29.7,3014.75,,
0.219102659,4-29-2017,14,1,4.28,12.94,11.82,92.88,20.36,29.18,29.97,943.75,,
0.739498655,5-24-2016,14,0.41,10,29.11,11.82,30.88,18.12,29.19,29.99,4101.5,,
0.260367388,10-05-2017,17,0.84,9.76,21.48,20.8,90.12,6.2,29.3,30.09,71,,
0.60362629,7-14-2016,16,0.41,10,28.78,22.35,64.78,9,29.12,29.91,2713.25,,
0.791126854,02-05-2016,15,1,10,-0.1,-4.1,72.84,6.36,29.57,30.37,710.25,,
0.952984705,04-08-2017,6,0,10,3.15,0.86,84.09,5.12,29.3,30.09,47.09,,
0.699112443,9-21-2017,11,0.29,10,32.47,23.47,58,6.84,29.26,30.05,3907.5,,
0.687721692,4-20-2016,6,0.75,9.92,12.97,10.16,80.72,9.64,29.28,30.07,87.1,,
0.652497948,9-26-2016,13,0,10,22.5,2.23,25.4,15.04,29.24,30.03,4716.25,,
0.528819015,3-30-2016,10,0.55,10,14.27,4.32,50.28,22.28,29.09,29.88,2011.5,,
0.355518392,09-04-2016,14,0,10,27.46,15.44,47.72,8.24,29.34,30.14,3657.25,,
0.899222587,12-15-2016,17,0,10,-9.6,-18.26,47.92,0.24,29.63,30.43,0,,
0.123084042,2-14-2017,7,0,10,0.84,-0.31,87.56,9,29.14,29.93,558.75,,
0.699759741,10-13-2016,7,0,10,6.52,4.02,79.88,6.32,29.51,30.31,316.25,,
0.880342563,10-15-2016,11,1,4.74,18.65,17.02,90.56,12.96,29.28,30.07,513.5,,
0.045209433,03-08-2016,12,0.28,10,19.62,12.5,60.84,24.04,29.17,29.96,1743,,
0.298665804,05-06-2016,8,0,10,16.08,6.28,47.04,10.32,29.25,30.04,1900.5,,
0.951114478,7-14-2017,15,0.14,10,25.98,17.11,56.4,10.6,29.32,30.12,4069.5,,
0.847319074,9-13-2016,13,0,10,28.5,19,54.56,6.36,29.3,30.09,2350.5,,
0.38840676,12-19-2016,14,0,10,-7.88,-13.14,63.8,8.32,29.85,30.66,1788.25,,
